,id,seq
0,LLPS000480,GRGRGRGRGRGRGRGRGRGRGRGRGRGRGRGRGRGRGRGR
1,LLPS000481,PRPRPRPRPRPRPRPRPRPRPRPRPRPRPRPRPRPRPRPR
2,LLPS000482,PRPRPRPRPRPRPRPRPRPRPRPRPRPRPRPRPRPRPRPRPRPRPRPRPRPRPRPRPRPR
3,LLPS000534,QGTFTSDKESKYLDERAAQDFVQWLLDGGPSSGAPPPS
4,LLPS000625,AVPGVGAVPGVGAVPGVGAVPGVGAVPGVGAVPGVGAVPGVGAVPGVGAVPGVGAVPGVGAVPGVGAVPGVGAVPGVGAVPGVGAVPGVGAVPGVGAVPGVGAVPGVGAVPGVGAVPGVGAVPGVGAVPGVGAVPGVGAVPGVGAVPGVG
5,LLPS000626,TVPGVGTVPGVGTVPGVGTVPGVGTVPGVGTVPGVGTVPGVGTVPGVGTVPGVGTVPGVGTVPGVGTVPGVGTVPGVGTVPGVGTVPGVGTVPGVGTVPGVGTVPGVGTVPGVGTVPGVGTVPGVGTVPGVGTVPGVGTVPGVGTVPGVGTVPGVGTVPGVGTVPGVGTVPGVGTVPGVGTVPGVGTVPGVGTVPGVGTVPGVGTVPGVGTVPGVGTVPGVGTVPGVGTVPGVGTVPGVGTVPGVGTVPGVGTVPGVGTVPGVGTVPGVGTVPGVGTVPGVGTVPGVGTVPGVGTVPGVGTVPGVGTVPGVGTVPGVGTVPGVGTVPGVGTVPGVGTVPGVGTVPGVGTVPGVGTVPGVGTVPGVGTVPGVGTVPGVGTVPGVGTVPGVG
6,LLPS000627,TVPGAGTVPGAGTVPGAGTVPGAGTVPGAGTVPGAGTVPGAGTVPGAGTVPGAGTVPGAGTVPGAGTVPGAGTVPGAGTVPGAGTVPGAGTVPGAGTVPGAGTVPGAGTVPGAGTVPGAGTVPGAGTVPGAGTVPGAGTVPGAGTVPGAGTVPGAGTVPGAGTVPGAGTVPGAGTVPGAGTVPGAGTVPGAGTVPGAGTVPGAGTVPGAGTVPGAGTVPGAGTVPGAGTVPGAGTVPGAGTVPGAGTVPGAGTVPGAGTVPGAGTVPGAGTVPGAGTVPGAGTVPGAGTVPGAGTVPGAGTVPGAGTVPGAGTVPGAGTVPGAGTVPGAG
7,LLPS000628,GVPGAVGVPGAVGVPGAVGVPGAVGVPGAVGVPGAVGVPGAVGVPGAVGVPGAVGVPGAVGVPGAVGVPGAVGVPGAVGVPGAVGVPGAVGVPGAVGVPGAVGVPGAVGVPGAVGVPGAVGVPGAVGVPGAVGVPGAVGVPGAVGVPGAVGVPGAVGVPGAVGVPGAVGVPGAVGVPGAV
8,LLPS000629,GVPGVAGVPGVAGVPGVAGVPGVAGVPGVAGVPGVAGVPGVAGVPGVAGVPGVAGVPGVAGVPGVAGVPGVAGVPGVAGVPGVAGVPGVAGVPGVAGVPGVAGVPGVAGVPGVAGVPGVAGVPGVAGVPGVAGVPGVAGVPGVAGVPGVAGVPGVAGVPGVAGVPGVAGVPGVAGVPGVAGVPGVAGVPGVAGVPGVAGVPGVAGVPGVAGVPGVAGVPGVAGVPGVAGVPGVAGVPGVAGVPGVAGVPGVAGVPGVAGVPGVAGVPGVAGVPGVAGVPGVAGVPGVAGVPGVAGVPGVA
9,LLPS000630,VAPGVGVAPGVGVAPGVGVAPGVGVAPGVGVAPGVGVAPGVGVAPGVGVAPGVGVAPGVGVAPGVGVAPGVGVAPGVGVAPGVGVAPGVGVAPGVGVAPGVGVAPGVGVAPGVGVAPGVG
10,LLPS000631,APGVGAPGVGAPGVGAPGVGAPGVGAPGVGAPGVGAPGVGAPGVGAPGVGAPGVGAPGVGAPGVGAPGVGAPGVGAPGVGAPGVGAPGVGAPGVGAPGVGAPGVGAPGVGAPGVGAPGVGAPGVGAPGVGAPGVGAPGVGAPGVGAPGVGAPGVGAPGVGAPGVGAPGVGAPGVGAPGVGAPGVGAPGVGAPGVGAPGVGAPGVGAPGVGAPGVGAPGVGAPGVG
11,LLPS000632,VPGVAVPGVAVPGVAVPGVAVPGVAVPGVAVPGVAVPGVAVPGVAVPGVAVPGVAVPGVAVPGVAVPGVAVPGVAVPGVAVPGVAVPGVAVPGVAVPGVAVPGVAVPGVAVPGVAVPGVAVPGVAVPGVAVPGVAVPGVAVPGVAVPGVAVPGVAVPGVAVPGVAVPGVAVPGVA
12,LLPS000633,VPGVGVPGVGVPGVGVPGVGVPGVGVPGVGVPGVGVPGVGVPGVGVPGVGVPGVGVPGVGVPGVGVPGVGVPGVGVPGVGVPGVGVPGVGVPGVGVPGVGVPGVGVPGVGVPGVGVPGVGVPGVGVPGVGVPGVGVPGVGVPGVGVPGVG
13,LLPS000634,VHPGVGVHPGVGVHPGVGVHPGVGVHPGVGVHPGVGVHPGVGVHPGVGVHPGVGVHPGVGVHPGVGVHPGVGVHPGVGVHPGVGVHPGVGVHPGVGVHPGVGVHPGVGVHPGVGVHPGVGVHPGVGVHPGVGVHPGVGVHPGVGVHPGVG
14,LLPS000635,VAPVGVAPVGVAPVGVAPVGVAPVGVAPVGVAPVGVAPVGVAPVGVAPVGVAPVGVAPVGVAPVGVAPVGVAPVGVAPVGVAPVGVAPVGVAPVGVAPVGVAPVGVAPVGVAPVGVAPVGVAPVGVAPVGVAPVGVAPVGVAPVGVAPVGVAPVGVAPVGVAPVGVAPVGVAPVG
15,LLPS000636,VGPVGVGPVGVGPVGVGPVGVGPVGVGPVGVGPVGVGPVGVGPVGVGPVGVGPVGVGPVGVGPVGVGPVGVGPVGVGPVGVGPVGVGPVGVGPVGVGPVGVGPVGVGPVGVGPVGVGPVGVGPVGVGPVGVGPVGVGPVGVGPVGVGPVG
16,LLPS000637,VPAGVGVPAGVGVPAGVGVPAGVGVPAGVGVPAGVGVPAGVGVPAGVGVPAGVGVPAGVGVPAGVGVPAGVGVPAGVGVPAGVGVPAGVGVPAGVGVPAGVGVPAGVGVPAGVGVPAGVGVPAGVGVPAGVGVPAGVGVPAGVGVPAGVG
17,LLPS000638,VPTGVGVPTGVGVPTGVGVPTGVGVPTGVGVPTGVGVPTGVGVPTGVGVPTGVGVPTGVGVPTGVGVPTGVGVPTGVGVPTGVGVPTGVGVPTGVGVPTGVGVPTGVGVPTGVGVPTGVGVPTGVGVPTGVGVPTGVGVPTGVGVPTGVGVPTGVGVPTGVGVPTGVGVPTGVGVPTGVGVPTGVGVPTGVGVPTGVGVPTGVGVPTGVGVPTGVGVPTGVGVPTGVGVPTGVGVPTGVG
18,LLPS000639,APVGVGAPVGVGAPVGVGAPVGVGAPVGVGAPVGVGAPVGVGAPVGVGAPVGVGAPVGVGAPVGVGAPVGVGAPVGVGAPVGVGAPVGVGAPVGVGAPVGVGAPVGVGAPVGVGAPVGVGAPVGVGAPVGVGAPVGVGAPVGVGAPVGVGAPVGVGAPVGVGAPVGVGAPVGVGAPVGVGAPVGVGAPVGVGAPVGVGAPVGVGAPVGVG
19,LLPS000640,VRPVGVRPVGVRPVGVRPVGVRPVGVRPVGVRPVGVRPVGVRPVGVRPVGVRPVGVRPVGVRPVGVRPVGVRPVGVRPVGVRPVGVRPVGVRPVGVRPVGVRPVGVRPVGVRPVGVRPVGVRPVG
20,LLPS000641,APVGLGAPVGLGAPVGLGAPVGLGAPVGLGAPVGLGAPVGLGAPVGLGAPVGLGAPVGLGAPVGLGAPVGLGAPVGLGAPVGLGAPVGLGAPVGLGAPVGLGAPVGLGAPVGLGAPVGLGAPVGLGAPVGLGAPVGLGAPVGLGAPVGLGAPVGLGAPVGLGAPVGLGAPVGLGAPVGLGAPVGLGAPVGLGAPVGLGAPVGLGAPVGLGAPVGLGAPVGLGAPVGLGAPVGLGAPVGLG
21,LLPS000642,VPAVGVPAVGVPAVGVPAVGVPAVGVPAVGVPAVGVPAVGVPAVGVPAVGVPAVGVPAVGVPAVGVPAVGVPAVGVPAVGVPAVGVPAVGVPAVGVPAVGVPAVGVPAVGVPAVGVPAVGVPAVGVPAVGVPAVGVPAVGVPAVGVPAVGVPAVGVPAVGVPAVGVPAVGVPAVGVPAVGVPAVGVPAVGVPAVGVPAVGVPAVGVPAVGVPAVGVPAVGVPAVG
22,LLPS000643,VPHVGVPHVGVPHVGVPHVGVPHVGVPHVGVPHVGVPHVGVPHVGVPHVGVPHVGVPHVGVPHVGVPHVGVPHVGVPHVGVPHVGVPHVGVPHVGVPHVGVPHVGVPHVGVPHVGVPHVGVPHVGVPHVGVPHVGVPHVGVPHVGVPHVGVPHVGVPHVGVPHVGVPHVGVPHVGVPHVGVPHVGVPHVGVPHVGVPHVG
23,LLPS000644,VGPAVGVGPAVGVGPAVGVGPAVGVGPAVGVGPAVGVGPAVGVGPAVGVGPAVGVGPAVGVGPAVGVGPAVGVGPAVGVGPAVGVGPAVGVGPAVGVGPAVGVGPAVGVGPAVGVGPAVG
24,LLPS000645,VTPAVGVTPAVGVTPAVGVTPAVGVTPAVGVTPAVGVTPAVGVTPAVGVTPAVGVTPAVGVTPAVGVTPAVGVTPAVGVTPAVGVTPAVGVTPAVGVTPAVGVTPAVGVTPAVGVTPAVGVTPAVGVTPAVGVTPAVGVTPAVGVTPAVG
25,LLPS000646,TPVAVGTPVAVGTPVAVGTPVAVGTPVAVGTPVAVGTPVAVGTPVAVGTPVAVGTPVAVGTPVAVGTPVAVGTPVAVGTPVAVGTPVAVGTPVAVGTPVAVGTPVAVGTPVAVGTPVAVGTPVAVGTPVAVGTPVAVGTPVAVGTPVAVGTPVAVGTPVAVGTPVAVGTPVAVGTPVAVG
26,LLPS000647,VPSALYGVGVPSALYGVGVPSALYGVGVPSALYGVGVPSALYGVGVPSALYGVGVPSALYGVGVPSALYGVGVPSALYGVGVPSALYGVGVPSALYGVGVPSALYGVGVPSALYGVGVPSALYGVGVPSALYGVGVPSALYGVGVPSALYGVGVPSALYGVGVPSALYGVGVPSALYGVGVPSALYGVG
27,LLPS000648,GRGNSPYGGRGNSPYGGRGNSPYGGRGNSPYGGRGNSPYGGRGNSPYGGRGNSPYGGRGNSPYGGRGNSPYGGRGNSPYGGRGNSPYGGRGNSPYGGRGNSPYGGRGNSPYGGRGNSPYGGRGNSPYGGRGNSPYGGRGNSPYGGRGNSPYGGRGNSPYGGRGNSPYGGRGNSPYGGRGNSPYGGRGNSPYGGRGNSPYGGRGNSPYGGRGNSPYGGRGNSPYGGRGNSPYGGRGNSPYGGRGNSPYGGRGNSPYGGRGNSPYGGRGNSPYGGRGNSPYGGRGNSPYGGRGNSPYGGRGNSPYGGRGNSPYGGRGNSPYG
28,LLPS000649,RGDSPHGRGDSPHGRGDSPHGRGDSPHGRGDSPHGRGDSPHGRGDSPHGRGDSPHGRGDSPHGRGDSPHGRGDSPHGRGDSPHGRGDSPHGRGDSPHGRGDSPHGRGDSPHGRGDSPHGRGDSPHGRGDSPHGRGDSPHGRGDSPHGRGDSPHGRGDSPHGRGDSPHGRGDSPHGRGDSPHGRGDSPHGRGDSPHGRGDSPHGRGDSPHGRGDSPHGRGDSPHGRGDSPHGRGDSPHGRGDSPHGRGDSPHGRGDSPHGRGDSPHGRGDSPHGRGDSPHGRGDSPHGRGDSPHGRGDSPHGRGDSPHGRGDSPHGRGDSPHGRGDSPHGRGDSPHGRGDSPHGRGDSPHGRGDSPHGRGDSPHGRGDSPHGRGDSPHGRGDSPHGRGDSPHGRGDSPHGRGDSPHGRGDSPHGRGDSPHGRGDSPHGRGDSPHGRGDSPHGRGDSPHG
29,LLPS000650,GRGDSPYGGRGDSPYGGRGDSPYGGRGDSPYGGRGDSPYGGRGDSPYGGRGDSPYGGRGDSPYGGRGDSPYGGRGDSPYGGRGDSPYGGRGDSPYGGRGDSPYGGRGDSPYGGRGDSPYGGRGDSPYGGRGDSPYGGRGDSPYGGRGDSPYGGRGDSPYG
30,LLPS000651,GRDGSPYGGRDGSPYGGRDGSPYGGRDGSPYGGRDGSPYGGRDGSPYGGRDGSPYGGRDGSPYGGRDGSPYGGRDGSPYGGRDGSPYGGRDGSPYGGRDGSPYGGRDGSPYGGRDGSPYGGRDGSPYGGRDGSPYGGRDGSPYGGRDGSPYGGRDGSPYG
31,LLPS000652,RGDSPYGRGDSPYGRGDSPYGRGDSPYGRGDSPYGRGDSPYGRGDSPYGRGDSPYGRGDSPYGRGDSPYGRGDSPYGRGDSPYGRGDSPYGRGDSPYGRGDSPYGRGDSPYGRGDSPYGRGDSPYGRGDSPYGRGDSPYGRGDSPYGRGDSPYGRGDSPYGRGDSPYG
32,LLPS000653,GRGDSPFGGRGDSPFGGRGDSPFGGRGDSPFGGRGDSPFGGRGDSPFGGRGDSPFGGRGDSPFGGRGDSPFGGRGDSPFGGRGDSPFGGRGDSPFGGRGDSPFGGRGDSPFGGRGDSPFGGRGDSPFGGRGDSPFGGRGDSPFGGRGDSPFGGRGDSPFG
33,LLPS000654,GRGESPYGGRGESPYGGRGESPYGGRGESPYGGRGESPYGGRGESPYGGRGESPYGGRGESPYGGRGESPYGGRGESPYGGRGESPYGGRGESPYGGRGESPYGGRGESPYGGRGESPYGGRGESPYGGRGESPYGGRGESPYGGRGESPYGGRGESPYG
34,LLPS000655,RGDSPYQGRGDSPYQGRGDSPYQGRGDSPYQGRGDSPYQGRGDSPYQGRGDSPYQGRGDSPYQGRGDSPYQGRGDSPYQGRGDSPYQGRGDSPYQGRGDSPYQGRGDSPYQGRGDSPYQGRGDSPYQGRGDSPYQGRGDSPYQGRGDSPYQGRGDSPYQGRGDSPYQGRGDSPYQGRGDSPYQGRGDSPYQG
35,LLPS000656,RGDAPYQGRGDAPYQGRGDAPYQGRGDAPYQGRGDAPYQGRGDAPYQGRGDAPYQGRGDAPYQGRGDAPYQGRGDAPYQGRGDAPYQGRGDAPYQGRGDAPYQGRGDAPYQGRGDAPYQGRGDAPYQGRGDAPYQGRGDAPYQGRGDAPYQGRGDAPYQGRGDAPYQGRGDAPYQGRGDAPYQGRGDAPYQGRGDAPYQGRGDAPYQGRGDAPYQGRGDAPYQG
36,LLPS000657,QYPSDGRGQYPSDGRGQYPSDGRGQYPSDGRGQYPSDGRGQYPSDGRGQYPSDGRGQYPSDGRGQYPSDGRGQYPSDGRGQYPSDGRGQYPSDGRGQYPSDGRGQYPSDGRGQYPSDGRGQYPSDGRGQYPSDGRGQYPSDGRGQYPSDGRGQYPSDGRGQYPSDGRGQYPSDGRGQYPSDGRGQYPSDGRG
37,LLPS000658,RGDSYPGRGDSYPGRGDSYPGRGDSYPGRGDSYPGRGDSYPGRGDSYPGRGDSYPGRGDSYPGRGDSYPGRGDSYPGRGDSYPGRGDSYPGRGDSYPGRGDSYPGRGDSYPGRGDSYPGRGDSYPGRGDSYPGRGDSYPG
38,LLPS000659,VPHSRNGGVPHSRNGGVPHSRNGGVPHSRNGGVPHSRNGGVPHSRNGGVPHSRNGGVPHSRNGGVPHSRNGGVPHSRNGGVPHSRNGGVPHSRNGGVPHSRNGGVPHSRNGGVPHSRNGGVPHSRNGGVPHSRNGGVPHSRNGGVPHSRNGGVPHSRNGGVPHSRNGGVPHSRNGGVPHSRNGGVPHSRNGGVPHSRNGGVPHSRNGGVPHSRNGGVPHSRNGGVPHSRNGGVPHSRNGGVPHSRNGGVPHSRNGGVPHSRNGGVPHSRNGGVPHSRNGGVPHSRNGGVPHSRNGGVPHSRNGGVPHSRNGGVPHSRNGG
39,LLPS000660,VPSTDYGVGVPSTDYGVGVPSTDYGVGVPSTDYGVGVPSTDYGVGVPSTDYGVGVPSTDYGVGVPSTDYGVGVPSTDYGVGVPSTDYGVGVPSTDYGVGVPSTDYGVG
40,LLPS000661,GRPSDSYGGRPSDSYGGRPSDSYGGRPSDSYGGRPSDSYGGRPSDSYGGRPSDSYGGRPSDSYGGRPSDSYGGRPSDSYGGRPSDSYGGRPSDSYGGRPSDSYGGRPSDSYGGRPSDSYGGRPSDSYGGRPSDSYGGRPSDSYGGRPSDSYGGRPSDSYG
41,LLPS000662,VPSDDYGVGVPSDDYGVGVPSDDYGVGVPSDDYGVGVPSDDYGVGVPSDDYGVGVPSDDYGVGVPSDDYGVGVPSDDYGVGVPSDDYGVGVPSDDYGVGVPSDDYGVGVPSDDYGVGVPSDDYGVGVPSDDYGVGVPSDDYGVGVPSDDYGVGVPSDDYGVGVPSDDYGVGVPSDDYGVGVPSDDYGVGVPSDDYGVGVPSDDYGVGVPSDDYGVGVPSDDYGVGVPSDDYGVGVPSDDYGVGVPSDDYGVGVPSDDYGVG
42,LLPS000663,VPSDDYGQGVPSDDYGQGVPSDDYGQGVPSDDYGQGVPSDDYGQGVPSDDYGQGVPSDDYGQGVPSDDYGQGVPSDDYGQGVPSDDYGQGVPSDDYGQGVPSDDYGQGVPSDDYGQGVPSDDYGQGVPSDDYGQGVPSDDYGQGVPSDDYGQGVPSDDYGQGVPSDDYGQGVPSDDYGQG
43,LLPS000664,GRGDSAYGRGDSAYGRGDSAYGRGDSAYGRGDSAYGRGDSAYGRGDSAYGRGDSAYGRGDSAYGRGDSAYGRGDSAYGRGDSAYGRGDSAYGRGDSAYGRGDSAYGRGDSAY
44,LLPS000665,GRASDSYGGRASDSYGGRASDSYGGRASDSYGGRASDSYGGRASDSYGGRASDSYGGRASDSYGGRASDSYGGRASDSYGGRASDSYGGRASDSYGGRASDSYGGRASDSYGGRASDSYGGRASDSYGGRASDSYGGRASDSYGGRASDSYGGRASDSYG
45,LLPS000668,VRPDGVRPDGVRPDGVRPDGVRPDGVRPDGVRPDGVRPDGVRPDGVRPDGVRPDGVRPDGVRPDGVRPDGVRPDGVRPDGVRPDGVRPDGVRPDGVRPDGVRPDGVRPDGVRPDGVRPDGVRPDGVRPDGVRPDGVRPDGVRPDGVRPDGVRPDGVRPDGVRPDGVRPDGVRPDGVRPDGVRPDGVRPDGVRPDGVRPDGVRPDGVRPDGVRPDGVRPDGVRPDGVRPDGVRPDGVRPDGVRPDGVRPDG
46,LLPS000667,VRPDGVRPDGVRPDGVRPDGVRPDGVRPDGVRPDGVRPDGVRPDGVRPDGVRPDGVRPDGVRPDGVRPDGVRPDGVRPDGVRPDGVRPDGVRPDGVRPDGVRPDGVRPDGVRPDGVRPDGVRPDGVRPDGVRPDGVRPDGVRPDGVRPDGVRPDGVRPDGVRPDGVRPDGVRPDGVRPDGVRPDGVRPDGVRPDGVRPDG
47,LLPS000669,VPHSRNGGNSGGRGDSPYGVPHSRNGGNSGGRGDSPYGVPHSRNGGNSGGRGDSPYGVPHSRNGGNSGGRGDSPYGVPHSRNGGNSGGRGDSPYGVPHSRNGGNSGGRGDSPYGVPHSRNGGNSGGRGDSPYGVPHSRNGGNSGGRGDSPYGVPHSRNGGNSGGRGDSPYGVPHSRNGGNSGGRGDSPYGVPHSRNGGNSGGRGDSPYGVPHSRNGGNSGGRGDSPYGVPHSRNGGNSGGRGDSPYGVPHSRNGGNSGGRGDSPYGVPHSRNGGNSGGRGDSPYGVPHSRNGGNSGGRGDSPYGVPHSRNGGNSGGRGDSPYGVPHSRNGGNSGGRGDSPYGVPHSRNGGNSGGRGDSPYGVPHSRNGGNSGGRGDSPYGVPHSRNGGNSGGRGDSPYGVPHSRNGGNSGGRGDSPYGVPHSRNGGNSGGRGDSPYGVPHSRNGGNSGGRGDSPYG
48,LLPS000670,DPGYIGSRGDPGYIGSRGDPGYIGSRGDPGYIGSRGDPGYIGSRGDPGYIGSRGDPGYIGSRGDPGYIGSRGDPGYIGSRGDPGYIGSRGDPGYIGSRGDPGYIGSRGDPGYIGSRGDPGYIGSRGDPGYIGSRGDPGYIGSRG
49,LLPS000860,GCTTTYDRHHVTTTQPQYRHDQHTGDRLTHPQRQQQGPSTGKLALGATPLFGVIGFSPVIVPAMGIAIGLAGVTGFQRDYVKGKLQDVGEYTGQKTKDLGQKIQHTAHEMGDQGQGQGQGGGKEGRKEGGKLEHHHHHH
50,LLPS000861,GCTTCYDRHHVTTTQPQYRHDQHTGDRLTHPQRQQQGPSTGKLALGATPLFGVIGFSPVIVPAMGIAIGLAGVTGFQRDYVKGKLQDVGEYTGQKTKDLGQKIQHTAHEMGDQGQGQGQGGGKEGRKEGGKLEHHHHHH
51,LLPS000863,GSTTTYDRHHVCTTQPQYRHDQHTGDRLTHPQRQQQGPSTGKLALGATPLFGVIGFSPVIVPAMGIAIGLAGVTGFQRDYVKGKLQDVGEYTGQKTKDLGQKIQHTAHEMGDQGQGQGQGGGKEGRKEGGKLEHHHHHH
52,LLPS000864,GSTTTYDRHHVTTTQPQYRHDQHCGDRLTHPQRQQQGPSTGKLALGATPLFGVIGFSPVIVPAMGIAIGLAGVTGFQRDYVKGKLQDVGEYTGQKTKDLGQKIQHTAHEMGDQGQGQGQGGGKEGRKEGGKLEHHHHHH
53,LLPS000865,GSCTTYDRHHVTTTQPQYRHDQHTGDRLTHPQRQQQGPSTGKLALGATPLFGVIGFSPVIVPAMGIAIGLAGVTGFQRDYVKGKLQDVGEYTGQKTKDLGQKIQHTAHEMGDQGQGQGQGGGKEGRKEGGKLEHHHHHH
54,LLPS000866,GSTCTYDRHHVTTTQPQYRHDQHTGDRLTHPQRQQQGPSTGKLALGATPLFGVIGFSPVIVPAMGIAIGLAGVTGFQRDYVKGKLQDVGEYTGQKTKDLGQKIQHTAHEMGDQGQGQGQGGGKEGRKEGGKLEHHHHHH
55,LLPS000867,GSTTCYDRHHVTTTQPQYRHDQHTGDRLTHPQRQQQGPSTGKLALGATPLFGVIGFSPVIVPAMGIAIGLAGVTGFQRDYVKGKLQDVGEYTGQKTKDLGQKIQHTAHEMGDQGQGQGQGGGKEGRKEGGKLEHHHHHH
56,LLPS000965,MGSSHHHHHHSQDPNSSDYYGPNYGPSRRWGGYGNYNRYNGRRYGGYGGYKGWNRGWRRGSWGRRKYNY
57,LLPS000966,SQDPNSSDYYGPNYGPSRRWGGYGNYNRYNGRRYGGYGGYKGWNRGWRRGSWGRRKYNY
58,LLPS000967,MAKPSYPPTYKAKPSYPPTYKAKPSYPPTYKAKPSYPPTYKAKPSYPPTYKAKPSYPPTYKAKPSYPPTYKAKPSYPPTYKAKPSYPPTYKAKPSYPPTYKAKPSYPPTYKAKPSYPPTYK
59,LLPS000994,GHGVYGHGVYGHGPYGHGPYGHGLY
60,LLPS001071,GRDGSPYQGGRDGSPYQGGRDGSPYQGGRDGSPYQGGRDGSPYQGGRDGSPYQGGRDGSPYQGGRDGSPYQGGRDGSPYQGGRDGSPYQGGRDGSPYQGGRDGSPYQGGRDGSPYQGGRDGSPYQGGRDGSPYQGGRDGSPYQGGRDGSPYQGGRDGSPYQGGRDGSPYQGGRDGSPYQGGRDGSPYQGGRDGSPYQGGRDGSPYQGGRDGSPYQG
63,LLPS000928,AAAAAKAAKYGAGVPGVGVPGVGVPGVGVPGVGVPGVGVPGVGVPGVAAAAAKAAKYGAGVPGVGVPGVGVPGVGVPGVGVPGVGVPGVGVPGVAAAAAKAAKYGAGVPGVGVPGVGVPGVGVPGVGVPGVGVPGVGVPGVAAAAAKAAKYGA
64,LLPS000924,FPGFGVGVGGIPGVAGVPGVGGVPGVGGVPGVGISPEAQAAAAAKAAKYGVGTPAAAAAKAAAKAAQFGLVPGVGVAPGVGVAPGVGVAPGVGLAPGVGVAPGVGVAPGVGVAPAIGP
65,LLPS000930,FPGFGVGVGGIPGVAGVPGVGGVPGVGGVPGVGISPEAQAAAAAKAAKYGVGTPAAAAAKAAAKAAQFGLVPGVGVAPGVGVAPGVGVAPGVGLAPGVGVAPGVGVAPGVGVAPAIGPEAQAAAAAKAAKYGVGTPAAAAAKAAAKAAQFGLVPGVGVAPGVGVAPGVGVAPGVGLAPGVGVAPGVGVAPGVGVAPAIGP
66,LLPS000932,GLVPGVGVAPGVGVAPGVGVAPGVGLAPGVGVAPGVGVAPGVGVAPAIGPGAVVPQPGAGVKPGKVPGVGPFGGPQPGVPLGYPIKAPKLPGLVPGVGVAPGVGVAPGVGVAPGVGLAPGVGVAPGVGVAPGVGVAPAIGPGAVVPQPGAGVKPGKVPGVGPFGGPQPGVPLGYPIKAPKLPGLVPGVGVAPGVGVAPGVGVAPGVGLAPGVGVAPGVGVAPGVGVAPAIGP
67,LLPS000926,GAVVPQPGAGVKPGKVPGVGLPGVYPGGVLPGARFPGVGVLPGVPTGAGVKPKAPGVGGAFAGIPGVGPFGGPQPGVPLGYPIKAPKLPGGYGLPYTTGKLPYGYGPGGVAGAAGKAGYPTGTGGACLGKACGRKRK
68,LLPS000925,FPGFGVGVGGIPGVAGVPGVGGVPGVGGVPGVGISPEAQAAAAAKAAKYAAAAAAAAAAKAAAKAAQFGLVPGVGVAPGVGVAPGVGVAPGVGLAPGVGVAPGVGVAPGVGVAPAIGP
69,LLPS000931,FPGFGVGVGGIPGVAGVPGVGGVPGVGGVPGVGISPEAQAAAAAKAAKYAAAAAAAAAAKAAAKAAQFGLVPGVGVAPGVGVAPGVGVAPGVGLAPGVGVAPGVGVAPGVGVAPAIGPEAQAAAAAKAAKYAAAAAAAAAAKAAAKAAQFGLVPGVGVAPGVGVAPGVGVAPGVGLAPGVGVAPGVGVAPGVGVAPAIGP
70,LLPS000929,FPGFGVGVGGIPGVAGVPGVGGVPGVGGVPGVGISPEAQAAAAAKAAKYGVGTPAAAAAKAAAKAAQFGLVPGVGVAGVAPGVGVAGVAPGVGVAGVAPGVGVAGVAPGVGVAGVAGAIGPEAQAAAAAKAAKYGVGTPAAAAAKAAAKAAQFGLVPGVGVAGVAPGVGVAGVAPGVGVAGVAPGVGVAGVAPGVGVAGVAGAIGP
71,LLPS000934,GLVPGVGVAGVAPGVGVAGVAPGVGVAGVAPGVGVAGVAPGVGVAGVAGAIGP
72,LLPS000927,FPGFGVGVGGIPGVAGVPGVGGVPGVGGVPGVGISPGLVPGVGVAPGVGVAPGVGVAPGVGLAPGVGVAPGVGVAPGVGVAPAIGPGLVPGVGVAGVAGVAPGVGVAGVAGVAPGVGVAGVAGVAPGVGVAGVAGVAGAIGP
73,LLPS000935,GAVVPQPGAGVKPGKVPGVGLPGVYPGGVLPGARFPGVGVLPGVPTGAGVKPKAPGVGGAFAGIPGVGPFGGPQPGVPLGYPIKAPKLPGGYGLPYTTGKLPYGYGPGGVAGAAGKAGYPTGTFPGFGVGVGGIPGVAGVPGVGGVPGVGGVPGVGISPEAQAAAAAKAAKYGVGTPAAAAAKAAAKAAQFGLVPGVGVAPGVGVAPGVGVAPGVGLAPGVGVAPGVGVAPGVGVAPAIGPEAQAAAAAKAAKYGVGTPAAAAAKAAAKAAQFGLVPGVGVAPGVGVAPGVGVAPGVGLAPGVGVAPGVGVAPGVGVAPAIGPEAQAAAAAKAAKYGVGTPAAAAAKAAAKAAQFGLVPGVGVAPGVGVAPGVGVAPGVGLAPGVGVAPGVGVAPGVGVAPAIGPEAQAAAAAKAAKYGVGTPAAAAAKAAAKAAQFGLVPGVGVAPGVGVAPGVGVAPGVGLAPGVGVAPGVGVAPGVGVAPAIGPEAQAAAAAKAAKYGVGTPAAAAAKAAAKAAQFGLVPGVGVAPGVGVAPGVGVAPGVGLAPGVGVAPGVGVAPGVGVAPAIGPEAQAAAAAKAAKYGVGTPAAAAAKAAAKAAQFGLVPGVGVAPGVGVAPGVGVAPGVGLAPGVGVAPGVGVAPGVGVAPAIGPGGACLGKACGRKRK
74,LLPS000933,FPGFGVGVGGIPGVAGVPGVGGVPGVGGVPGVGISPEAQAAAAAKAAKYGVGTPAAAAAKAAAKAAQFGLVPGVGVAPGVGVAPGVGVAPGVGLAPGVGVAPGVGVAPGVGVAPAIGPEAQAAAAAKAAKYGVGTPAAAAAKAAAKAAQFGLVPGVGVAPGVGVAPGVGVAPGVGLAPGVGVAPGVGVAPGVGVAPAIGPEAQAAAAAKAAKYGVGTPAAAAAKAAAKAAQFGLVPGVGVAPGVGVAPGVGVAPGVGLAPGVGVAPGVGVAPGVGVAPAIGPEAQAAAAAKAAKYGVGTPAAAAAKAAAKAAQFGLVPGVGVAPGVGVAPGVGVAPGVGLAPGVGVAPGVGVAPGVGVAPAIGP
75,LLPS001170,GYDGYNWPYGYNGYRYGWNKGWNGY
76,LLPS001169,GNYKYRGYGYPRGWKKGRKYY
77,LLPS001458,RRASLRRASLRRASL
78,LLPS001817,MAQARSPWSDTATADAFIQNFLAAVSGSGAFTSDQLDDMSTIGDTIMSAMDKMARSNKSSQHKLQALNMAFASSMAEIAAVEQGGMSMAVKTNAIVDGLNSAFYMTTGAANPQFVNEMRSLISMISAASANEVSYGGAGSAAAAAAAGPGQQGPGGYGPGQQGPSGPGSAAAAAAAGPGQQGPGGYGPGQQGPSGPGSAAAAAAAGPGQQGPGGYGPGQQGPSGPGSAAAAAAAGPGQQGPGGYGPGQQGPSGPGSAAAAAAAGPGQQGPGGYGPGQQGPSGPGSAAAAAAAGPGQQGPGGYGPGQQGPSGPGSGGYGPSQYVPSSVASSAASAASALSSPTTHARISSHASTLLSSGPTNAAALSNVISNAVSQVSASNPGSSSCDVLVQALLEIITALISILDSSSVGQVNYGSSGQYAQIVGQSMQQAMG
79,LLPS001814,MAQARSPWSDTATADAFIQNFLAAVSGSGAFTSDQLDDMSTIGDTIMSAMDKMARSNKSSQHKLQALNMAFASSMAEIAAVEQGGMSMAVKTNAIVDGLNSAFYMTTGAANPQFVNEMRSLISMISAASANEVSYGGAGSAAAAAAAGPGQQGPGGYGPGQQGPSGPGSAAAAAAAGPGQQGPGGYGPGQQGPSGPGSAAAAAAAGPGQQGPGGYGPGQQGPSGPGSAAAAAAAGPGQQGPGGYGPGQQGPSGPGSAAAAAAAGPGQQGPGGYGPGQQGPSGPGSAAAAAAAGPGQQGPGGYGPGQQGPSGPGSAAAAAAAGPGQQGPGGYGPGQQGPSGPGSAAAAAAAGPGQQGPGGYGPGQQGPSGPGSAAAAAAAGPGQQGPGGYGPGQQGPSGPGSAAAAAAAGPGQQGPGGYGPGQQGPSGPGSAAAAAAAGPGQQGPGGYGPGQQGPSGPGSAAAAAAAGPGQQGPGGYGPGQQGPSGPGSGGYGPSQYVPSSVASSAASAASALSSPTTHARISSHASTLLSSGPTNAAALSNVISNAVSQVSASNPGSSSCDVLVQALLEIITALISILDSSSVGQVNYGSSGQYAQIVGQSMQQAMG
80,LLPS001821,MAQARSPWSDTATADAFIQNFLAAVSGSGAFTSDQLDDMSTIGDTIMSAMDKMARSNKSSQHKLQALNMAFASSMAEIAAVEQGGMSMAVKTNAIVDGLNSAFYMTTGAANPQFVNEMRSLISMISAASANEVSYGGAGSAAAAAAAGPGQQGPGGYGPGQQGPSGPGSGGYGPSQYVPSSVASSAASAASALSSPTTHARISSHASTLLSSGPTNAAALSNVISNAVSQVSASNPGSSSCDVLVQALLEIITALISILDSSSVGQVNYGSSGQYAQIVGQSMQQAMG
81,LLPS001815,MAQARSPWSDTATADAFIQNFLAAVSGSGAFTSDQLDDMSTIGDTIMSAMDKMARSNKSSQHKLQALNMAFASSMAEIAAVEQGGMSMAVKTNAIVDGLNSAFYMTTGAANPQFVNEMRSLISMISAASANEVSYGGAGSAAAAAAAGPGQQGPGGYGPGQQGPSGPGSAAAAAAAGPGQQGPGGYGPGQQGPSGPGSAAAAAAAGPGQQGPGGYGPGQQGPSGPGSAAAAAAAGPGQQGPGGYGPGQQGPSGPGSAAAAAAAGPGQQGPGGYGPGQQGPSGPGSAAAAAAAGPGQQGPGGYGPGQQGPSGP
82,LLPS001820,GSAAAAAAAGPGQQGPGGYGPGQQGPSGPGSAAAAAAAGPGQQGPGGYGPGQQGPSGPGSAAAAAAAGPGQQGPGGYGPGQQGPSGPGSAAAAAAAGPGQQGPGGYGPGQQGPSGPGSAAAAAAAGPGQQGPGGYGPGQQGPSGPGSAAAAAAAGPGQQGPGGYGPGQQGPSGPGSGGYGPSQYVPSSVASSAASAASALSSPTTHARISSHASTLLSSGPTNAAALSNVISNAVSQVSASNPGSSSCDVLVQALLEIITALISILDSSSVGQVNYGSSGQYAQIVGQSMQQAMG
83,LLPS001819,GSAAAAAAAGPGQQGPGGYGPGQQGPSGPGSAAAAAAAGPGQQGPGGYGPGQQGPSGPGSAAAAAAAGPGQQGPGGYGPGQQGPSGPGSAAAAAAAGPGQQGPGGYGPGQQGPSGPGSAAAAAAAGPGQQGPGGYGPGQQGPSGPGSAAAAAAAGPGQQGPGGYGPGQQGPSGP
84,LLPS001812,GSGGYGPSQYVPSSVASSAASAASALSSPTTHARISSHASTLLSSGPTNAAALSNVISNAVSQVSASNPGSSSCDVLVQALLEIITALISILDSSSVGQVNYGSSGQYAQIVGQSMQQAMG
85,LLPS001818,MAQARSPWSDTATADAFIQNFLAAVSGSGAFTSDQLDDMSTIGDTIMSAMDKMARSNKSSQHKLQALNMAFASSMAEIAAVEQGGMSMAVKTNAIVDGLNSAFYMTTGAANPQFVNEMRSLISMISAASANEVSYGGAGSAAAAAAAGPGQQGPGGYGPGQQGPSGPGSAAAAAAAGPGQQGPGGYGPGQQGPSGPGSAAAAAAAGPGQQGPGGYGPGQQGPSGPGSAAAAAAAGPGQQGPGGYGPGQQGPSGPGSAAAAAAAGPGQQGPGGYGPGQQGPSGPGSAAAAAAAGPGQQGPGGYGPGQQGPSGPGSGGYGPSQYVPSSVASSAASAASALSSPTTHARISSHASTLLSSGPTNAAALSNVISNAVSQVSASNPGSSSCDVLVQALLEIITALISILDSSSVGQVNYGSSGQYAQIVGQSMQQAMG
86,LLPS001783,MNNSGDNDRGSGNYGLRNSFGDDGYGDNGNDEGNSGYRNRGLGGDRADEYGNSGGNGDNEAAPNASDRDDAHYYDSDDYDDGGGGRGSGGAGGGGARGPGSNRAGRYGGGGRRGRGRGNGYNGNRSQRRRGGGRGRGNRGYRVGNGNGQSGGRNSRGGGGGNGGANYGLEHHHHHH
87,LLPS001784,MGGYGYGSSGDGGGDDYGDARYVPPHLRGYGDGAGDDGGDNNDDSDDADRDYNGGLSGGAGGNSGGDGENGGDGNGRNNARSGNNRGGNGNYRYFGANYGAGEGRGRNGQGGEGSGNNRGGGGRYGRRRRQGSRGGRGSGGNYGGNSNRSGRAGGRDNNARNRRRNGSLEHHHHHH
89,LLPS002162,VGAPVGVGAPVGVGAPVGVGAPVGVGAPVGVGAPVGVGAPVGVGAPVGVGAPVGVGAPVGVGAPVGVGAPVGVGAPVGVGAPVGVGAPVGVGAPVGVGAPVGVGAPVGVGAPVGVGAPVGVGAPVGVGAPVGVGAPVGVGAPVGVGAPVGVGAPVGVGAPVGVGAPVGVGAPVGVGAPVGVGAPVGVGAPVGVGAPVGVGAPVGVGAPVG
90,LLPS002167,VPGVGVPGVGVPGVGVPGVGVPGVGVPGVGVPGVGVPGVGVPGVGVPGVGVPGVGVPGVGVPGVGVPGVGVPGVGVPGVGVPGVGVPGVGVPGVGVPGVGVPGVGVPGVGVPGVGVPGVGVPGVGVPGVGVPGVGVPGVGVPGVGVPGVGVPGVGVPGVGVPGVGVPGVGVPGVG
91,LLPS002159,VAPVGVAPVGVAPVGVAPVGVAPVGVAPVGVAPVGVAPVGVAPVGVAPVGVAPVGVAPVGVAPVGVAPVGVAPVGVAPVGVAPVGVAPVGVAPVGVAPVGVAPVGVAPVGVAPVGVAPVGVAPVGVAPVGVAPVGVAPVGVAPVGVAPVGVAPVGVAPVGVAPVGVAPVGVAPVGVAPVGVAPVGVAPVGVAPVGVAPVG
92,LLPS002166,VPGAVGVPGAVGVPGAVGVPGAVGVPGAVGVPGAVGVPGAVGVPGAVGVPGAVGVPGAVGVPGAVGVPGAVGVPGAVGVPGAVGVPGAVGVPGAVGVPGAVGVPGAVGVPGAVGVPGAVGVPGAVGVPGAVGVPGAVGVPGAVGVPGAVGVPGAVGVPGAVGVPGAVGVPGAVGVPGAVG
93,LLPS002156,VAPVGVAPVGVAPVGVAPVGVAPVGVAPVGVAPVGVAPVGVAPVGVAPVGVAPVGVAPVGVAPVGVAPVGVAPVGVAPVGVAPVGVAPVGVAPVGVAPVG
94,LLPS002158,VAPVGVAPVGVAPVGVAPVGVAPVGVAPVGVAPVGVAPVGVAPVGVAPVGVAPVGVAPVGVAPVGVAPVGVAPVGVAPVGVAPVGVAPVGVAPVGVAPVGVAPVGVAPVGVAPVGVAPVGVAPVGVAPVGVAPVGVAPVGVAPVGVAPVG
95,LLPS002133,TPVAVGTPVAVGTPVAVGTPVAVGTPVAVGTPVAVGTPVAVGTPVAVGTPVAVGTPVAVGTPVAVGTPVAVGTPVAVGTPVAVGTPVAVGTPVAVGTPVAVGTPVAVGTPVAVGTPVAVG
96,LLPS002134,TPVAVGTPVAVGTPVAVGTPVAVGTPVAVGTPVAVGTPVAVGTPVAVGTPVAVGTPVAVGTPVAVGTPVAVGTPVAVGTPVAVGTPVAVGTPVAVGTPVAVGTPVAVGTPVAVGTPVAVGTPVAVGTPVAVGTPVAVGTPVAVGTPVAVGTPVAVGTPVAVGTPVAVGTPVAVGTPVAVGTPVAVGTPVAVGTPVAVGTPVAVGTPVAVGTPVAVGTPVAVGTPVAVGTPVAVGTPVAVG
97,LLPS002157,VAPVGVAPVGVAPVGVAPVGVAPVGVAPVGVAPVGVAPVGVAPVGVAPVGVAPVGVAPVGVAPVGVAPVGVAPVGVAPVGVAPVGVAPVGVAPVGVAPVGGYIPEAPRDGQAYVRKDGEWVLLSTFL
98,LLPS002160,VAPVGVAPVGVAPVGVAPVGVAPVGVAPVGVAPVGVAPVGVAPVGVAPVGVAPVGVAPVGVAPVGVAPVGVAPVGVAPVGVAPVGVAPVGVAPVGVAPVGVAPVGVAPVGVAPVGVAPVGVAPVGVAPVGVAPVGVAPVGVAPVGVAPVGVAPVGVAPVGVAPVGVAPVGVAPVGVAPVGVAPVGVAPVGVAPVGVAPVGGYIPEAPRDGQAYVRKDGEWVLLSTFL
99,LLPS001578,AVPGVGAVPGVGAVPGVGAVPGVGAVPGVGAVPGVGAVPGVGAVPGVGAVPGVGAVPGVGAVPGVGAVPGVGAVPGVGAVPGVGAVPGVGAVPGVGAVPGVGAVPGVGAVPGVGAVPGVGAVPGVGAVPGVGAVPGVGAVPGVGAVPGVGAVPGVGAVPGVGAVPGVGAVPGVGAVPGVGAVPGVGAVPGVGAVPGVGAVPGVGAVPGVGAVPGVGAVPGVGAVPGVGAVPGVGAVPGVGAVPGVGAVPGVGAVPGVGAVPGVGAVPGVGAVPGVGAVPGVGAVPGVGAVPGVGAVPGVG
100,LLPS001746,GRGDSAYGRGDSAYGRGDSAYGRGDSAYGRGDSAYGRGDSAYGRGDSAYGRGDSAYGRGDSAYGRGDSAYGRGDSAYGRGDSAYGRGDSAYGRGDSAYGRGDSAYGRGDSAYGRGDSAYGRGDSAYGRGDSAYGRGDSAYGRGDSAYGRGDSAYGRGDSAYGRGDSAYGRGDSAYGRGDSAYGRGDSAYGRGDSAYGRGDSAYGRGDSAYGRGDSAYGRGDSAY
101,LLPS001747,GRGDSPYGRGDSPYGRGDSPYGRGDSPYGRGDSPYGRGDSPYGRGDSPYGRGDSPYGRGDSPYGRGDSPYGRGDSPYGRGDSPYGRGDSPYGRGDSPYGRGDSPYGRGDSPYGRGDSPYGRGDSPYGRGDSPYGRGDSPYGRGDSPYGRGDSPYGRGDSPYGRGDSPYGRGDSPYGRGDSPYGRGDSPYGRGDSPY
102,LLPS002163,VGPVGVGPVGVGPVGVGPVGVGPVGVGPVGVGPVGVGPVGVGPVGVGPVGVGPVGVGPVGVGPVGVGPVGVGPVGVGPVGVGPVGVGPVGVGPVGVGPVGVGPVGVGPVGVGPVGVGPVGVGPVGVGPVGVGPVGVGPVGVGPVGVGPVGVGPVGVGPVGVGPVGVGPVGVGPVGVGPVGVGPVGVGPVGVGPVGVGPVG
103,LLPS002161,VAPVGVAPVGVAPVGVAPVGVAPVGVAPVGVAPVGVAPVGVAPVGVAPVGVAPVGVAPVGVAPVGVAPVGVAPVGVAPVGVAPVGVAPVGVAPVGVAPVGVAPVGVAPVGVAPVGVAPVGVAPVGVAPVGVAPVGVAPVGVAPVGVAPVGVAPVGVAPVGVAPVGVAPVGVAPVGVAPVGVAPVGVAPVGVAPVGVAPVGVAPVGVAPVGVAPVGVAPVGVAPVGVAPVGVAPVGVAPVGVAPVGVAPVGVAPVGVAPVGVAPVGVAPVGVAPVGVAPVGVAPVGVAPVGVAPVGVAPVGVAPVGVAPVGVAPVGVAPVGVAPVGVAPVGVAPVGVAPVGVAPVGVAPVGVAPVGVAPVGVAPVGVAPVGVAPVGVAPVGVAPVGVAPVGVAPVGVAPVG
104,LLPS002135,TPVAVGTPVAVGTPVAVGTPVAVGTPVAVGTPVAVGTPVAVGTPVAVGTPVAVGTPVAVGTPVAVGTPVAVGTPVAVGTPVAVGTPVAVGTPVAVGTPVAVGTPVAVGTPVAVGTPVAVGTPVAVGTPVAVGTPVAVGTPVAVGTPVAVGTPVAVGTPVAVGTPVAVGTPVAVGTPVAVGTPVAVGTPVAVGTPVAVGTPVAVGTPVAVGTPVAVGTPVAVGTPVAVGTPVAVGTPVAVGTPVAVGTPVAVGTPVAVGTPVAVGTPVAVGTPVAVGTPVAVGTPVAVGTPVAVGTPVAVGTPVAVGTPVAVGTPVAVGTPVAVGTPVAVGTPVAVGTPVAVGTPVAVGTPVAVGTPVAVGTPVAVGTPVAVGTPVAVGTPVAVGTPVAVGTPVAVGTPVAVGTPVAVGTPVAVGTPVAVGTPVAVGTPVAVGTPVAVGTPVAVGTPVAVGTPVAVGTPVAVGTPVAVGTPVAVGTPVAVG
105,LLPS002168,VPGVGVPGVGVPGVGVPGVGVPGVGVPGVGVPGVGVPGVGVPGVGVPGVGVPGVGVPGVGVPGVGVPGVGVPGVGVPGVGVPGVGVPGVGVPGVGVPGVGVPGVGVPGVGVPGVGVPGVGVPGVGVPGVGVPGVGVPGVGVPGVGVPGVGVPGVGVPGVGVPGVGVPGVGVPGVGVPGVGVPGVGVPGVGVPGVGVPGVGVPGVGVPGVGVPGVGVPGVGVPGVGVPGVGVPGVGVPGVGVPGVGVPGVGVPGVGVPGVGVPGVGVPGVGVPGVGVPGVGVPGVGVPGVGVPGVGVPGVGVPGVGVPGVGVPGVGVPGVGVPGVGVPGVGVPGVGVPGVGVPGVGVPGVGVPGVGVPGVGVPGVGVPGVGVPGVGVPGVGVPGVGVPGVGVPGVGVPGVG
106,LLPS001748,GVAPVGVAPVGVAPVGVAPVGVAPVGVAPVGVAPVGVAPVGVAPVGVAPVGVAPVGVAPVGVAPVGVAPVGVAPVGVAPVGVAPVGVAPVGVAPVGVAPVGVAPVGVAPVGVAPVGVAPVGVAPVGVAPVGVAPVGVAPVGVAPVGVAPVGVAPVGVAPVGVAPVGVAPVGVAPVGVAPVGVAPVGVAPVGVAPVGVAPVGVAPVGVAPVGVAPVGVAPVGVAPV
107,LLPS001750,GVGPVGVGPVGVGPVGVGPVGVGPVGVGPVGVGPVGVGPVGVGPVGVGPVGVGPVGVGPVGVGPVGVGPVGVGPVGVGPVGVGPVGVGPVGVGPVGVGPVGVGPVGVGPVGVGPVGVGPVGVGPVGVGPVGVGPVGVGPVGVGPVGVGPV
108,LLPS001749,GVGAPVGVGAPVGVGAPVGVGAPVGVGAPVGVGAPVGVGAPVGVGAPVGVGAPVGVGAPVGVGAPVGVGAPVGVGAPVGVGAPVGVGAPVGVGAPVGVGAPVGVGAPVGVGAPVGVGAPVGVGAPVGVGAPVGVGAPVGVGAPVGVGAPV
109,LLPS002165,VPAGLGVPAGLGVPAGLGVPAGLGVPAGLGVPAGLGVPAGLGVPAGLGVPAGLGVPAGLGVPAGLGVPAGLGVPAGLGVPAGLGVPAGLGVPAGLGVPAGLGVPAGLGVPAGLGVPAGLGVPAGLGVPAGLGVPAGLGVPAGLGVPAGLGVPAGLGVPAGLGVPAGLGVPAGLGVPAGLGVPAGLGVPAGLGVPAGLGVPAGLGVPAGLGVPAGLGVPAGLGVPAGLGVPAGLGVPAGLG
110,LLPS002164,VHPGVGVHPGVGVHPGVGVHPGVGVHPGVGVHPGVGVHPGVGVHPGVGVHPGVGVHPGVGVHPGVGVHPGVGVHPGVGVHPGVGVHPGVGVHPGVGVHPGVGVHPGVGVHPGVGVHPGVG
111,LLPS001644,GVGVPGVGVPGVGVPGVGVPGVGVPGVGVPGVGVPGVGVPGVGVPGVGVPGVGVPGVGVPGVGVPGVGVPGVGVPGVGVPGVGVPGVGVPGVGVPGVGVPGVGVPGVGVPGVGVPGVGVPGVGVPGVGVPGVGVPGVGVPGVGVPGVGVPGVGVPGVGVPGVGVPGVGVPGVGVPGVGVPGVGVPGVGVPGVGVPGVGVPGVGVPGVGVPGVGVPGVGVPGVGVPGVGVPGVGVPGVGVPGVGVPGVGVPGVGVPGVGVPGVGVPGVGVPGVGVPGVGVPGVGVPGVGVPGVGVPGVGVPGVGVPGVGVPGVGVPGVGVPGVGVPGVGVPGVGVPGVGVPGVGVPGVGVPGVGVPGVGVPGVGVPGVGVPGVGVPGVGVPGVGVPGVGVPGVGVPGVGVP
112,LLPS001647,GVGVPGVGVPGVGVPGVGVPGAGVPGVGVPGVGVPGVGVPGVGVPGAGVPGVGVPGVGVPGVGVPGVGVPGAGVPGVGVPGVGVPGVGVPGVGVPGAGVPGVGVPGVGVPGVGVPGVGVPGAGVPGVGVPGVGVPGVGVPGVGVPGAGVPGVGVPGVGVPGVGVPGVGVPGAGVPGVGVPGVGVPGVGVPGVGVPGAGVPGVGVPGVGVPGVGVPGVGVPGAGVPGVGVPGVGVPGVGVPGVGVPGAGVPGVGVPGVGVPGVGVPGVGVPGAGVPGVGVPGVGVPGVGVPGVGVPGAGVPGVGVPGVGVPGVGVPGVGVPGAGVPGVGVPGVGVPGVGVPGVGVPGAGVPGVGVPGVGVPGVGVPGVGVPGAGVPGVGVPGVGVPGVGVPGVGVPGAGVP
113,LLPS001645,GVGVPGAGVPGVGVPGAGVPGVGVPGAGVPGVGVPGAGVPGVGVPGAGVPGVGVPGAGVPGVGVPGAGVPGVGVPGAGVPGVGVPGAGVPGVGVPGAGVPGVGVPGAGVPGVGVPGAGVPGVGVPGAGVPGVGVPGAGVPGVGVPGAGVPGVGVPGAGVPGVGVPGAGVPGVGVPGAGVPGVGVPGAGVPGVGVPGAGVPGVGVPGAGVPGVGVPGAGVPGVGVPGAGVPGVGVPGAGVPGVGVPGAGVPGVGVPGAGVPGVGVPGAGVPGVGVPGAGVPGVGVPGAGVPGVGVPGAGVPGVGVPGAGVPGVGVPGAGVPGVGVPGAGVPGVGVPGAGVPGVGVPGAGVPGVGVPGAGVPGVGVPGAGVPGVGVPGAGVPGVGVPGAGVPGVGVPGAGVP
114,LLPS001646,GVGVPGAGVPGAGVPGAGVPGAGVPGVGVPGAGVPGAGVPGAGVPGAGVPGVGVPGAGVPGAGVPGAGVPGAGVPGVGVPGAGVPGAGVPGAGVPGAGVPGVGVPGAGVPGAGVPGAGVPGAGVPGVGVPGAGVPGAGVPGAGVPGAGVPGVGVPGAGVPGAGVPGAGVPGAGVPGVGVPGAGVPGAGVPGAGVPGAGVPGVGVPGAGVPGAGVPGAGVPGAGVPGVGVPGAGVPGAGVPGAGVPGAGVPGVGVPGAGVPGAGVPGAGVPGAGVPGVGVPGAGVPGAGVPGAGVPGAGVPGVGVPGAGVPGAGVPGAGVPGAGVPGVGVPGAGVPGAGVPGAGVPGAGVPGVGVPGAGVPGAGVPGAGVPGAGVPGVGVPGAGVPGAGVPGAGVPGAGVP
115,LLPS001775,MGSSHHHHHHSSGLVPRGSHMASGRGGLGGQGAGAAAAAGGAGQGGYGGLGSQGTSGRGGLGGQGAGAAAAAGGAGQGGYGGLGSQGTSGRGGLGGQGAGAAAAAGGAGQGGYGGLGSQGTSGRGGLGGQGAGAAAAAGGAGQGGYGGLGSQGTSGRGGLGGQGAGAAAAAGGAGQGGYGGLGSQGTSGRGGLGGQGAGAAAAAGGAGQGGYGGLGSQGTSGRGGLGGQGAGAAAAAGGAGQGGYGGLGSQGTSGRGGLGGQGAGAAAAAGGAGQGGYGGLGSQGTSGRGGLGGQGAGAAAAAGGAGQGGYGGLGSQGTSGRGGLGGQGAGAAAAAGGAGQGGYGGLGSQGTSGRGGLGGQGAGAAAAAGGAGQGGYGGLGSQGTSGRGGLGGQGAGAAAAAGGAGQGGYGGLGSQGTSGRGGLGGQGAGAAAAAGGAGQGGYGGLGSQGTSGRGGLGGQGAGAAAAAGGAGQGGYGGLGSQGTSGRGGLGGQGAGAAAAAGGAGQGGYGGLGSQGTSGRGGLGGQGAGAAAAAGGAGQGGYGGLGSQGTSLEHHHHHH
116,LLPS001776,MGSSHHHHHHSSGLVPRGSHMASGPGGYGPGQQGPSGPGSAAAAAAAAGPGGYGPGQQTSGPGGYGPGQQGPSGPGSAAAAAAAAGPGGYGPGQQTSGPGGYGPGQQGPSGPGSAAAAAAAAGPGGYGPGQQTSGPGGYGPGQQGPSGPGSAAAAAAAAGPGGYGPGQQTSGPGGYGPGQQGPSGPGSAAAAAAAAGPGGYGPGQQTSGPGGYGPGQQGPSGPGSAAAAAAAAGPGGYGPGQQTSGPGGYGPGQQGPSGPGSAAAAAAAAGPGGYGPGQQTSGPGGYGPGQQGPSGPGSAAAAAAAAGPGGYGPGQQTSGPGGYGPGQQGPSGPGSAAAAAAAAGPGGYGPGQQTSGPGGYGPGQQGPSGPGSAAAAAAAAGPGGYGPGQQTSGPGGYGPGQQGPSGPGSAAAAAAAAGPGGYGPGQQTSGPGGYGPGQQGPSGPGSAAAAAAAAGPGGYGPGQQTSGPGGYGPGQQGPSGPGSAAAAAAAAGPGGYGPGQQTSGPGGYGPGQQGPSGPGSAAAAAAAAGPGGYGPGQQTSGPGGYGPGQQGPSGPGSAAAAAAAAGPGGYGPGQQTSGPGGYGPGQQGPSGPGSAAAAAAAAGPGGYGPGQQTSLEHHHHHH
117,LLPS001928,MGHHHHHHHHHHSSGHIDDDDKHMASGGRPSDSYGAPGGGNGGRPSDSYGAPGGGNGGRPSDSYGAPGGGNGGRPSDSYGAPGGGNTSGGRPSDSYGAPGGGNGGRPSDSYGAPGGGNGGRPSDSYGAPGGGNGGRPSDSYGAPGGGNTSGGRPSDSYGAPGGGNGGRPSDSYGAPGGGNGGRPSDSYGAPGGGNGGRPSDSYGAPGGGNTSGGRPSDSYGAPGGGNGGRPSDSYGAPGGGNGGRPSDSYGAPGGGNGGRPSDSYGAPGGGNTSGGRPSDSYGAPGGGNGGRPSDSYGAPGGGNGGRPSDSYGAPGGGNGGRPSDSYGAPGGGNTSGGRPSDSYGAPGGGNGGRPSDSYGAPGGGNGGRPSDSYGAPGGGNGGRPSDSYGAPGGGNTSGGRPSDSYGAPGGGNGGRPSDSYGAPGGGNGGRPSDSYGAPGGGNGGRPSDSYGAPGGGNTSGGRPSDSYGAPGGGNGGRPSDSYGAPGGGNGGRPSDSYGAPGGGNGGRPSDSYGAPGGGNTSLEDPAANKARKEAELAAATAEQ
118,LLPS001569,DDDDDDDDDDDDDDDDDDDDDDDDDDDDDDDDDDDDDDDDDDDDDDDDDDDDDDDDDDDDDDDDDDDDDDDDDDDDDDDDDDDDDDDDDDDDDDDDDDDD
119,LLPS001744,EEEEEEEEEEEEEEEEEEEEEEEEEEEEEEEEEEEEEEEEEEEEEEEEEEEEEEEEEEEEEEEEEEEEEEEEEEEEEEEEEEEEEEEEEEEEEEEEEEEE
120,LLPS002719,PRPRPRPRPRPRPRPRPRPRPRPRPRPRPRPRPRPRPRPRPRPRPRPRPR
121,LLPS002722,RGRGGRGRGGRGRGGRGRGGRGRGG
122,LLPS002696,KGKGGKGKGGKGKGGKGKGGKGKGG
123,LLPS002738,SKGPGRGDQPYQGRGDQPYQGRGDQPYQGRGDQPYQGRGDQPYQGRGDQPYQGRGDQPYQGRGDQPYQGRGDQPYQGRGDQPYQGRGDQPYQGRGDQPYQGRGDQPYQGRGDQPYQGRGDQPYQGRGDQPYQGRGDQPYQGRGDQPYQGRGDQPYQGRGDQPYQGY
124,LLPS002747,SKGPGRGDSPYSGRGDSPYSGRGDSPYSGRGDSPYSGRGDSPYSGRGDSPYSGRGDSPYSGRGDSPYSGRGDSPYSGRGDSPYSGRGDSPYSGRGDSPYSGRGDSPYSGRGDSPYSGRGDSPYSGRGDSPYSGRGDSPYSGRGDSPYSGRGDSPYSGRGDSPYSGY
125,LLPS002745,SKGPGRGDSPYQGRGDSPYQGRGDSPYQGRGDSPYQGRGDSPYQGRGDSPYQGRGDSPYQGRGDSPYQGRGDSPYQGRGDSPYQGRGDSPYQGRGDSPYQGRGDSPYQGRGDSPYQGRGDSPYQGRGDSPYQGRGDSPYQGRGDSPYQGRGDSPYQGRGDSPYQGY
126,LLPS002741,SKGPGRGDQPYSGRGDQPYSGRGDQPYSGRGDQPYSGRGDQPYSGRGDQPYSGRGDQPYSGRGDQPYSGRGDQPYSGRGDQPYSGRGDQPYSGRGDQPYSGRGDQPYSGRGDQPYSGRGDQPYSGRGDQPYSGRGDQPYSGRGDQPYSGRGDQPYSGRGDQPYSGY
