UniProt ID,seq,weight
D0PV95,ESNQSNNGGSGNAALNRGGRYVPPHLRGGDGGAAAAASAGGDDRRGGAGGGGYRRGGGNSGGGGGGGYDRGYNDNRDDRDNRGGSGGYGRDRNYEDRGYNGGGGGGGNRGYNNNRGGGGGGYNRQDRGDGGSSNFSRGGYNNRDEGSDNRGSGRSYNNDRRDNGGDG,16.640468399999985
P39936,QQANGYKKFPPHDNQYSGANNSQPNNHYNENLYSAREPHNNKQYQSKNGKYGTNKYNNRNNSQGNAQYYNNRFNNGYRLNNNDYN,10.056349799999994
P35637,MASNDYTQQATQSYGAYPTQPGQGYSQQSSQPYGQQSYSGYSQSTDTSGYGQSSYSSYGQSQNTGYGTQSTPQGYGSTGGYGSSQSSQSSYGQQSSYPGYGQQPAPSSTSGSYGSSSQSSSYGQPQSGSYSQQPSYGGQQQSYGQQQSYNPPQGYGQQNQYNSSSGGGGGGGGGGNYGQDQSSMSSGGGSGGGYGNQDQSGGGGSGGYGQQDRGGRGRGGSGGGGGGGGGGYNRSSG,23.417093499999908
P35637,DRRGGRGGYDRGGYRGRGGDRGGFRGGRGGGDRGGFGPGK,4.027229400000001
P35637,MASNDYTQQATQSYGAYPTQPGQGYSQQSSQPYGQQSYSGYSQSTDTSGYGQSSYSSYGQSQNTGYGTQSTPQGYGSTGGYGSSQSSQSSYGQQSSYPGYGQQPAPSSTSGSYGSSSQSSSYGQPQSGSYSQQPSYGGQQQSYGQQQSYNPPQGYGQQNQYNS,17.168085799999982
P35637,MASNDYTQQATQSYGAYPTQPGQGYSQQSSQPYGQQSYSGYSQSTDTSGYGQSSYSSYGQSQNTGYGTQSTPQGYGSTGGYGSSQSSQSSYGQQSSYPGYGQQPAPSSTSGSYGSSSQSSSYGQPQSGSYSQQPSYGGQQQSYGQQQSYNPPQGYGQQNQYNSSSGGGGGGGGGGNYGQDQSSMSSGGGSGGGYGNQDQSGGGGSGGYGQQ,21.22593479999993
P35637,MASNDYTQQATQSYDAYPTQPGQGYDQQSSQPYDQQSYDGYDQSTDTSGYDQSSYSSYGQSQNTGYGTQSTPQGYGSTGGYGSSQSSQSSYGQQSSYPGYGQQPAPSSTSGSYGSSSQSSSYGQPQSGSYSQQPSYGGQQQSYGQQQSYNPPQGYGQQNQYNSSSGGGGGGGGGGNYGQDQSSMSSGGGSGGGYGNQDQSGGGGSGGYGQQ,21.484073399999932
P35637,RRADFNRGGGNGRGGRGRGGPMGRGGYGGGGSGGGGRGGFPSGGGGGGGQQRAGDWKCPNPTCENMNFSWRNECNQCKAPKPDGPGGGPGGSHMGGNYGDDRRGGRGGYDRGGYRGRGGDRGGFRGGRGGGDRGGFGPGKMDSRGEHRQDRRERPY,15.807757699999987
P09651-2,MASASSSQRGRSGSGNFGGGRGGGFGGNDNFGRGGNFSGRGGFGGSRGGGGYGGSGDGYNGFGNDGSNFGGGGSYNDFGNYNNQSSNFGPMKGGNFGGRSSGPYGGGGQYFAKPRNQGGYGGSSSSSSYGSGRRF,13.070279099999992
Q22053,MGRPEFNRGGGGGGFRGGRGGDRGGSRGGFGGGGRGGYGGGDRGSFGGGDRGGFRGGRGGGDRGGFRGGRGGGDRGGFGGRGSPRGGFGGRGSPRGGRGS,9.296696099999998
Q13148,NRQLERSGRFGGNPGGFGNQGGFGNSRGGGAGLGNNQGSNMGGGMNFGAFSINPAMMAAAQAALQSSWGMMGMLASQQNQSGPSGNNQNQGNMQREPNQAFGSGNNSYSGSNSGAAIGWGSASNAGSGSGFNGGFGSSMDSKSSGWGM,14.564411499999991
Q13148,NRQLERSGRFGGNPGGFGNQGGFGNSRGGGAGLGNNQGSNMGGGMNFGAFSINPGMMAAAQAALQSSWGMMGMLASQQNQSGPSGNNQNQGNMQREPNQAFGSGNNSYSGSNSGAAIGWGSASNAGSGSGFNGGFGSSMDSKSSGWGM,14.55038489999999
Q13148,NRQLERSGRFGGNPGGFGNQGGFGNSRGGGAGLGNNQGSNMGGGMNFGAFSINPVMMAAAQAALQSSWGMMGMLASQQNQSGPSGNNQNQGNMQREPNQAFGSGNNSYSGSNSGAAIGWGSASNAGSGSGFNGGFGSSMDSKSSGWGM,14.592464599999989
Q13148,NRQLERSGRFGGNPGGFGNQGGFGNSRGGGAGLGNNQGSNMGGGMNFGAFSINPAMMAAAQAALKSSWGMMGMLASQQNQSGPSGNNQNQGNMQREPNQAFGSGNNSYSGSNSGAAIGWGSASNAGSGSGFNGGFGSSMDSKSSGWGM,14.56445459999999
Q13148,NRQLERSGRFGGNPGGFGNQGGFGNSRGGGAGLGNNQGSNMGGGMNFGAFSINPAMMAAAQAALQSSWGMVGMLASQQNQSGPSGNNQNQGNMQREPNQAFGSGNNSYSGSNSGAAIGWGSASNAGSGSGFNGGFGSSMDSKSSGWGM,14.532346499999989
Q13148,SNRQLERSGRFGGNPGGFGNQGGFGNSRGGGAGLGNNQGSNMGGGMNFGAFSINPAMMAAAQAALQSSWGMMGMLASQQNQSGPSGNNQNQGNMQREPNQAFGSGNNSYSGSNSGAAIGWGSASNAGSGSGFNGGFGSSMDSKSSGWGM,14.651488799999996
Q13148,SNRQLERSGRFGGNPGGFGNQGGFGNSRGGGAGLGNNQGSNMGGGMNFGAFSINPAMMAAAQAALQSSWGMMGMLASQQNQSGPSGNNQNQGNMQREPNQAFGSGNNSYSGSNSGAAIGGGSASNAGSGSGFNGGFGSSMDSKSSGWGM,14.522330199999994
Q13148,SNRQLERSGRFGGNPGGFGNQGGFGNSRGGGAGLGNNQGSNMGGGMNFGAFSINPAMMAAAQAALQSSWGMMGMLASQQNQSGPSGNNQNQGNMQREPNQAFGSGNNSYSGSNSGAAIGWGSASNAGSGSGFNGGFGSSMDSKSSGGGM,14.522330199999994
Q13148,SNRQLERSGRFGGNPGGFGNQGGFGNSRGGGAGLGNNQGSNMGGGMNFGAFSINPAMMAAAQAALQSSGGMMGMLASQQNQSGPSGNNQNQGNMQREPNQAFGSGNNSYSGSNSGAAIGWGSASNAGSGSGFNGGFGSSMDSKSSGWGM,14.522330199999994
Q13148,SNRQLERSGRFGGNPGGFGNQGGFGNSRGGGAGLGNNQGSNMGGGMNFGAFSINPAMMAAAQAALQSSGGMMGMLASQQNQSGPSGNNQNQGNMQREPNQAFGSGNNSYSGSNSGAAIGGGSASNAGSGSGFNGGFGSSMDSKSSGWGM,14.39317159999999
Q13148,SNRQLERSGRFGGNPGGFGNQGGFGNSRGGGAGLGNNQGSNMGGGMNFGAFSINPAMMAAAQAALQSSWGMMGMLASQQNQSGPSGNNQNQGNMQREPNQAFGSGNNSYSGSNSGAAIGGGSASNAGSGSGFNGGFGSSMDSKSSGGGM,14.39317159999999
Q13148,SNRQLERSGRFGGNPGGFGNQGGFGNSRGGGAGLGNNQGSNMGGGMNFGAFSINPAMMAAAQAALQSSGGMMGMLASQQNQSGPSGNNQNQGNMQREPNQAFGSGNNSYSGSNSGAAIGWGSASNAGSGSGFNGGFGSSMDSKSSGGGM,14.39317159999999
Q13148,SNRQLERSGRFGGNPGGFGNQGGFGNSRGGGAGLGNNQGSNMGGGMNFGAFSINPAMMAAAQAALQSSGGMMGMLASQQNQSGPSGNNQNQGNMQREPNQAFGSGNNSYSGSNSGAAIGGGSASNAGSGSGFNGGFGSSMDSKSSGGGM,14.264012999999988
Q13148,SNRQLERSGRFGGNPGGFGNQGGFGNSRGGGASLGNNQGSNMGGGMNFGAFSINPAMMAAAQAALQSSWGMMGMLASQQNQSGPSGNNQNQGNMQREPNQAFGSGNNSYSGSNSGAAIGWGSASNAGSGSGFNGGFGSSMDSKSSGWGM,14.681514799999993
Q13148,SNRQLERSGRFGGNPGGFGNQGGFGNSRGGGAGLGNNQGSNMGGGMNFGAFSINPAMMAAAQAALQSSWGMVGMLASQQNQSGPSGNNQNQGNMQREPNQAFGSGNNSYSGSNSGAAIGWGSASNAGSGSGFNGGFGSSMDSKSSGWGM,14.619423799999993
Q13148,SNRQLERSGRFGGNPGGFGNQGGFGNSRGGGAGLGNNQGSNMGGGMNFGAFSINPAMMAAAQAALKSSWGMMGMLASQQNQSGPSGNNQNQGNMQREPNQAFGSGNNSYSGSNSGAAIGWGSASNAGSGSGFNGGFGSSMDSKSSGWGM,14.651531899999995
Q06787,RRGDGRRRGGGGRGQGGRGRGGGFKGNDDHSRTDNRPRNP,4.260459800000002
Q9TYK1,MSDQGPPEEVVLVGVFSHQCQDDIVCNNTSGKIPYFNAPIYFKNKEQVGKIDEIFGSPGENGFSVTLSQGVKASSFEPESQLYIDPGKLLPVDRFLPQAGGGRGRGGRGRGGDRGGRGSDRGGRGGFGRGGGGGFRGGDRGGFGGGRGGFRGGDRGGFRGGRGGDFGGRGRGDFKRSYDGGSFGGQNNKRTKFE,20.16681319999995
P10636-8,LQTAPVPMPDLKNVKSKIGSTENLKHQPGGGKVQIINKKLDLSNVQSKCGSKDNIKHVPGGGSVQIVYKPVDLSKVTSKCGSLGNIHHKPGGGQVEVKSEKLDFKDRVQSKIGSLDNITHVPGGGNKKIE,13.795719899999987
P10636-8,LQTAPVPMPDLKNVKSKIGSTENLKHQPGGGKVQIVYKPVDLSKVTSKCGSLGNIHHKPGGGQVEVKSEKLDFKDRVQSKIGSLDNITHVPGGGNKKIE,10.549024599999994
P10636-8,NAN,0.3172984
P10636-8,RLQTAPVPMPDLKNVKSKIGSTENLKHQPGGGKVQIINKKLDLSNVQSKCGSKDNIKHVPGGGSVQIVYKPVDLSKVTSKCGSLGNIHHKPGGGQVEVKSEKLDFKDRVQSKIGSLDNITHVPGGGNKKIETHKLTFRENAKAKTDHGAEIVYKSPVVSGDTSPRHLSNVSSTGSIDMVDSPQLATLADEVSASLAKQGL,21.199881300000005
DSGKKT,SGKKTKRTADSSSSEDEEEYVVEKVLDRRVVKGKVEYLLKWKGFSDEDNTWEPEENLDCPDLISEFMKKYKKMKEGENNKPREKSESNKRKSNFSNSADDIKSKKKREQSNDIARGFARGLEPERIIGATDSSGELMFLMKWKNSDEADLVPAKEANVKCPQVVISFYEERLTWHSYPSEDDDKKDDKN,21.916087499999993
P45973,MGKKTKRTADSSSSEDEEEYVVEKVLDRRVVKGQVEYLLKWKGFSEEHNTWEPEKNLDCPELISEFMKKYKKMKEGENNKPREKSESNKRKANFANAADDIKSKKKREQSNDIARGFERGLEPEKIIGATDSCGDLMFLMKWKDTDEADLVLAKEANVKCPQIVIAFYEERLTWHAYPEDAENKEKETAKS,22.176723700000004
P45973,MGKKTKRTADAAAAEDEEEYVVEKVLDRRVVKGQVEYLLKWKGFSEEHNTWEPEKNLDCPELISEFMKKYKKMKEGENNKPREKSESNKRKSNFSNSADDIKSKKKREQSNDIARGFERGLEPEKIIGATDSCGDLMFLMKWKDTDEADLVLAKEANVKCPQIVIAFYEERLTWHAYPEDAENKEKETAKS,22.160724300000002
P45973,MGKKTKRTADSSSSEDEEEYVVEKVLDRRVVKGQVEYLLKWKGFSEEHNTWEPEKNLDCPELISEFMKKYKKMKEGENNKPREKSESNKRKSNFSNSADDIKSKKKREQSNDIARGFERGLEPEKIIGATDSCGDLMFLMKWKDTDEADLVLAKEANVKCPQIVIAFYEERLTWHAY,20.6671068
Q9UHD9,RAMQALMQIQQGLQTLATEAPGLIPSFTPGVGVGVLGTAIGPVGPVTPIGPIGPIVPFTPIGPIGPIGPTGPAAPPGSTGSGGPTGPTVSSAAPSETTSPTSESGPNQQFIQQMVQALAGANAPQLPNPEVRFQQQLEQLNAMGFLNREANLQALIATGGDINAAIERLLGSQPS,17.42459279999999
P22626,GRGGNFGFGDSRGGGGNFGPGPGSNFRGGSDGYGSGRGFGDGYNGYGGGPGGGNFGGSPGYGGGRGGYGGGGPGYGNQGGGYGGGYDNYGGGNYGSGNYNDFGNYNQQPSNYGPMKSGNFGGSRNMGGPYGGGNYGPGGSGGSGGYGGRSRY,14.3644729
P22626,GRGGNFGFGDSRGGGGNFGPGPGSNFRGGSDGYGSGRGFGDGYNGYGGGPGGGNFGGSPGYGGGRGGYGGGGPGYGNQGGGYGGGYDNYGGGNYGSGNYNVFGNYNQQPSNYGPMKSGNFGGSRNMGGPYGGGNYGPGGSGGSGGYGGRSRY,14.348516500000002
P22626,GRGGNFGFGDSRGGGGNFGPGPGSNFRGGSDGYGSGRGFGDGYNGYGGGPGGGNFGGSPGYGGGRGGYGGGGPGYGNQGGGYGGGYDNYGGGNYGSGNYNDFGNYNQQLSNYGPMKSGNFGGSRNMGGPYGGGNYGPGGSGGSGGYGGRSRY,14.380515299999999
P04050,FSPTSPTYSPTSPAYSPTSPSYSPTSPSYSPTSPSYSPTSPSYSPTSPSYSPTSPSYSPTSPSYSPTSPSYSPTSPSYSPTSPSYSPTSPSYSPTSPSYSPTSPSYSPTSPSYSPTSPAYSPTSPSYSPTSPSYSPTSPSYSPTSPSYSPTSPNYSPTSPSYSPTSPGYSPGSPAYSPKQDEQKHNENENSR,19.999584199999983
P04156,KKRPKPGGWNTGGSRYPGQGSPGGNRYPPQGGGGWGQPHGGGWGQPHGGGWGQPHGGGWGQPHGGGWGQGGGTHSQWNKPSKPKTNMKHMAGAAAAGAVVGGLGGYMLGSAMSRPIIHFGSDYEDRYYRENMHRYPNQVYYRPMDEYSNQNNFVHDCVNITIKQHTVTTTTKGENFTETDVKMMERVVEQMCITQYERESQAYYQRGSS,22.83388080000001
A0A0G2UMW8,MKCVSFAIFLVVAIFGANSQLYGAPAVGGVVENAVNAAESGAAATHDAQGAYAEADTAGVLDVNHAEHHDGVHDASGYGFGGLAGHGGFAGHGLYGPGFAGHGLLGAGYAGLGLHGAGFAGHGLHGAGFAGHGLYGAGFAGHGLHGFAGHGLYGAGFAGHGLGLGGLHGALGHGALAHY,17.054533299999985
Q13148,SNRQLERSGRFGGNPGGFGNQGGFGNSRGGGAGLGNNQGSNMGGGMNFGEFSINPAMMAAAQAALQSSWGMMGMLASQQNQSGPSGNNQNQGNMQREPNQAFGSGNNSYSGSNSGAAIGWGSASNAGSGSGFNGGFGSSMDSKSSGWGM,14.709524899999993
P32588,NNNNNYQQRRNYGNNNRGGFRQYNSNNNNNMNMGMNMNMNMNMNNSRGMPPSSMGMPIGAMPLPSQGQPQQSQTIGLPPQVNPQAVDHIIRS,10.310364299999998
Q06787,GASSRPPPNRTDKEKSYVTDDGQGMGRGSRPYRNRGHGRRGPGYTSGTNSEASNASETESDHRDELSDWSLAPTEEERESFLRRGDGRRRGGGGRGQGGRGRGGGFKGNDDHSRTDNRPRNPREAKGRTTDGSLQIRVDCNNERSVHTKTLQNTSSEGSRLRTGKDRNQKKEKPDSVDGQQPLVNGVP,20.572729299999992
Q9NQI0,MGDEDWEAEINPHMSSYVPIAEKDRYSGENGDNANRTPASSSEMDDGPSRRDHAMKSGAASGRNAGNRDAGECNKRDNTSTMGGAGVGKSAGNRGASNSRAEDGDSSGAWRESSNDCEDNPTRNRGASKRGGYRDGNNSEASGPYRRGGRGSARGCRGGAGLGSPNNDLDPDECMQRTGGLAGSRRPVLSGTGNGDTSQSRSGSGSERGGYKGLNEEVITGSGKNSWKSEAEGGES,24.364326899999966
Q9NQI0,MGDEDWEAEINPHMSSYVPIFEKDRYSGENGDNFNRTPASSSEMDDGPSRRDHFMKSGAASGRNAGNRDAGECNKRDNTSTMGGAGVGKSAGNRGASNSRFEDGDSSGFWRESSNDCEDNPTRNRGASKRGGYRDGNNSEASGPYRRGGRGSARGCRGGAGLGSPNNDLDPDECMQRTGGLAGSRRPVLSGTGNGDTSQSRSGSGSERGGYKGLNEEVITGSGKNSWKSEAEGGES,24.744806399999966
O60563,MRIPVAGGDKAASSKPEEIKMRIKVHAAADKHNSVEDSVTKSREHKEKHKTHPSNAAAAANAASAKASHSQLPVGTGNKRPGDPKHSSQTSNLAHKTYSLSSSFSSSSSTRKRGPSEETGGAVFDHPAKIAKSTKSSSLNFSFPSLPTMGQMPGHSSDTSGLSFSQPSCKTRVPHSKLDKGPTGANGHNTTQT,20.193082099999984
O60563,MRIPVAGGDKAASSKPEEIKMRIKVHAAADKHNSVEDSVTKSREHKEKHKTHPSNHHHHHNHHSHKHSHSQLPVGTGNKRPGDPKHSSQTSNLAHKTYSLSSSFSSSSSTRKRGPSEETGGAVFDHPAKIAKSTKSSSLNFSFPSLPTMGQMPGHSSDTSGLSFSQPSCKTRVPHSKLDKGPTGANGHNTTQT,20.787634699999987
Q13627,NSVSTSPAMEQSQSSGTTSSTSSSSGGSSGTSNSGRARSDPTHQHRHSGGHFTAAVQAMDCETHSPQVRQQFPAPLGWSGTEAPTQVTVETHPVQETTFHVAPQQNALHHHHGNSSHHHHHHHHHHHHHGQQALGNRTRPRVYNSPTNSSSTQDSMEVGHSHHSMTSLSSSTTSSSTSSSSTGNQGNQAYQNRPVA,20.9197249
Q13148,KHNSNRQLERSGRFGGNPGGFGNQGGFGNSRGGGAGLGNNQGSNMGGCMNFGAFSINPAMMAAAQAALQSSWGMMGMLASQQNQSGPSGNNQNQGNMQREPNQAFCSGNNSYSGSNSGAAIGWGSASNAGSGSGFNGGFGSSMDSKSSGWGM,15.12308619999999
Q9UHD9,MAENGESSGPPRPSRGPAAAQGSAAAPAEPKIIKVTVKTPKEKEEFAVPENSSVQQFKEAISKRFKSQTDQLVLIFAGKILKDQDTLIQHGIHDGLTVHLVIKSQN,11.413855999999988
Q13148,GRFGGNPGGFGNQGGFGNSRGGGAGLGNNQGSNMGGGMNFGAFSINPAMMAAAQAALQSSWGMMGMLASQQNQSGPSGNNQNQGNMQREPNQAFGSGNNSYSGSNSGAAIGWGSASNAGSGSGFNGGFGSSMDSKSSGWGM,13.680459399999995
P35637,MASNDYTQQATQSYGAYPTQPGQGYSQQSSQPYGQQSYSGYSQSTDTSGYGQSSYSSYGQSQNSYGTQSTPQGYGSTGGYGSSQSSQSSYGQQSSYPGYGQQPAPSSTSGSYGSSSQSSSYGQPQSGSYSQQPSYGGQQQSYGQQQSYNPPQGYGQQNQYNSSSGGGGGGGGG,17.784624199999964
P0C093,MAEKQTAKRNRREEILQSLALMLESSDGSQRITTAKLAASVGVSEAALYRHFPSKTRMFDSLIEFIEDSLITRINLILKDEKDTTARLRLIVLLLLGFGERNPGLTRILTGHALMFEQDRLQGRINQLFERIEAQLRQVLREKRMREGEGYTTDETLLASQILAFCEGMLSRFVRSEFKYRPTDDFDARWPLIAAQLQ,22.83607439999999
O00571,MSHVAVENALGLDQQFAGLDLNSSDNQSGGSTASKGRYIPPHLRNREATKGFYDKDSSGWSSSKDKDAYSSFGSRSDSRGKSSFFSDRGSGSRGRFDDRGRSDYDGIGSRGDRSGFGKFERGGNSRWCDKSDEDDWSKPLPPSERLEQELFSGGNTGINFEKYDDIPV,18.448446099999988
O00571,MSHVAVENALGLDQQFAGLDLNSSDNQSGGSTASKGRYIPPHLRNREATKGFYDKDSSGWSSSKDKDAYSSFGSRSDSRGKSSFFSDRGSGSRGRFDDRGRSDYDGIGSRGDRSGFGQFERGGNSRWCDKSDEDDWSKPLPPSERLEQELFSGGNTGINFEKYDDIPV,18.44840299999999
O00571,MSHVAVENALGLDQQFAGLDLNSSDNQSGGSTASKGRYIPPHLRNREATKGFYDKDSSGWSSSKDKDAYSSFGSRSDSRGKSSFFSDRGSGSRGRFDDRGRSDYDGIGSRGDRSGFGRFERGGNSRWCDKSDEDDWSKPLPPSERLEQELFSGGNTGINFEKYDDIPV,18.476459499999986
O00571,MSHVAVENALGLDQQFAGLDLNSSDNQSGGSTASQGRYIPPHLRNREATKGFYDKDSSGWSSSKDKDAYSSFGSRSDSRGKSSFFSDRGSGSRGRFDDRGRSDYDGIGSRGDRSGFGKFERGGNSRWCDKSDEDDWSKPLPPSERLEQELFSGGNTGINFEKYDDIPV,18.448402999999985
O00571,MSHVAVENALGLDQQFAGLDLNSSDNQSGGSTASKGRYIPPHLRNREATQGFYDKDSSGWSSSKDKDAYSSFGSRSDSRGKSSFFSDRGSGSRGRFDDRGRSDYDGIGSRGDRSGFGKFERGGNSRWCDKSDEDDWSKPLPPSERLEQELFSGGNTGINFEKYDDIPV,18.448402999999985
O00571,MSHVAVENALGLDQQFAGLDLNSSDNQSGGSTASKGRYIPPHLRNREATKGFYDQDSSGWSSSKDKDAYSSFGSRSDSRGKSSFFSDRGSGSRGRFDDRGRSDYDGIGSRGDRSGFGKFERGGNSRWCDKSDEDDWSKPLPPSERLEQELFSGGNTGINFEKYDDIPV,18.448402999999985
O00571,MSHVAVENALGLDQQFAGLDLNSSDNQSGGSTASKGRYIPPHLRNREATKGFYDKDSSGWSSSQDKDAYSSFGSRSDSRGKSSFFSDRGSGSRGRFDDRGRSDYDGIGSRGDRSGFGKFERGGNSRWCDKSDEDDWSKPLPPSERLEQELFSGGNTGINFEKYDDIPV,18.448402999999985
O00571,MSHVAVENALGLDQQFAGLDLNSSDNQSGGSTASKGRYIPPHLRNREATKGFYDKDSSGWSSSKDKDAYSSFGSRSDSRGQSSFFSDRGSGSRGRFDDRGRSDYDGIGSRGDRSGFGKFERGGNSRWCDKSDEDDWSKPLPPSERLEQELFSGGNTGINFEKYDDIPV,18.44840299999999
O00571,MSHVAVENALGLDQQFAGLDLNSSDNQSGGSTASKGRYIPPHLRNREATKGFYDKDSSGWSSSKDKDAYSSFGSRSDSRGKSSFFSDRGSGSRGRFDDRGRSDYDGIGSRGDRSGFGKFERGGNSRWCDQSDEDDWSKPLPPSERLEQELFSGGNTGINFEKYDDIPV,18.448402999999985
O00571,MSHVAVENALGLDQQFAGLDLNSSDNQSGGSTASKGRYIPPHLRNREATKGFYDKDSSGWSSSKDKDAYSSFGSRSDSRGKSSFFSDRGSGSRGRFDDRGRSDYDGIGSRGDRSGFGKFERGGNSRWCDKSDEDDWSQPLPPSERLEQELFSGGNTGINFEKYDDIPV,18.448402999999985
O00571,MSHVAVENALGLDQQFAGLDLNSSDNQSGGSTASKGRYIPPHLRNREATKGFYDKDSSGWSSSKDKDAYSSFGSRSDSRGKSSFFSDRGSGSRGRFDDRGRSDYDGIGSRGDRSGFGKFERGGNSRWCDKSDEDDWSKPLPPSERLEQELFSGGNTGINFEQYDDIPV,18.448402999999985
O00571,MSHVAVENALGLDQQFAGLDLNSSDNQSGGSTASKGRYIPPHLRNREATKGFYDKDSSGWSSSKDQDAYSSFGSRSDSRGKSSFFSDRGSGSRGRFDDRGRSDYDGIGSRGDRSGFGKFERGGNSRWCDKSDEDDWSKPLPPSERLEQELFSGGNTGINFEKYDDIPV,18.448402999999985
Q2Q9Z6,MNKFSVTVLLALVLIGFFAVQSDAGYGYDLGYNAPWPYNNGYYGYNGYNGYHGRYGWNKGWNNGPWGGY,7.790478000000005
Q13148,KHNSNRQLERSGRFGGNPGGFGNQGGFGNSRGGGAGLGNNQGSNMGGGMNFGAFSINPAMMAAAQAALQSSWGMMGMLASQQNQSGPSGNNQNQGNMQREPNQAFGSGNNSYSGSNSGAAIGWGSASNAGSGSGFNGGFGSSMDSKSSGWGM,15.030902999999995
Q61686,MGKKTKRTADSSSSEDEEEYVVEKVLDRRMVKGQVEYLLKWKGFSEEHNTWEPEKNLDCPELISEFMKKYKKMKEGENNKPREKSEGNKRKSSFSNSADDIKSKKKREQSNDIARGFERGLEPEKIIGATDSCGDLMFLMKWKDTDEADLVLAKEANVKCPQIVIAFYEERLTWHAYPEDAENKEKESAKS,22.185709000000003
Q9UHD9,RAMQALMQIQQGLQTLATEAPGLIPSFTPGVGVGVLGTTIGPVGPVTPIGPIGPIVPFTPIGPIGPIGPTGPAAPPGSTGSGGPTGPTVSSAAPSETTSPTSESGPNQQFIQQMVQALAGANAPQLPNPEVRFQQQLEQLNAMGFLNREANLQALIATGGDINAAIERLLGSQPS,17.454618799999988
Q9UHD9,RAMQALMQIQQGLQTLATEAPGLIPSFTPGVGVGVLGTAIGPVGPVTPIGPIGPIVPFTPIGPIGPIGPTGPAAPSGSTGSGGPTGPTVSSAAPSETTSPTSESGPNQQFIQQMVQALAGANAPQLPNPEVRFQQQLEQLNAMGFLNREANLQALIATGGDINAAIERLLGSQPS,17.414554899999988
Q9UHD9,RAMQALMQIQQGLQTLATEAPGLIPSFTPGVGVGVLGTAIGPVGPVTPIGSIGPIVPFTPIGPIGPIGPTGPAAPPGSTGSGGPTGPTVSSAAPSETTSPTSESGPNQQFIQQMVQALAGANAPQLPNPEVRFQQQLEQLNAMGFLNREANLQALIATGGDINAAIERLLGSQPS,17.414554899999988
Q9UHD9,RAMQALMQIQQGLQTLATEAPGLIPSFTPGVGVGVLGTAIGPVGPVTPIGPIGPIVPFTSIGPIGPIGPTGPAAPPGSTGSGGPTGPTVSSAAPSETTSPTSESGPNQQFIQQMVQALAGANAPQLPNPEVRFQQQLEQLNAMGFLNREANLQALIATGGDINAAIERLLGSQPS,17.414554899999988
Q9UHD9,RAMQALMQIQQGLQTLATEAPGLIPSFTPGVGVGVLGTAIGPVGPVTPIGPIGPIVSFTPIGPIGPIGPTGPAAPPGSTGSGGPTGPTVSSAAPSETTSPTSESGPNQQFIQQMVQALAGANAPQLPNPEVRFQQQLEQLNAMGFLNREANLQALIATGGDINAAIERLLGSQPS,17.414554899999988
Q9UHD9,RAMQALMQIQQGLQTLATEAPGLIPSFTPGVGVGVLGTAIGPVGPVTPIGPIGPIVTFTPIGPIGPIGPTGPAAPPGSTGSGGPTGPTVSSAAPSETTSPTSESGPNQQFIQQMVQALAGANAPQLPNPEVRFQQQLEQLNAMGFLNREANLQALIATGGDINAAIERLLGSQPS,17.42858149999999
Q9UHD9,RAMQALMQIQQGLQTLATEAPGLIPSFTPGVGVGVLGTAIGPVGPVTPIGPIGPIVAFTPIGPIGPIGPTGPAAPPGSTGSGGPTGPTVSSAAPSETTSPTSESGPNQQFIQQMVQALAGANAPQLPNPEVRFQQQLEQLNAMGFLNREANLQALIATGGDINAAIERLLGSQPS,17.398555499999986
Q9UHD9,RAMQALMQIQQGLQTLATEAPGLIPSFTPGVGVGVLGIAIGPVGPVTPIGPIGPIVPFTPIGPIGPIGPTGPAAPPGSTGSGGPTGPTVSSAAPSETTSPTSESGPNQQFIQQMVQALAGANAPQLPNPEVRFQQQLEQLNAMGFLNREANLQALIATGGDINAAIERLLGSQPS,17.436646499999988
Q9UHD9,RAMQALMQIQQGLQTLATEAPGLIPSFTPGVGVGVLGTAIGPVGPVTLIGPIGPIVPFTPIGPIGPIGPTGPAAPPGSTGSGGPTGPTVSSAAPSETTSPTSESGPNQQFIQQMVQALAGANAPQLPNPEVRFQQQLEQLNAMGFLNREANLQALIATGGDINAAIERLLGSQPS,17.44063519999999
P07320,MGKITLYEDRGFQGRHYECSSDHPNLQPYLSRCNSARVDSGCWMLYEQPNYSGLQYFLRRGDYADHQQWMGLSDSVRSCRLIPHSGSHRIRLYEREDYRGQMIEFTEDCSCLQDRFRFNEIHSLNVLEGSWVLYELSNYRGRQYLLMPGDYRRYQDWGATNARVGSLRRVIDFS,20.7379091
P10067,MGKITFYEDRGFQGRHYECSTDHSNLQPYFSRCNSVRVDSGCWMLYEQPNFTGCQYFLRRGDYPDYQQWMGFSDSVRSCRLIPHAGSHRIRLYEREDYRGQMVEFTEDCPSLQDRFHFNEIYSLNVLEGCWVLYEMTNYRGRQYLLRPGEYRRYHDWGAMNARVGSLRRVMDFY,21.103400400000005
P53297,SMGNAVPGMNPAMGMNMGGMMGFPMGGPSASPNPMMNGFAAGSMGMYMPFQPQPMFYHPSMPQMMPVMGSNGAEEGGGNISPHVPAGFMAAGPGAPMGAFGYPGGIPFQGMMGSGPSGMPANGSAMHSHGHSRNYHQTSHHGHHNSSTSGHK,15.436478800000001
P35637,ASNDYTQQATQSYGAYPTQPGQGYSQQSSQPYGQQSYSGYSQSTDTSGYGQSSYSSYGQSQNTGYGTQSTPQGYGSTGGYGSSQSSQSSYGQQSSYPGYGQQPAPSSTSGSYGSSSQSSSYGQPQSGSYSQQPSYGGQQQSYGQQQSYNPPQGYGQQNQYNSSSGGGGGGGGGGNYGQDQSSMSSGGGSGGGYGNQDQSGGGGSGGYGQQDRG,21.42306319999993
P53297,SMGNAVPGMNPAMGMNMGGMAGFPAGGPSASPNPAANGFAAGSAGAYAPFQPQPAFYHPSMPQMMPVMGSNGAEEGGGNISPHVPAGFMAAGPGAPMGAFGYPGGIPFQGMMGSGPSGMPANGSAMHSHGHSRNYHQTSHHGHHNSSTSGHK,14.955534
P53297,SMGNAVPGMNPAMGMNMGGMMGFPMGGPSASPNPMMNGFAAGSMGMYMPFQPQPMFYHPSMPQMSPVSGSNGAEEGGGNISPHVPAGFSAAGPGAPSGAFGYPGGIPFQGSSGSGPSGSPANGSASHSHGHSRNYHQTSHHGHHNSSTSGHK,15.083529199999994
P53297,SMGNAVPGMNPAMGMNMGGMYGFPYGGPSASPNPYYNGFAAGSYGYYYPFQPQPYFYHPSMPQMMPVMGSNGAEEGGGNISPHVPAGFMAAGPGAPMGAFGYPGGIPFQGMMGSGPSGMPANGSAMHSHGHSRNYHQTSHHGHHNSSTSGHK,15.692296400000004
A0A0G2UHG9,MQFFGAGPFNTAHHSAVSDAAAAHHDAAGEYAQNAATGLLDTHHNENHDMTHDLANGYGLHEHDEQHHGLADGLHQEYAARAAQGANAVHNDAAQSHSALAAANTFGHGHAPYAAYGHGVYGHGPYGHGPYGHGLYGHGLYGHGPYGHGLYGHGAFGHGLNAYAPLVGHGLRGYL,18.19518609999998
P15502,FPGFGVGVGGIPGVAGVPGVGGVPGVGGVPGVGISP,3.0274730000000005
P10636-8,QTAPVPMPDLKNVKSKIGSTENLKHQPGGGKVQIINKKLDLSNVQSKCGSKDNIKHVPGGGSVQIVYKPVDLSKVTSKCGSLGNIHHKPGGGQVEVKSEKLDFKDRVQSKIGSLDNITHVPGGGNKKIE,13.682562299999987
P00698,MRSLLILVLCFLPLAALGKVFGRCELAAAMKRHGLDNYRGYSLGNWVCAAKFESNFNTQATNRNTDGSTDYGILQINSRWWCNDGRTPGSRNLCNIPCSALLSSDITASVNCAKKIVSDGNGMNAWVAWRNRCKGTDVQAWIRGCRL,16.23849379999999
P35637,SNDYTQQATQSYGAYPTQPGQGYSQQSSQPYGQQSYSGYSQSTDTSGYGQSSYSSYGQSQNTGYGTQSTPQGYGSTGGYGSSQSSQSSYGQQSSYPGYGQQPAPSSTSGSYGSSSQSSSYGQPQSGSYSQQPSYGGQQQSYGQQQSYNPPQGYEQQNQYNSSSGGGGGGGGGGNYGQDQSSMSSGGGSGGGYGNQDQSGGGGSGGYGQQDRG,21.424047999999935
P35637,SNDYTQQATQSYGAYPTQPGQGYSQQSSQPYGQQSYSGYSQSTDTSGYGQSSYSSYGQSQNTGYGTQSTPQGYGSTGGYGSSQSSQSSYGQQSYPGYGQQPAPSSTSGSYGSSSQSSSYGQPQSGSYSQQPSYGGQQQSYGQQQSYNPPQGYGQQNQYNSSSGGGGGGGGGGNYGQDQSSMSSGGGSGGGYGNQDQSGGGGSGGYGQQDRG,21.264907999999934
P60844,MFRKLAAECFGTFWLVFGGCGSAVLAAGFPELGIGFAGVALAFGLTVLTMAFAVGHISGGHFNPAVTIGLWAGGRFPAKEVVGYVIAQVVGGIVAAALLYLIASGKTGFDAAASGFASNGYGEHSPGGYSMLSALVVELVLSAGFLLVIHGATDKFAPAGFAPIAIGLALTLIHLISIPVTNTSVNPARSTAVAIFQGGWALEQLWFFWVVPIVGGIIGGLIYRTLLEKRD,23.702487900000012
E1UZH7,RTEKTQYRSYEFTHINGKNLTETDNLYSVEELIGTTRADKFFGSKFTDIFHGADGDDLIEGNDGNDRLYGDKGNDTLSGGNGDDQLYGGDGNDKLIGGAGNNYLNGGDGDDELQVQGNSLAKNVLFGGKGNDKLYGSEGADLLDGGEGDDLLKGGYGNDIYRYLSGYGHHIIDDDGGKEDKLSLADIDFRDVAFKREGNDLIMYKAEGNVL,22.807163399999986
P08621,RDRDRDRERERRERSRERDKERERRRSRSRDRRRRSRSRDKEERRRSRERSKDKDRDRKRRSSRSRERARRERERKEE,10.507339199999992
P08621,AEPSEAGDAPPDDGPPGELGPDGPDGPEEKGRDRDRERRRSHRSERERRRDRDRDRDRDREHKRGERGSERGRDEARGGGGGQDNGLEGLG,10.136414199999997
P08621,ERERRRDRDRDRDRDREHK,2.6517771999999997
P08621,ARARRRARARARARARAHK,2.2576214
P35637,MASNDYTQQATQSYGAYPTQPGQGYSSSSSQPYGQQSYSGYSQSTDTSGYGQSSYSSYGQSQNTGYGTQSTPQGYGSTGGYGSSQSSQSSYGSSSSYPGYGQQPAPSSTSGSYGSSSQSSSYGQPQSGSYSSSPSYGGQQQSYGQQQSYNPPQGYGSSNQYNS,16.839670599999987
P35637,MASNDYTSSATQSYGAYPTQPGQGYSQQSSQPYGQQSYSGYSQSTDTSGYGQSSYSSYGSSSNTGYGTQSTPQGYGSTGGYGSSQSSQSSYGQQSSYPGYGSSPAPSSTSGSYGSSSQSSSYGQPQSGSYSQQPSYGGSSQSYGQQQSYNPPQGYGQQNQYNS,16.839670599999987
P35637,MASNDYTQQATQSYGAYPTQPGQGYSQQSQQPYGQQSYSGYSQQTDTQGYGQQSYSSYGQSQNTGYGTQQTPQGYGSTGGYGSQQSSQQSYGQQQSYPGYGQQPAPSQTSGSYGSSQQQSSYGQPQQGSYSQQPSYGGQQQSYGQQQSYNPPQGYGQQNQYNS,17.660708599999985
Q14444,SRGVSRGGSRGARGLMNGYRGPANGFRGGYDGYRPSFSNTPNSGYTQSQFSAPRDYSGYQRDGYQQNFKRGSGQSGPRGAPRGRGGPPRPNRGMPQMNTQQVN,11.107888299999994
Q14444,SKGVSKGGSKGAKGLMNGYRGPANGFRGGYDGYRPSFSNTPNSGYTQSQFSAPRDYSGYQRDGYQQNFKRGSGQSGPRGAPRGRGGPPRPNRGMPQMNTQQVN,10.995834699999993
Q14444,SRGVSRGGSRGARGLMNGYRGPANGFKGGYDGYKPSFSNTPNSGYTQSQFSAPKDYSGYQKDGYQQNFKRGSGQSGPRGAPRGRGGPPRPNRGMPQMNTQQVN,10.995834699999994
Q14444,SRGVSRGGSRGARGLMNGYRGPANGFRGGYDGYRPSFSNTPNSGYTQSQFSAPRDYSGYQRDGYQQNFKKGSGQSGPKGAPKGKGGPPRPNRGMPQMNTQQVN,10.995834699999994
Q08379,MWPQPRLPPRPAMSEETRQSKLAAAKKKLREYQQRNSPGVPTGAKKKKKIKNGSNPETTTSGGCHSPEDTPKDNAATLQPSDDTVLPGGVPSPGASLTSMAASQNHDADNVPNLMDETKTFSSTESLRQLSQQLNGLVCESATCVNGE,15.786409799999987
Q08379,GPASSANLKDLESRYQQLAVALDSSYVTNKQLNITIEKLKQQNQEITDQLEEEKKECHQKQGALREQLQVHIQTIGILVSEKAELQTALAHTQHAARQKEGESEDLASRLQYSRRRVGELERALSAVSTQQKKADRYNKELTKERDALRLELYKNTQSNEDLKQEKSELEEKLRVLVTEKAGMQLNLEELQKKL,22.308810500000018
Q08379,LQQFSSRCEAPDANQQLQQAMEERAQLEAHLGQVMESVRQLQMERDKYAENLKGESAMWRQRMQQMSEQVHTLREEKECSMSRVQE,10.214346400000002
Q08379,TGGDSVCGETHRALQGAMEKLQSRFMELMQEKADLKERVEELEHRCIQLSGETDTIGEYIALYQSQRAVLKERHREKEEYISRLAQDKEEMKVKLLELQE,11.697118499999993
P35637,MASNDYTQQATQSYGAYPTQPGQGYSQQSSQPYGQQSYSGYSQSTDTSGYGQSSYSSYGQSQNTGYGTQSTPQGYGSTGGYGSSQSSQSSYGQQSSYPGYGQQPAPSSTSGSYGSSSQSSSYGQPQSGSYSQQPSYGGQQQSYGQQQSYNPPQGYGQQNQYNSSSGGGGGGGGGGNYGQD,18.49029709999996
P40967,PTAEAPNTTAGQVPTTEVVGTTPGQAPTAEPSGTTSVQVPTTEVISTAPVQMPTAESTGMTPEKVPVSEVMGTTLAEMSTPEATGMTPAEVSIVVLSGTTAAQVTTTEWVETTARELPIPEPEGPDASSI,13.091370299999989
P00974,RPDFCLEPPYTGPCKARIIRYFYNAKAGLCQTFVYGGCRAKRNNFKSAEDCMRTCGGA,6.5174863000000025
P48443,YGNYSHFMKFPAGYGGSPGHTGSTSMSPSAALSTGKPMDSHPSYTDTPVSAPRTLSAVGTPLNALGSPYRVITSAMGPPSGALAAPPGINLVAPPSSQLNVVNSVSSSEDIKPLPGLPGIGNMNYP,12.655070099999985
P50995,MSYPGYPPPPGGYPPAAPGGGPWGGAAYPPPPSMPPIGLDNVATYAGQFNQDYLSGMAANMSGTFGGANMPNLYPGAPGAGYPPVPPGGFGQPPSAQQPVPPYGMYPPPGGNPPSRMPSYPPYPGAPVPGQPMPPPGQQPPGAYPGQPPVTYPGQPPVPLPGQQQPVPSYPGYPGSGTVTPAVPP,18.46858189999996
Q96C19,ADCELSAKLLRRADLNQGIGEPQSPSRRVFNPYTEFKEFSRKQIKDMEKMFKQYDAGRDGFIDLMELKLMMEKLGAPQTHLGLKNMIKEVDEDFDSKLSFREFLLIFRKAAAGELQEDSGLCVLARLSEIDVSSEGVKGAKSFFEAKVQAINVSSRFEEEIKAEQEERKKQAEEMKQRKAAFKELQSTFK,21.8457687
P26368,RSHSRSRSRDRKRRSRSRDRRNRDQRSASRDRRRRSKPL,4.9904696
P04925,QGGGTHNQWNKPSKPKTNLKHVAGAAAAGAVVGGLGGYMLGSAMSRPMIHFGNDWEDRYYRENMYRYPNQVYYRPVDQYSNQNNFVHDCVNITIKQHTVTTTTKGENFTETDVKMMERVVEQMCVTQYQKESQAYYDGRRSS,16.228890699999987
O44490,DEKQARIVELEEELMRQRMGRSNQPRDFTDKNLSGHEMATMRMKMDRSEVELAEKKQELFGCQTRMQTAEETANEMRGHLQLLKDQLTNREQHNTLLQGDVDALRQKLDSKNKQLEQKDERVAALERDLSSSKADVSDKGELIRQTEMKT,17.504493599999993
O44490,AIETERRQHLEQLFQLKQEALLAAISEKDTHLALLEKSRGPRDEIETIRRHKDALIRKLKQENERRVLVSHPDPVISMNAMASVIPGAPLPAPVIPGTIGIPQHSQHPPQVDHDDADGIWA,13.544297899999982
Q21049,VQQAFSSSPSLADVGQSTLPRPNTAVQHQQDDMMNSGMGMPSGMQGGMQGGMGGGQDAQMLASMLQDRLDAINTEIRLIQQEKHHAERVAEQLERSSREFYDDQGISTRSSPRASPQLDNMRQHKYNTLPANVSGDRRYDIYGNPQFVDD,16.600088199999988
Q21049,QSRMHAIPFTHAQNIVQQQPQASIAQQSAYQMYKQQPAQQYQTVGMRRPNKGRISALQDDPNKVQTLNEQEWDRLQQAHVLANVQQAFSSSPSLADVGQSTLPRPNTAVQHQQDDMMNSGMGMPSGMQGGMQGGMGGGQDAQMLASMLQDRLDAINTEIRLIQQEKHHAERVAEQLERS,19.933036499999986
Q21049,SREFYDDQGISTRSSPRASPQLDNMRQHKYNTLPANVSGDRRYDIYGNPQFVDDRMVRDLDYEPRRGYNQFDEMQYERDRMSPASSVASSTDGVLGGKKKRSNSSSGLKTLGRFFNKKKNSSSDLFKRNGDYSDGEQSGTEGNQKADY,16.87907719999998
Q21049,QSRMHAIPFTHAQNIVQQQPQASIAQQSAYQMYKQQPAQQYQTVGMRRPNKGRISALQDDPNKVQTLNEQEW,8.366237900000003
Q21049,DRLQQAHVLANVQQAFSSSPSLADVGQSTLPRPNTAVQHQQDDMMNSGMGMPSGMQGGMQGGMGGGQDAQM,7.3600981000000045
Q21049,SREFYDDQGISTRSSPRASPQLDNMRQHKYNTLPANVSGDRRYDIYGNPQFVDDRMVRDLDYEPRRGYNQF,8.4770997
Q21049,NVSGDRRYDIYGNPQFVDDRMVRDLDYEPRRGYNQFDEMQYERDRMSPASSVASSTDGVLGGKKKRSNSSS,8.158745599999998
Q21049,DEMQYERDRMSPASSVASSTDGVLGGKKKRSNSSSGLKTLGRFFNKKKNSSSDLFKRNGDYSDGEQSGTE,7.6431989000000025
Q21049,VQQAFSSSPSLADVGQSTLPRPNTAVQHQQDDMMNSGMGMPSGMQGGMQGGMGGGQDAQMLASMLQDRLDAINTEIRLIQQEKHHAERVAEQLERSSREFYDDQGISTRSSPR,12.32149779999999
Q21049,VQQAFSSSPSLADVGQSTLPRPNTAVQHQQDDMMNSGMGMPSGMQGGMQGGMGGGQDAQMLASMLQDRLDAINTERASPQLDNMRQHKYNTLPANVSGDRRYDIYGNPQFVDD,12.220368499999985
Q21049,VQQAFSSSPSLADVGQSTLPRPNTAVQHQQDDMMNSGMIRLIQQEKHHAERVAEQLERSSREFYDDQGISTRSSPRASPQLDNMRQHKYNTLPANVSGDRRYDIYGNPQFVDD,12.875902199999983
Q21049,QSRMHAIPFTHAQNIVQQQPQASIAQQSAYQMYKQQPAQQYQTVGMRRPNKGRISALQDDPNKVQTLNEQEWDRLQQAHVLANVQQAFSSSPSLADVGQSTLPRPNTAVQHQQDDMMNSGMGMPSGMQGGMQGGMGGGQD,15.377917599999975
Q21049,QSRMHAIPFTHAQNIVQQQPQASIAQQSAYQMYKQQPAQQYQTVGMRRPNKGRISALQDDPTLPRPNTAVQHQQDDMMNSGMGMPSGMQGGMQGGMGGGQDAQMLASMLQDRLDAINTEIRLIQQEKHHAERVAEQLERS,15.626417600000003
Q21049,QSRMHAIPFTHAQNIVQQQPQASNKVQTLNEQEWDRLQQAHVLANVQQAFSSSPSLADVGQSTLPRPNTAVQHQQDDMMNSGMGMPSGMQGGMQGGMGGGQDAQMLASMLQDRLDAINTEIRLIQQEKHHAERVAEQLERS,15.555160900000002
Q21049,YNTLPANVSGDRRYDIYGNPQFVDDRMVRDLDYEPRRGYNQFDEMQYERDRMSPASSVASSTDGVLGGKKKRSNSSSGLKTLGRFFNKKKNSSSDLFKRNGDYSDGEQSGTEGNQKADY,13.489448199999984
Q21049,SREFYDDQGISTRSSPRASPQLDNMRQHKRDLDYEPRRGYNQFDEMQYERDRMSPASSVASSTDGVLGGKKKRSNSSSGLKTLGRFFNKKKNSSSDLFKRNGDYSDGEQSGTEGNQKADY,13.620543799999982
Q21049,SREFYDDQGISTRSSPRASPQLDNMRQHKYNTLPANVSGDRRYDIYGNPQFVDDRMVSVASSTDGVLGGKKKRSNSSSGLKTLGRFFNKKKNSSSDLFKRNGDYSDGEQSGTEGNQKADY,13.371338899999985
Q21049,SREFYDDQGISTRSSPRASPQLDNMRQHKYNTLPANVSGDRRYDIYGNPQFVDDRMVRDLDYEPRRGYNQFDEMQYERDRMSPASFFNKKKNSSSDLFKRNGDYSDGEQSGTEGNQKADY,14.119008499999989
Q21049,SREFYDDQGISTRSSPRASPQLDNMRQHKYNTLPANVSGDRRYDIYGNPQFVDDRMVRDLDYEPRRGYNQFDEMQYERDRMSPASSVASSTDGVLGGKKKRSNSSSGLKTLGR,12.93398469999999
O44490,AIETERRQHLEQLFQLKQEALLAAISEKDTHLALLEKSRGPRDEIETIRRHKDALIRKLK,7.085095899999998
O44490,APVIPGTIGIPQHSQHPPQVDHDDADGIWA,3.1694174999999998
O44490,EDTIMRLQDLLTTKETQSMMASQDPSGRQAIENALRRIDEKQARIVELEEELMRQRMGRSNQPRDFTDKNLSGHE,8.774725699999992
O44490,DEKQARIVELEEELMRQRMGRSNQPRDFTDKNLSGHEMATMRMKMDRSEVELAEKKQELFGCQTRMQTAEETANEM,9.010092399999998
O44490,EDTIMRLQDLLTTKETQSMMASQDPSGRQAIENALRRIDEKQARIVELEEELMRQRMGRSNQPRDFTDKNLSGHEMATMRMKMDRSEVELAEKKQELFGCQTRMQTAEETANEM,13.340969999999988
P37840,MDVFMKGLSKAKEGVVAAAEKTKQGVAEAAGKTKEGVLYVGSKTKEGVVHGVATVAEKTKEQVTNVGGAVVTGVTAVAQKTVEGAGSIAAATGFVKKDQLGKNEEGAPQEGILEDMPVDPDNEAYEMPSEEGYQDYEPEA,14.459985199999991
Q16143,MDVFMKGLSMAKEGVVAAAEKTKQGVTEAAEKTKEGVLYVGSKTREGVVQGVASVAEKTKEQASHLGGAVFSGAGNIAAATGLVKREEFPTDLKPEEVAQEAAEEPLIEPLMEPEGESYEDPPQEEYQEYEPEA,14.287712699999995
O14810,MEFVMKQALGGATKDMGKMLGGDEEKDPDAAKKEEERQEALRQAEEERKAKYAKMEAEREAVRQGIRDKYGIKKKEEREAEAQAAMEANSEGSLTRPKKAIPPGCGDEVEEEDESILDTVIKYLPGPLQDMLKK,15.029829299999989
Q5A0W9,GHMPEQGTKKKPGRKPKLRKLSESSSETPQVPKTASSSSSSPTAVNSGKPITKRSRMGCLTCRQRKKRCCETRPRCTECTRLRLNCTWPKPGTEHKNKPKDQKDDENTIEHAEFGRIKVLRGIVEYRSK,14.620675999999982
P17931,MADNFSLHDALSGSGNPNPQGWPGAWGNQPAGAGGYPGASYPGAYPGQAPPGAYPGQAPPGAYPGAPGAYPGAPAPGVYPGPPSGPGAYPSSGQPSATGAYPATGPYGAPAG,10.490144699999995
P35189,KGSVDLEKLAFGLTKLNEDDLVGVVQMVTDNKTPEMNVTNNVEEGEFIIDLYSLPEGLLKSLWDYVKKNTE,7.988953899999995
P42568,SDKQIKNGECDKAYLDELVELHRRLMTLRERHILQQIVNLIEETGHFHITNTTFDFDLCSLDKTTVRKLQSYLETSGTS,9.23832709999999
O60885,SEEEDKCKPMSYEEKRQLSLDINKLPGEKLGRVVHIIQSREPSLKNSNPDEIEIDFETLKPSTLRELERYVTSCLRKKRKPQA,9.726993699999992
P19484,QKKDNHNLIERRRRFNINDRIKELGMLIPKANDLDVRWNKGTILKASVDYIRRMQKDLQKSRELENHSRRLEMTNKQLWLRIQELEMQARVHGLPTTSPSGMNMAE,12.693527699999995
P19484,QKKDNHNLIERRRRFNINDRIKELGMLIPKANDLDVRWNKGTILKASVDYIRRM,6.563583100000002
P35637,MASNDYTQQATQSYGAYPTQPGQGYSQQSSQPYGQQSYSGYSQSTDTSGYGQSSYSSYGQSQNTGYGTQSTPQGYGSTGGYGSSQSSQSSYGQQSSYPGYGQQPAPSSTSGSYGSSSQSSSYGQPQSGSYSQQPSYGGQQQSYGQQQSYNPPQGYGQQNQYNSSS,17.34224039999998
DLTPEV,LTPEVIVTPSPVASPTPPPQVGRILGQVTDSETSAGINGATVSLDTGEQTVTSTVGGQDGVYSFNDVAVGDRTITAAATGYITNTKTVTVTDGGVADGRIE,10.09091749999999
DVTPTP,VTPTPGVTPTPTGVGRILGQVTDSISGAGINGAAVSLDTGEQTVTSTVGGQDGVYSFDNVAVGDRTITAAATGYITNTKTVTVTDGGVADGRIE,9.197925399999999
P0AGE0,MASRGVNKVILVGNLGQDPEVRYMPNGGAVANITLATSESWRDKATGEMKEQTEWHRVVLFGKLAEVASEYLRKGSQVYIEGQLRTRKWTDQSGQDRYTTEVVVNVGGTMQMLGGRQGGGAPAGGNIGGGQPQGGWGQPQQPQGGNQFSGGAQSRPQQSAPAAPSNEPPMDFDDDIPF,18.974777299999957
P0AGE0,MASRGVNKVILVGNLGQDPEVRYMPNGGAVANITLATSESWRDKATGEMKEQTEWHRVVLFGKLAEVASEYLRKGSQVYIEGQLRTRKWTDQSGQDRYTTEVVVNVGGTMQMLGGRQGGGAPAGGNIGGGQPQGGWGQPQQPQGGNQFSGGAQSRPQQSAPAAPSNEPPM,18.00980729999996
Q2HJ60,MEREKEQFRKLFIGGLSFETTEESLRNYYEQWGKLTDCVVMRDPASKRSRGFGFVTFSSMAEVDAAMAARPHSIDGRVVEPKRAVAREESGKPGAHVTVKKLFVGGIKEDTEEHHLRDYFEEYGKIDTIEIITDRQSGKKRGFGFVTFDDHDPVDKIVLQKYHTINGHNAEVRKALSRQEMQEVQSSRS,21.659088200000003
Q9PUD9,GSAMLEQIAMTDRYRMWIDTCAELFGGLDVCGVKAVHGKDGRDYIIEIMDSSMPLLGEHQDEDRALIVDLVVARMNQVLPRTPAPSPQPGQQRGGQPSPGQQRSSPTPSPQPGQAAGAQARPPPQGGGPQQGAGAQPQRPGAPPLVQQQQQRMGPPGQSSQGGPTPAGGGQPNQPPRPGVTPLQHGGGGGPRPGGSGGGGGMVGPQTQQPPRSS,21.833100399999918
Q13148,MNFGAFSINPAMMAAAQAALQSSWGMMGMLASQQNQSGPSGNNQNQGNMQ,5.2077946000000015
O60885,EEPVVAVSSPAVPPPTKVVAPPSSSDSSSDSSSDSDSSTDDSEEERAQRLAELQEQLKAVHEQLAALSQPQQNKPKKKEKDKKEKKKEKHKRKEEVEENKKSKAKEPPPKKTKKNNSS,13.055264399999981
O60885,QLAALSQPQQNKPKKKEKDKKEKKKEKHKRKEEVEENKKSKAKEPPPKKTKKNNSSNSNVSKKEPAPMKSKPPPTYESEEEDKCKPMSYEEKRQLSLDINKLPGEKLGRVVHIIQSREPSLKNSNPDEIEIDFETLKPSTLRELERYVTSCLRKKRKPQA,18.614144900000007
O60885,SSKVSEQLKCCSGILKEMFAKKHAAYAWPFYKPVDVEALGLHDYCDIIKHPMDMSTIKSKLEAREYRDAQEFGADVRLMFSNCYKYNPPDHEVVAMARKLQDVFEMRFAKMPDEPEEPVVAVSSPAVPPPTKVVAPPSSSDSSSDSSSDSDSSTDDSEEERAQRLAELQEQLKAVHEQLAALSQPQQNKPKKKEKDKKEKKKEKHKRKEEVEENKKSKA,24.82978660000001
O60885,SSKVSEQLKCCSGILKEMFAKKHAAYAWPFYKPVDVEALGLHDYCDIIKHPMDMSTIKSKLEAREYRDAQEFGADVRLMFSNCYKYNPPDHEVVAMARKLQDVFEMRFAKMPDE,13.260207099999988
Q8AZK7,VSGSPSGPRGDRSEGPGPTRPGPPGIGPEGPLGQLLRRHRSPSPTRGGQEPRRVRRRVLVQQEEEV,7.067783800000002
Q02796,MSGYTGNNYSRYSSTPPRQRGGYHHARRSRGGAGGSYYRGGNASYGARYNSDYEQPPQEGDLRQTGAYYRNGYTDTRPYY,9.067456599999998
Q02796,MSGYTGNNYSRYSSTPPRQRGGYHHARRSRGGAGGSYYRGGNASYGARYNSDYEQPPQEGDLRQTGAYYRNGYTDTRPYYKRILDMKDSPFIYLTDFDKNVKKTNNTESECEKAREVFKESDSIDSALEELNLKINSNELELRLLNNQCDKHALNIQLTQEKLDSLLLMQ,19.56524740000001
Q02796,MSGATGNNASRASSTPPRQRGGAHHARRSRGGAGGSAARGGNASAGARANSDAEQPPQEGDLRQTGAAARNGATDTRPAA,7.778122399999997
Q02796,MSGYTGNNYSKYSSTPPKQKGGYHHAKKSKGGAGGSYYKGGNASYGAKYNSDYEQPPQEGDLKQTGAYYKNGYTDTKPYY,8.7593092
P06104,MSTPARRRLMRDFKRMKEDAPPGVSASPLPDNVMVWNAMIIGPADTPYEDGTFRLLLEFDEEYPNKPPHVKFLSEMFHPNVYANGEICLDILQNRWTPTYDVASILTSIQSLFNDPNPASPANVEAATLFKDHKSQYVKRVKETVEKSWEDDMDDMDDDDDDDDDDDDDEAD,19.705480299999977
Q00994,MANIHQENEEMEQPMQNGEEDRPLGGGEGHQPAGNRRGQARRLAPNFRWAIPNRQINDGMGGDGDDMEIFMEEMREIRRKLRELQLRNCLRILMGELSNHHDHHDEFCLMP,12.958391799999994
Q8GJM6,MTDAFDRLKKRSRTPIAREGSLTTGPELSDRPLQLLPREFETFCDRYAVHAGDVIEAALDLVLLDPDLQQRLLQRLRQGNGSDRVWLGTACPRSWQQQLQQQAQDQGLSEADLLQEAIAQRLDLVLGQTTLREEVTLLRQELDQLKRKLHGW,17.4255451
U5QDF4,MGPSSSYPRVVAVLNGKGGVGKTTTAVNLAAALAAKERVLLVDADPQGSASWWAERGTAALGFDLAQETNPRLLESLREVGGYSLVVVDTPPALDSAALAAVVQAADQLVLPTPPAPLDLAVLIETVHRAVLPSGTSHRVLLTRVDPRSLGEAVEAQRTLRERGIPAFEAFIRAYKAHERAALEGLSILQWRGKNAREAEADYRRVAEELDRDWRK,23.202102500000006
P35637,MAANDYTQQATQAYGAYPTQPGQGYAQQAAQPYGQQAYAGYAQATDTAGYGQAAYAAYGQAQNTGYGTQATPQGYGATGGYGAAQAAQAAYGQQAAYPGYGQQPAPAATAGAYGAAAQAAAYGQPQAGAYAQQPAYGGQQQAYGQQQAYNPPQGYGQQNQYNA,16.496110999999974
D0PV95,MESNQSNNGGSGNAALNRGGRYVPPHLRGGDGGAAAAASAGGDDRRGGAGGGGYRRGGGNSGGGGGGGYDRGYNDNRDDRDNRGGSGGYGRDRNYEDRGYNGGGGGGGNRGYNNNRGGGGGGYNRQDRGDGGSSNFSRGGYNNRDEGSDNRGSGRSYNNDRRDNGGDG,16.771664399999985
D0PV95,MESNQSNNGGSGNAALNRGGRGGAAAAASAGGDDRRGGAGGGGYRRGGGNSGGGGGGGYDRGYNDNRDDRDNRGGSGGYGRDRNYEDRGYNGGGGGGGNRGYNNNRGGGGGGYNRQDRGDGGSSNFSRGGYNNRDEGSDNRGSGRSYNNDRRDNGGDG,15.679457199999986
D0PV95,MESNQSNNGGSGNAALNRGGRYVPPHLRGGDGGAAAAASAGGDDRRGGAGGGGYRRGGGNSGGGGGGGYDRGYNDNRDDRDDRNYEDRGYNGGGGGGGNRGYNNNRGGGGGGYNRQDRGDGGSSNFSRGGYNNRDEGSDNRGSGRSYNNDRRDNGGDG,15.809683399999983
D0PV95,MESNQSNNGGSGNAALNRGGRYVPPHLRGGDGGAAAAASAGGDDRRGGAGGGGYRRGGGNSGGGGGGGYDRGYNDNRDDRDNRGGSGGYGRDRNYEDRGYGYNNNRGGGGGGYNRQDRGDGGSSNFSRGGYNNRDEGSDNRGSGRSYNNDRRDNGGDG,15.987914399999987
D0PV95,MESNQSNNGGSGNAALNRGGRFVPPHLRGGDGGAAAAASAGGDDRRGGAGGGGFRRGGGNSGGGGGGGFDRGFNDNRDDRDNRGGSGGFGRDRNFEDRGFNGGGGGGGNRGFNNNRGGGGGGFNRQDRGDGGSSNFSRGGFNNRDEGSDNRGSGRSFNNDRRDNGGDG,16.595670999999978
Q9UHB7,VSNKGKRKHKNEDDNRASESKKPKTEDKNSAGHKPSSNRESSKQSAAKEKDLLPSPAGPVPSKDPKTEHGSRKRTISQSSSLKSSSNSNKETSGSSKNSSSTSKQKKTEGKTSSSSKEVKEKAPSSSSNCPPSAPTLDSSKP,15.025144899999988
P10636-8,NVKSKIGSTENLKHQPGGGKVQIINKKLDLSNVQSKSGSKDNIKHVPGGGSVQIVYKPVDLSKVTSKCGSLGNIHHKPGGGQVEVKSEKLDFKDRVQSKIGSLDNITHVPGGGNKKIETHKLTFRENAKAKTDHGAEIVYKSPVVSGDTSPRHLSNVSSTGSIDMVDSPQLATLADEVSASLAKQGL,19.73607149999999
P10636-8,NVKSKIGSTENLKHQPGGGKVQIINKKLDLSNVQSKSGSKDNIKHVLGGGSVQIVYKPVDLSKVTSKCGSLGNIHHKPGGGQVEVKSEKLDFKDRVQSKIGSLDNITHVPGGGNKKIETHKLTFRENAKAKTDHGAEIVYKSPVVSGDTSPRHLSNVSSTGSIDMVDSPQLATLADEVSASLAKQGL,19.75211389999999
P10636-8,NVKSKIGSTENLKHQPGGGKVQIINKKLDLSNVQSKSGSKDNIKHVPGGGSVQIVYKPVDLSKVTSKSGSLGNIHHKPGGGQVEVKSEKLDFKDRVQSKIGSLDNITHVPGGGNKKIETHKLTFRENAKAKTDHGAEIVYKSPVVSGDTSPRHLSNVSSTGSIDMVDSPQLATLADEVSASLAKQGL,19.720005899999993
P04289,MGSSHHHHHHSSGLVPRGSHMGLSFSGARPCCCRNNVLITDDGEVVSLTAHDFDVVDIESEEEGNFYVPPDMRGVTRAPGRQRLRSSDPPSRHTHRRTPGGACPATQFPPPMSDSE,12.649817399999982
P04289,GPLGSMGLSFSGARPCCCRNNVLITDDGEVVSLTAHDFDVVDIESEEEGNFYVPPDMRGVTRAPGRQRLRSSDPPSRHTHRRTPGGACPATQFPPPMSDSE,10.897969099999987
P04289,MGLSFSGARPCCCRNNVLITDDGEVVSLTAHDFDVVDIESEEEGNFYVPPDMRGVTRAPGRQRLRSSDPPSRHTHRRTPGGACPATQFPPPMSDSEWSHPQFEK,11.52664739999999
Q13148,VFVGRCTEDMTEDELREFFSQYGDVMDVFIPKPFRAFAFVTFADDQIAQSLCGEDLIIKGISVHISNAEPKHNSNRQLERSGRFGGNPGGFGNQGGFGNSRGGGAGLGNNQGSNMGGGMNFGTFSINPAMMAAAQAALQSSWGMMGMLASQQNQSGPSGNNQNQGNMQREPNQAFGSGNNSYSGSNSGAAIGWGSASNAGSGSGFNGGFGSSMDSKSSGWGM,22.950762999999945
DMKKKK,MKKKKTAPTPPKRSGGSDLNMPAYVKFNYMAEREDELSLIKGTKVIVMEKSSDGWWRGSYNGQVGWFPSNYVTEEGDSPLGSENLYFQGLEHHHHHH,11.079257999999996
DMKKKK,MKKKKTAPTPPKRSGGSDLNMPAYVKFNYMAEREDELSLIKGTKVIVMEKSSDGWWRGSYNGQVGWFPSNYVTEEGDSPLGSGSLEHHHHHH,10.371484899999997
DMKKKK,MKKKKTAPTPPKRSGGSDLNMPAYVKFNYMAEREDELSLIKGTKVIVMEKSSDGWWRGSYNGQVGWFPSNYVTEEGDSPLGSGGSGSGSLEHHHHHH,10.716793399999997
DMKKKK,MKKKKTAPTPPKRSGGSDLNMPAYVKFNYMAEREDELSLIKGTKVIVMEKSSDGWWRGSYNGQVGWFPSNYVTEEGDSPLGSGGSGGSGSGSGGSGGSGSLEHHHHHH,11.464461699999998
DMKKKK,MKKKKTAPTPPKRSGGSDLNMPAYVKFNYMAEREDELSLIKGTKVIVMEKSSDGWWRGSYNGQVGWFPSNYVTEEGDSPLGSGGSGGSGSGSGGSGGSGGSGSGGSGGSGGSGSGSGGSGGSGSLEHHHHHH,13.1039269
DMKKKK,MKKKKTAPTPPKRSGGSDLNMPAYVKFNYMAEREDELSLIKGTKVIVMEKSSDGWWRGSYNGQVGWFPSNYVTEEGDSPLGSEAAAKEAAAKEAAAKGSGSLEHHHHHH,11.92717349999999
P08621,RDRDRDRERERRERSRERDKERERRRSRSRDRRRRSRSRDKEERRRSRERSKDKDRDRKRRSSRSRERARRERERKEELR,10.776682499999989
Q16630-2,SSLQDCLHGIESKSYGSGSRRERSRERDHSRSREKSRRHKSRSRDRHDDYYRERSRERERHRDRDRDRDRERDREREYRHR,10.410992399999989
Q8NC56,MAGLSDLELRRELQALGFQPGPITDTTRDVYRNKLRRLRGEARLRDEERLREEARPRGEERLREEARLREDAPLRARPAAASPRAEPWLSQPASGSAYATPGAYGDIRPSAASWVGSRGLAYPARPAQLRRRASVRGSSEEDEDARTPDRATQGPGLAARRWWAASPAPARLPSSLLGPDPRPGLRATRAGPAGAARARPEVGRRLER,22.876334999999973
Q8NC56,MAGLSDLELRRELQALGFQPGPITDTTRDVYRNKLRRLRGEARLRDEERLREEARPRGEERLREEARLREDAPLRARPAAASPRAEPWLSQPASGSAYATPGAYGDIRPSAASWVGSRGLADPARPAQLRRRADVRGDDEEDEDARDPDRATQGPGLAARRWWAADPAPARLPDDLLGPDPRPGLRATRAGPAGAARARPEVGRRLER,23.01029329999997
Q8NC56,RARPAAASPRAEPWLSQPASGSAYATPGAYGDIRPSAASWVGSRGLAY,4.903345100000001
Q8NC56,ARTPDRATQGPGLAARRWWAASPAPARLPSSLLGPDPRPGLRATRAGPAGAARARPEVGRRLERWLSR,7.288233600000001
O43823,DMMSKEGGRGGSGGGGEGIQDRESSFRFQPFESYDSRPCLPEHNPYRPSYSYDYEFDLGSDRNGSFGGQYSECRDPARERGSLDGFMRGRGQGRFQDRSNPGTFMRSDPF,12.376130399999989
O43823,DMMSKEGGRGGSGGGGEGIQDRESSFRFQPFESFDSRPCLPEHNPFRPSFSFDFEFDLGSDRNGSFGGQYSECRDPARERGSLDGFMRGRGQGRFQDRSNPGTFMRSDPF,12.296133399999988
P45973,MGKKTKRTADSSSSEDEEEYVVEKVLDRRVVKGQVEYLLKWKGFSEEHNTWEPEKNLDCPELISEFMKKYKKMKEGENNKPREKSESNKRKSNFSNSADDIKSKKKREQSNDIARGFERGLEPEKIIGATDSCGDLMFLMKWKDTDEADLVLAKEANVKCPQIVIAFYEERLTWHAYPEDAENKEKETAKS,22.224721900000006
Q13148,MSEYIRVTEDENDEPIEIPSEDDGTVLLSTVTAQFPGACGLRYRNPVSQCMRGVRLVEGILHAPDAGWGNLVYVVNYPKDNKRKMDETDASSAVKVKRAVQKTSDQSQDEPLRSRKVFVGRCTEDMTEDELREFFSQYGDVMDVFIPKPFRAFAFVTFADDQIAQSLCGEDLIIKGISVHISNAEPKHNSNRQLERSG,22.266705699999996
Q13148,MSEYIRVTEDENDEPIEIPSEDDGTVLLSTVTAQFPGACGLRYRNPVSQCMRGVRLVEGILHAPDAGWGNLVYVVNYPKDNKRKMDETDASSAVKVKRAVQKTSDLIVLGLPWKTTEQDLKEYFSTFGEVLMVQVKKDLKTGHSKGFGFVRFTEYETQVKVMSQRHMIDGRWCDCKLPNSKQSQDEPLRS,21.552259399999997
P02754,MKCLLLALALTCGAQALIVTQTMKGLDIQKVAGTWYSLAMAASDISLLDAQSAPLRVYVEELKPTPEGDLEILLQKWENGECAQKKIIAEKTKIPAVFKIDALNENKVLVLDTDYKKYLLFCMENSAEPEQSLACQCLVRTPEVDDEALEKFDKALKALPMHIRLSFNPTQLEEQCHI,19.883043500000003
P69014,MPRRRRSSSRPVRRRRRPRVSRRRRRRGGRRRR,4.3811304
P35637,MASNDYTQQATQSYGAYPTQPGQGYSQQSSQPYGQQSYSGYSQSTDTSGYGQSSYSSYGQSQNTGYGTQSTPQGYGSTGGYGSSQSSQSSYGQQSSYPGYGQQPAPSSTSGSYGSSSQSSSYGQPQSGSYSQQPSYGGQQQSYGQQQSYNPPQGYG,16.30524249999998
P10997,MGILKLQVFLIVLSVALNHLKATPIESHQVEKRKCNTATCATQRLANFLVHSSNNFGAILSSTNVGSNTYGKRNAVEVLKREPLNYLPL,9.806314199999992
Q13148,RQLERSGRFGGNPGGFGNQGGFGNSRGGGAGLGNNQGSNMGGGMNFGAFSINPAMMAAAQAALQSSWGMMGMLASQQNQSGPSGNNQNQGNMQREPNQAFGSGNNSYSGSNSGAAIGWGSASNAGSGSGFNGGFGSSMDSKSSGWGM,14.45030889999999
P35637,MASNDYTQQATQSYGAYPTQPGQGYSQQSSQPYGQQEYSGYSQSTDTSGYGQSSYSSYGQSQNTGYGTQSEPQGYGETGGYGSSQSSQSSYGQQSEYPGYGQQPAPSSTSGSYGSSSQSSSYGQPQSGSYSQQPSYGGQQQSYGQQQSYNPPQGYGQQNQ,16.957852899999985
P35637,MASNDYTQQATQSYGAYPTQPGQGYSQQSSQPYGQQSYSGYSQSTDTSGYGQSSYSSYGQSQNTGYGTQSTPQGYGETGGYGSSQSSQSSYGQQSEYPGYGQQPAPSSTEGSYGSSSQSSSYGQPQSGSYSQQPEYGGQQQSYGQQQSYNPPQGYGQQNQ,16.971879499999982
P35637,MASNDYEQQAEQSYGAYPEQPGQGYEQQSEQPYGQQSYSGYEQSTDTSGYGQSSYSSYGQEQNTGYGEQSTPQGYGSTGGYGSEQSEQSSYGQQSSYPGYGQQPAPSSTSGSYGSSEQSSSYGQPQSGSYEQQPSYGGQQQSYGQQQSYNPPQGYGQQNQ,17.25206669999998
Q13148,NRQLERSGRFGGNPGGFGNQGGFGNSRGGGAGLGNNQGSNMGGGMNFGAFSINPAMMAAAQAALQSSWAMMGMLASQQNQSGPSGNNQNQGNMQREPNQAFGSGNNSYSGSNSGAAIGWGSASNAGSGSGFNGGFGSSMDSKSSGWGM,14.578438099999989
Q13148,NRQLERSGRFGGNPGGFGNQGGFGNSRGGGAGLGNNQGSNMGGGMNFGAFSINPAMMAAAQAALQSSWDMMGMLASQQNQSGPSGNNQNQGNMQREPNQAFGSGNNSYSGSNSGAAIGWGSASNAGSGSGFNGGFGSSMDSKSSGWGM,14.622447599999992
Q13148,NRQLERSGRFGGNPGGFGNQGGFGNSRGGGAGLGNNQGSNMGGGMNFGAFSINPAMMAAAQAALQSSWNMMGMLASQQNQSGPSGNNQNQGNMQREPNQAFGSGNNSYSGSNSGAAIGWGSASNAGSGSGFNGGFGSSMDSKSSGWGM,14.621462799999994
Q13148,NRQLERSGRFGGNPGGFGNQGGFGNSRGGGAGLGNNQGSNMGGGMNFGAFSINPAMMAAAQAALQSSWSMMGMLASQQNQSGPSGNNQNQGNMQREPNQAFGSGNNSYSGSNSGAAIGWGSASNAGSGSGFNGGFGSSMDSKSSGWGM,14.594437499999989
P04156,GQGGGTHSQWNKPSKPKTNMKHMAGAAAAGAVVGGLGGYMLGSAMSRPIIHFGSDYEDRYYRENMHRYPNQVYYRPMDEYSNQNNFVHDCVNITIKQHTVTTTTKGENFTETDVKMMERVVEQMCITQYERESQAYYQRGSS,16.147816499999987
P04925,KKRPKPGGWNTGGSRYPGQGSPGGNRYPPQGGTWGQPHGGGWGQPHGGSWGQPHGGSWGQPHGGGWGQGGGTHNQWNKPSKPKTNLKHVAGAAAAGAVVGGLGGYMLGSAMSRPMIHFGNDWEDRYYRENMYRYPNQVYYRPVDQYSNQNNFVHDCVNITIKQHTVTTTTKGENFTETDVKMMERVVEQMCVTQYQKESQAYYDGRRSS,23.01905960000001
P42763,MAEEIKNVPEQEVPKVATEESSAEVTDRGLFDFLGKKKDETKPEETPIASEFEQKVHISEPEPEVKHESLLEKLHRSDSSSSSSSEEEGSDGEKRKKKKEKKKPTTEVEVKEEEKKGFMEKLKEKLPGHKKPEDGSAVAAAPVVVPPPVEEAHPVEKKGILEKIKEKLPGYHPKTTVEEEKKDKE,20.786113700000005
P22626,LSRQEMQEVQSSRSGRGGNFGFGDSRGGGGNFGPGPGSNFRGGSDGYGSGRGFGDGYNGYGGGPGGGNFGGSPGYGGGRGGYGGGGPGYGNQGGGYGGGYDNYGGGNYGSGNYNDFGNYNQQPSNYGPMKSGNFGGSRNMGGPYGGGNYGPGGS,14.856073499999988
P35637,ASNDYTQQATQSYGAYPTQPGQGYSQQSSQPYGQQSYSGYSQSTDTSGYGQSSYSSYGQSQNTGYGTQSTPQGYGSTGGYGSSQSSQSSYGQQSSYPGYGQQPAPSSTSGSYGSSSQSSSYGQPQSGSYSQQPSYGGQQQSYGQQQSYNPPQGYEQQNQYNS,17.108952499999983
Q9UMX0,LPTFLQQMQNPDTLSAMSNPRAMQALLQIQQGLQTLATEAPGLIPGFTPGLGALGSTGGSSGTNGSNATPSENTSPTAGTTEPGHQQFIQQMLQALAGVNPQLQNPEVRFQQQLEQLSAMGFLNREANLQALIATGGDINAAIERLLGSQPS,15.822519899999985
Q9UHD9,LPAFLQQMQNPDTLSAMSNPRAMQALMQIQQGLQTLATEAPGLIPSFTPGVGVGVLGTAIGPVGPVTPIGPIGPIVPFTPIGPIGPIGPTGPAAPPGSTGSGGPTGPTVSSAAPSETTSPTSESGPNQQFIQQMVQALAGANAPQLPNPEVRFQQQLEQLNAMGFLNREANLQALIATGGDINAAIERLLGSQPS,19.61007149999998
Q9NRR5,LPVFLQQMQNPESLSILTNPRAMQALLQIQQGLQTLQTEAPGLVPSLGSFGISRTPAPSAGSNAGSTPEAPTSSPATPATSSPTGASSAQQQLMQQMIQLLAGSGNSQVQTPEVRFQQQLEQLNSMGFINREANLQALIATGGDINAAIERLLGSQLS,16.466333999999993
P35637,MASNDYTQQATQSYGAYPTQPGQGYSQQSSQPYGQQSYSGYSQSTDTSGYGQSSYSSYGQSQNTGYGTQSTPQGYGSTGGYGSSQSSQSSYGQQSSYPGYGQQPAPSSTSGSYGSSSQSSSYGQPQSGSYSQQPSYGGQQQSYGQQQSYNPPQGYGQQNQYNSSSGGGGGGGGGGNYGQDQSSMSSGGGSGGGYGNQDQSGGGGSGGYGQQDRG,21.554259199999926
A0A0G2UHG9,AAQGANAVHNDAAQSHSALAAANTFGHGHAPYAAYGHGVYGHGPYGHGPYGHGLYGHGLYGHGPYGHGLYGHGAFGHGLNAYAPLVGHGLR,9.147743999999996
DGRGRG,GRGRGRGRGRGRGRGRGRGRGRGRGRGRGRGRGRGRGRGR,4.282755300000002
DPRPRP,PRPRPRPRPRPRPRPRPRPRPRPRPRPRPRPRPRPRPRPR,5.084033300000002
DPRPRP,PRPRPRPRPRPRPRPRPRPRPRPRPRPRPRPRPRPRPRPRPRPRPRPRPRPRPRPRPRPR,7.617042300000001
DQGTFT,QGTFTSDKESKYLDERAAQDFVQWLLDGGPSSGAPPPS,4.0833393000000004
DAVPGV,AVPGVGAVPGVGAVPGVGAVPGVGAVPGVGAVPGVGAVPGVGAVPGVGAVPGVGAVPGVGAVPGVGAVPGVGAVPGVGAVPGVGAVPGVGAVPGVGAVPGVGAVPGVGAVPGVGAVPGVGAVPGVGAVPGVGAVPGVGAVPGVGAVPGVG,12.031957800000004
DGVPGA,GVPGAVGVPGAVGVPGAVGVPGAVGVPGAVGVPGAVGVPGAVGVPGAVGVPGAVGVPGAVGVPGAVGVPGAVGVPGAVGVPGAVGVPGAVGVPGAVGVPGAVGVPGAVGVPGAVGVPGAVGVPGAVGVPGAVGVPGAVGVPGAVGVPGAVGVPGAVGVPGAVGVPGAVGVPGAVGVPGAV,14.434746299999993
DGVPGV,GVPGVAGVPGVAGVPGVAGVPGVAGVPGVAGVPGVAGVPGVAGVPGVAGVPGVAGVPGVAGVPGVAGVPGVAGVPGVAGVPGVAGVPGVAGVPGVAGVPGVAGVPGVAGVPGVAGVPGVAGVPGVAGVPGVAGVPGVAGVPGVAGVPGVAGVPGVAGVPGVAGVPGVAGVPGVAGVPGVAGVPGVAGVPGVAGVPGVAGVPGVAGVPGVAGVPGVAGVPGVAGVPGVAGVPGVAGVPGVAGVPGVAGVPGVAGVPGVAGVPGVAGVPGVAGVPGVAGVPGVAGVPGVAGVPGVAGVPGVA,24.04590029999991
DVAPGV,VAPGVGVAPGVGVAPGVGVAPGVGVAPGVGVAPGVGVAPGVGVAPGVGVAPGVGVAPGVGVAPGVGVAPGVGVAPGVGVAPGVGVAPGVGVAPGVGVAPGVGVAPGVGVAPGVGVAPGVG,9.629169300000004
DAPGVG,APGVGAPGVGAPGVGAPGVGAPGVGAPGVGAPGVGAPGVGAPGVGAPGVGAPGVGAPGVGAPGVGAPGVGAPGVGAPGVGAPGVGAPGVGAPGVGAPGVGAPGVGAPGVGAPGVGAPGVGAPGVGAPGVGAPGVGAPGVGAPGVGAPGVGAPGVGAPGVGAPGVGAPGVGAPGVGAPGVGAPGVGAPGVGAPGVGAPGVGAPGVGAPGVGAPGVGAPGVGAPGVG,17.18221679999995
DVPGVA,VPGVAVPGVAVPGVAVPGVAVPGVAVPGVAVPGVAVPGVAVPGVAVPGVAVPGVAVPGVAVPGVAVPGVAVPGVAVPGVAVPGVAVPGVAVPGVAVPGVAVPGVAVPGVAVPGVAVPGVAVPGVAVPGVAVPGVAVPGVAVPGVAVPGVAVPGVAVPGVAVPGVAVPGVAVPGVA,14.840739299999994
DVPGVG,VPGVGVPGVGVPGVGVPGVGVPGVGVPGVGVPGVGVPGVGVPGVGVPGVGVPGVGVPGVGVPGVGVPGVGVPGVGVPGVGVPGVGVPGVGVPGVGVPGVGVPGVGVPGVGVPGVGVPGVGVPGVGVPGVGVPGVGVPGVGVPGVGVPGVG,12.30240930000001
DVHPGV,VHPGVGVHPGVGVHPGVGVHPGVGVHPGVGVHPGVGVHPGVGVHPGVGVHPGVGVHPGVGVHPGVGVHPGVGVHPGVGVHPGVGVHPGVGVHPGVGVHPGVGVHPGVGVHPGVGVHPGVGVHPGVGVHPGVGVHPGVGVHPGVGVHPGVG,13.683492800000007
DVAPVG,VAPVGVAPVGVAPVGVAPVGVAPVGVAPVGVAPVGVAPVGVAPVGVAPVGVAPVGVAPVGVAPVGVAPVGVAPVGVAPVGVAPVGVAPVGVAPVGVAPVGVAPVGVAPVGVAPVGVAPVGVAPVGVAPVGVAPVGVAPVGVAPVGVAPVGVAPVGVAPVGVAPVGVAPVGVAPVG,14.840739299999994
DVGPVG,VGPVGVGPVGVGPVGVGPVGVGPVGVGPVGVGPVGVGPVGVGPVGVGPVGVGPVGVGPVGVGPVGVGPVGVGPVGVGPVGVGPVGVGPVGVGPVGVGPVGVGPVGVGPVGVGPVGVGPVGVGPVGVGPVGVGPVGVGPVGVGPVGVGPVG,12.302409300000013
DVPAGV,VPAGVGVPAGVGVPAGVGVPAGVGVPAGVGVPAGVGVPAGVGVPAGVGVPAGVGVPAGVGVPAGVGVPAGVGVPAGVGVPAGVGVPAGVGVPAGVGVPAGVGVPAGVGVPAGVGVPAGVGVPAGVGVPAGVGVPAGVGVPAGVGVPAGVG,12.031957800000004
DVPTGV,VPTGVGVPTGVGVPTGVGVPTGVGVPTGVGVPTGVGVPTGVGVPTGVGVPTGVGVPTGVGVPTGVGVPTGVGVPTGVGVPTGVGVPTGVGVPTGVGVPTGVGVPTGVGVPTGVGVPTGVGVPTGVGVPTGVGVPTGVGVPTGVGVPTGVGVPTGVGVPTGVGVPTGVGVPTGVGVPTGVGVPTGVGVPTGVGVPTGVGVPTGVGVPTGVGVPTGVGVPTGVGVPTGVGVPTGVGVPTGVG,20.441363299999963
DAPVGV,APVGVGAPVGVGAPVGVGAPVGVGAPVGVGAPVGVGAPVGVGAPVGVGAPVGVGAPVGVGAPVGVGAPVGVGAPVGVGAPVGVGAPVGVGAPVGVGAPVGVGAPVGVGAPVGVGAPVGVGAPVGVGAPVGVGAPVGVGAPVGVGAPVGVGAPVGVGAPVGVGAPVGVGAPVGVGAPVGVGAPVGVGAPVGVGAPVGVGAPVGVGAPVGVG,16.83753479999997
DVRPVG,VRPVGVRPVGVRPVGVRPVGVRPVGVRPVGVRPVGVRPVGVRPVGVRPVGVRPVGVRPVGVRPVGVRPVGVRPVGVRPVGVRPVGVRPVGVRPVGVRPVGVRPVGVRPVGVRPVGVRPVGVRPVG,12.733370299999999
DAPVGL,APVGLGAPVGLGAPVGLGAPVGLGAPVGLGAPVGLGAPVGLGAPVGLGAPVGLGAPVGLGAPVGLGAPVGLGAPVGLGAPVGLGAPVGLGAPVGLGAPVGLGAPVGLGAPVGLGAPVGLGAPVGLGAPVGLGAPVGLGAPVGLGAPVGLGAPVGLGAPVGLGAPVGLGAPVGLGAPVGLGAPVGLGAPVGLGAPVGLGAPVGLGAPVGLGAPVGLGAPVGLGAPVGLGAPVGLGAPVGLG,19.801387299999952
DVPAVG,VPAVGVPAVGVPAVGVPAVGVPAVGVPAVGVPAVGVPAVGVPAVGVPAVGVPAVGVPAVGVPAVGVPAVGVPAVGVPAVGVPAVGVPAVGVPAVGVPAVGVPAVGVPAVGVPAVGVPAVGVPAVGVPAVGVPAVGVPAVGVPAVGVPAVGVPAVGVPAVGVPAVGVPAVGVPAVGVPAVGVPAVGVPAVGVPAVGVPAVGVPAVGVPAVGVPAVGVPAVGVPAVG,19.075803299999972
DVPHVG,VPHVGVPHVGVPHVGVPHVGVPHVGVPHVGVPHVGVPHVGVPHVGVPHVGVPHVGVPHVGVPHVGVPHVGVPHVGVPHVGVPHVGVPHVGVPHVGVPHVGVPHVGVPHVGVPHVGVPHVGVPHVGVPHVGVPHVGVPHVGVPHVGVPHVGVPHVGVPHVGVPHVGVPHVGVPHVGVPHVGVPHVGVPHVGVPHVGVPHVG,19.600727300000006
DVGPAV,VGPAVGVGPAVGVGPAVGVGPAVGVGPAVGVGPAVGVGPAVGVGPAVGVGPAVGVGPAVGVGPAVGVGPAVGVGPAVGVGPAVGVGPAVGVGPAVGVGPAVGVGPAVGVGPAVGVGPAVG,9.629169300000004
DVTPAV,VTPAVGVTPAVGVTPAVGVTPAVGVTPAVGVTPAVGVTPAVGVTPAVGVTPAVGVTPAVGVTPAVGVTPAVGVTPAVGVTPAVGVTPAVGVTPAVGVTPAVGVTPAVGVTPAVGVTPAVGVTPAVGVTPAVGVTPAVGVTPAVGVTPAVG,13.133272799999991
DTPVAV,TPVAVGTPVAVGTPVAVGTPVAVGTPVAVGTPVAVGTPVAVGTPVAVGTPVAVGTPVAVGTPVAVGTPVAVGTPVAVGTPVAVGTPVAVGTPVAVGTPVAVGTPVAVGTPVAVGTPVAVGTPVAVGTPVAVGTPVAVGTPVAVGTPVAVGTPVAVGTPVAVGTPVAVGTPVAVGTPVAVG,15.756324299999983
DVPSAL,VPSALYGVGVPSALYGVGVPSALYGVGVPSALYGVGVPSALYGVGVPSALYGVGVPSALYGVGVPSALYGVGVPSALYGVGVPSALYGVGVPSALYGVGVPSALYGVGVPSALYGVGVPSALYGVGVPSALYGVGVPSALYGVGVPSALYGVGVPSALYGVGVPSALYGVGVPSALYGVGVPSALYGVG,17.741297099999986
DGRGDS,GRGDSPYGGRGDSPYGGRGDSPYGGRGDSPYGGRGDSPYGGRGDSPYGGRGDSPYGGRGDSPYGGRGDSPYGGRGDSPYGGRGDSPYGGRGDSPYGGRGDSPYGGRGDSPYGGRGDSPYGGRGDSPYGGRGDSPYGGRGDSPYGGRGDSPYGGRGDSPYG,15.813869299999979
DGRDGS,GRDGSPYGGRDGSPYGGRDGSPYGGRDGSPYGGRDGSPYGGRDGSPYGGRDGSPYGGRDGSPYGGRDGSPYGGRDGSPYGGRDGSPYGGRDGSPYGGRDGSPYGGRDGSPYGGRDGSPYGGRDGSPYGGRDGSPYGGRDGSPYGGRDGSPYGGRDGSPYG,15.813869299999979
DRGDSP,RGDSPYGRGDSPYGRGDSPYGRGDSPYGRGDSPYGRGDSPYGRGDSPYGRGDSPYGRGDSPYGRGDSPYGRGDSPYGRGDSPYGRGDSPYGRGDSPYGRGDSPYGRGDSPYGRGDSPYGRGDSPYGRGDSPYGRGDSPYGRGDSPYGRGDSPYGRGDSPYGRGDSPYG,17.603808899999972
DGRGDS,GRGDSPFGGRGDSPFGGRGDSPFGGRGDSPFGGRGDSPFGGRGDSPFGGRGDSPFGGRGDSPFGGRGDSPFGGRGDSPFGGRGDSPFGGRGDSPFGGRGDSPFGGRGDSPFGGRGDSPFGGRGDSPFGGRGDSPFGGRGDSPFGGRGDSPFGGRGDSPFG,15.49388129999997
DGRGES,GRGESPYGGRGESPYGGRGESPYGGRGESPYGGRGESPYGGRGESPYGGRGESPYGGRGESPYGGRGESPYGGRGESPYGGRGESPYGGRGESPYGGRGESPYGGRGESPYGGRGESPYGGRGESPYGGRGESPYGGRGESPYGGRGESPYGGRGESPYG,16.094401299999983
DRGDSP,RGDSPYQGRGDSPYQGRGDSPYQGRGDSPYQGRGDSPYQGRGDSPYQGRGDSPYQGRGDSPYQGRGDSPYQGRGDSPYQGRGDSPYQGRGDSPYQGRGDSPYQGRGDSPYQGRGDSPYQGRGDSPYQGRGDSPYQGRGDSPYQGRGDSPYQGRGDSPYQGRGDSPYQGRGDSPYQGRGDSPYQGRGDSPYQG,20.678909699999952
DRGDAP,RGDAPYQGRGDAPYQGRGDAPYQGRGDAPYQGRGDAPYQGRGDAPYQGRGDAPYQGRGDAPYQGRGDAPYQGRGDAPYQGRGDAPYQGRGDAPYQGRGDAPYQGRGDAPYQGRGDAPYQGRGDAPYQGRGDAPYQGRGDAPYQGRGDAPYQGRGDAPYQGRGDAPYQGRGDAPYQGRGDAPYQGRGDAPYQGRGDAPYQGRGDAPYQGRGDAPYQGRGDAPYQG,23.674408899999925
DQYPSD,QYPSDGRGQYPSDGRGQYPSDGRGQYPSDGRGQYPSDGRGQYPSDGRGQYPSDGRGQYPSDGRGQYPSDGRGQYPSDGRGQYPSDGRGQYPSDGRGQYPSDGRGQYPSDGRGQYPSDGRGQYPSDGRGQYPSDGRGQYPSDGRGQYPSDGRGQYPSDGRGQYPSDGRGQYPSDGRGQYPSDGRGQYPSDGRG,20.678909699999952
DRGDSY,RGDSYPGRGDSYPGRGDSYPGRGDSYPGRGDSYPGRGDSYPGRGDSYPGRGDSYPGRGDSYPGRGDSYPGRGDSYPGRGDSYPGRGDSYPGRGDSYPGRGDSYPGRGDSYPGRGDSYPGRGDSYPGRGDSYPGRGDSYPG,14.672843299999986
DVPSTD,VPSTDYGVGVPSTDYGVGVPSTDYGVGVPSTDYGVGVPSTDYGVGVPSTDYGVGVPSTDYGVGVPSTDYGVGVPSTDYGVGVPSTDYGVGVPSTDYGVGVPSTDYGVG,10.529074500000002
DGRPSD,GRPSDSYGGRPSDSYGGRPSDSYGGRPSDSYGGRPSDSYGGRPSDSYGGRPSDSYGGRPSDSYGGRPSDSYGGRPSDSYGGRPSDSYGGRPSDSYGGRPSDSYGGRPSDSYGGRPSDSYGGRPSDSYGGRPSDSYGGRPSDSYGGRPSDSYGGRPSDSYG,16.41438929999998
DVPSDD,VPSDDYGQGVPSDDYGQGVPSDDYGQGVPSDDYGQGVPSDDYGQGVPSDDYGQGVPSDDYGQGVPSDDYGQGVPSDDYGQGVPSDDYGQGVPSDDYGQGVPSDDYGQGVPSDDYGQGVPSDDYGQGVPSDDYGQGVPSDDYGQGVPSDDYGQGVPSDDYGQGVPSDDYGQGVPSDDYGQG,18.396081299999977
DGRGDS,GRGDSAYGRGDSAYGRGDSAYGRGDSAYGRGDSAYGRGDSAYGRGDSAYGRGDSAYGRGDSAYGRGDSAYGRGDSAYGRGDSAYGRGDSAYGRGDSAYGRGDSAYGRGDSAY,11.325280899999994
DGRASD,GRASDSYGGRASDSYGGRASDSYGGRASDSYGGRASDSYGGRASDSYGGRASDSYGGRASDSYGGRASDSYGGRASDSYGGRASDSYGGRASDSYGGRASDSYGGRASDSYGGRASDSYGGRASDSYGGRASDSYGGRASDSYGGRASDSYGGRASDSYG,15.89364329999998
DVRPDG,VRPDGVRPDGVRPDGVRPDGVRPDGVRPDGVRPDGVRPDGVRPDGVRPDGVRPDGVRPDGVRPDGVRPDGVRPDGVRPDGVRPDGVRPDGVRPDGVRPDGVRPDGVRPDGVRPDGVRPDGVRPDGVRPDGVRPDGVRPDGVRPDGVRPDGVRPDGVRPDGVRPDGVRPDGVRPDGVRPDGVRPDGVRPDGVRPDGVRPDG,21.000839299999964
DDPGYI,DPGYIGSRGDPGYIGSRGDPGYIGSRGDPGYIGSRGDPGYIGSRGDPGYIGSRGDPGYIGSRGDPGYIGSRGDPGYIGSRGDPGYIGSRGDPGYIGSRGDPGYIGSRGDPGYIGSRGDPGYIGSRGDPGYIGSRGDPGYIGSRG,14.465220099999984
DGCTTT,GCTTTYDRHHVTTTQPQYRHDQHTGDRLTHPQRQQQGPSTGKLALGATPLFGVIGFSPVIVPAMGIAIGLAGVTGFQRDYVKGKLQDVGEYTGQKTKDLGQKIQHTAHEMGDQGQGQGQGGGKEGRKEGGKLEHHHHHH,15.042505300000002
DGCTTC,GCTTCYDRHHVTTTQPQYRHDQHTGDRLTHPQRQQQGPSTGKLALGATPLFGVIGFSPVIVPAMGIAIGLAGVTGFQRDYVKGKLQDVGEYTGQKTKDLGQKIQHTAHEMGDQGQGQGQGGGKEGRKEGGKLEHHHHHH,15.044544300000004
DGSTTT,GSTTTYDRHHVCTTQPQYRHDQHTGDRLTHPQRQQQGPSTGKLALGATPLFGVIGFSPVIVPAMGIAIGLAGVTGFQRDYVKGKLQDVGEYTGQKTKDLGQKIQHTAHEMGDQGQGQGQGGGKEGRKEGGKLEHHHHHH,15.028478700000004
DGSTTT,GSTTTYDRHHVTTTQPQYRHDQHCGDRLTHPQRQQQGPSTGKLALGATPLFGVIGFSPVIVPAMGIAIGLAGVTGFQRDYVKGKLQDVGEYTGQKTKDLGQKIQHTAHEMGDQGQGQGQGGGKEGRKEGGKLEHHHHHH,15.028478700000004
DGSCTT,GSCTTYDRHHVTTTQPQYRHDQHTGDRLTHPQRQQQGPSTGKLALGATPLFGVIGFSPVIVPAMGIAIGLAGVTGFQRDYVKGKLQDVGEYTGQKTKDLGQKIQHTAHEMGDQGQGQGQGGGKEGRKEGGKLEHHHHHH,15.028478700000004
DGSTCT,GSTCTYDRHHVTTTQPQYRHDQHTGDRLTHPQRQQQGPSTGKLALGATPLFGVIGFSPVIVPAMGIAIGLAGVTGFQRDYVKGKLQDVGEYTGQKTKDLGQKIQHTAHEMGDQGQGQGQGGGKEGRKEGGKLEHHHHHH,15.028478700000004
DGSTTC,GSTTCYDRHHVTTTQPQYRHDQHTGDRLTHPQRQQQGPSTGKLALGATPLFGVIGFSPVIVPAMGIAIGLAGVTGFQRDYVKGKLQDVGEYTGQKTKDLGQKIQHTAHEMGDQGQGQGQGGGKEGRKEGGKLEHHHHHH,15.028478700000004
DMGSSH,MGSSHHHHHHSQDPNSSDYYGPNYGPSRRWGGYGNYNRYNGRRYGGYGGYKGWNRGWRRGSWGRRKYNY,8.243671900000002
DSQDPN,SQDPNSSDYYGPNYGPSRRWGGYGNYNRYNGRRYGGYGGYKGWNRGWRRGSWGRRKYNY,7.058434200000003
DMAKPS,MAKPSYPPTYKAKPSYPPTYKAKPSYPPTYKAKPSYPPTYKAKPSYPPTYKAKPSYPPTYKAKPSYPPTYKAKPSYPPTYKAKPSYPPTYKAKPSYPPTYKAKPSYPPTYKAKPSYPPTYK,13.748759699999981
DGHGVY,GHGVYGHGVYGHGPYGHGPYGHGLY,2.5957408000000006
DGRDGS,GRDGSPYQGGRDGSPYQGGRDGSPYQGGRDGSPYQGGRDGSPYQGGRDGSPYQGGRDGSPYQGGRDGSPYQGGRDGSPYQGGRDGSPYQGGRDGSPYQGGRDGSPYQGGRDGSPYQGGRDGSPYQGGRDGSPYQGGRDGSPYQGGRDGSPYQGGRDGSPYQGGRDGSPYQGGRDGSPYQGGRDGSPYQGGRDGSPYQGGRDGSPYQGGRDGSPYQG,22.048140899999936
DAAAAA,AAAAAKAAKYGAGVPGVGVPGVGVPGVGVPGVGVPGVGVPGVGVPGVAAAAAKAAKYGAGVPGVGVPGVGVPGVGVPGVGVPGVGVPGVGVPGVAAAAAKAAKYGAGVPGVGVPGVGVPGVGVPGVGVPGVGVPGVGVPGVAAAAAKAAKYGA,12.797860299999998
DFPGFG,FPGFGVGVGGIPGVAGVPGVGGVPGVGGVPGVGISPEAQAAAAAKAAKYGVGTPAAAAAKAAAKAAQFGLVPGVGVAPGVGVAPGVGVAPGVGLAPGVGVAPGVGVAPGVGVAPAIGP,10.009524100000002
DFPGFG,FPGFGVGVGGIPGVAGVPGVGGVPGVGGVPGVGISPEAQAAAAAKAAKYGVGTPAAAAAKAAAKAAQFGLVPGVGVAPGVGVAPGVGVAPGVGLAPGVGVAPGVGVAPGVGVAPAIGPEAQAAAAAKAAKYGVGTPAAAAAKAAAKAAQFGLVPGVGVAPGVGVAPGVGVAPGVGLAPGVGVAPGVGVAPGVGVAPAIGP,16.991575199999964
DGLVPG,GLVPGVGVAPGVGVAPGVGVAPGVGLAPGVGVAPGVGVAPGVGVAPAIGPGAVVPQPGAGVKPGKVPGVGPFGGPQPGVPLGYPIKAPKLPGLVPGVGVAPGVGVAPGVGVAPGVGLAPGVGVAPGVGVAPGVGVAPAIGPGAVVPQPGAGVKPGKVPGVGPFGGPQPGVPLGYPIKAPKLPGLVPGVGVAPGVGVAPGVGVAPGVGLAPGVGVAPGVGVAPGVGVAPAIGP,19.99751269999995
DGAVVP,GAVVPQPGAGVKPGKVPGVGLPGVYPGGVLPGARFPGVGVLPGVPTGAGVKPKAPGVGGAFAGIPGVGPFGGPQPGVPLGYPIKAPKLPGGYGLPYTTGKLPYGYGPGGVAGAAGKAGYPTGTGGACLGKACGRKRK,12.731764899999988
DFPGFG,FPGFGVGVGGIPGVAGVPGVGGVPGVGGVPGVGISPEAQAAAAAKAAKYAAAAAAAAAAKAAAKAAQFGLVPGVGVAPGVGVAPGVGVAPGVGLAPGVGVAPGVGVAPGVGVAPAIGP,9.953460900000001
DFPGFG,FPGFGVGVGGIPGVAGVPGVGGVPGVGGVPGVGISPEAQAAAAAKAAKYAAAAAAAAAAKAAAKAAQFGLVPGVGVAPGVGVAPGVGVAPGVGLAPGVGVAPGVGVAPGVGVAPAIGPEAQAAAAAKAAKYAAAAAAAAAAKAAAKAAQFGLVPGVGVAPGVGVAPGVGVAPGVGLAPGVGVAPGVGVAPGVGVAPAIGP,16.879448799999963
DFPGFG,FPGFGVGVGGIPGVAGVPGVGGVPGVGGVPGVGISPEAQAAAAAKAAKYGVGTPAAAAAKAAAKAAQFGLVPGVGVAGVAPGVGVAGVAPGVGVAGVAPGVGVAGVAPGVGVAGVAGAIGPEAQAAAAAKAAKYGVGTPAAAAAKAAAKAAQFGLVPGVGVAGVAPGVGVAGVAPGVGVAGVAPGVGVAGVAPGVGVAGVAGAIGP,17.233765399999953
DGLVPG,GLVPGVGVAGVAPGVGVAGVAPGVGVAGVAPGVGVAGVAPGVGVAGVAGAIGP,4.221898000000001
DFPGFG,FPGFGVGVGGIPGVAGVPGVGGVPGVGGVPGVGISPGLVPGVGVAPGVGVAPGVGVAPGVGLAPGVGVAPGVGVAPGVGVAPAIGPGLVPGVGVAGVAGVAPGVGVAGVAGVAPGVGVAGVAGVAPGVGVAGVAGVAGAIGP,11.5153662
DGYDGY,GYDGYNWPYGYNGYRYGWNKGWNGY,3.0711875000000006
DGNYKY,GNYKYRGYGYPRGWKKGRKYY,2.660985000000001
DRRASL,RRASLRRASLRRASL,1.7690679
DGSAAA,GSAAAAAAAGPGQQGPGGYGPGQQGPSGPGSAAAAAAAGPGQQGPGGYGPGQQGPSGPGSAAAAAAAGPGQQGPGGYGPGQQGPSGPGSAAAAAAAGPGQQGPGGYGPGQQGPSGPGSAAAAAAAGPGQQGPGGYGPGQQGPSGPGSAAAAAAAGPGQQGPGGYGPGQQGPSGP,14.438888699999978
DGSGGY,GSGGYGPSQYVPSSVASSAASAASALSSPTTHARISSHASTLLSSGPTNAAALSNVISNAVSQVSASNPGSSSCDVLVQALLEIITALISILDSSSVGQVNYGSSGQYAQIVGQSMQQAMG,11.7908066
DMNNSG,MNNSGDNDRGSGNYGLRNSFGDDGYGDNGNDEGNSGYRNRGLGGDRADEYGNSGGNGDNEAAPNASDRDDAHYYDSDDYDDGGGGRGSGGAGGGGARGPGSNRAGRYGGGGRRGRGRGNGYNGNRSQRRRGGGRGRGNRGYRVGNGNGQSGGRNSRGGGGGNGGANYGLEHHHHHH,17.83677179999998
DMGGYG,MGGYGYGSSGDGGGDDYGDARYVPPHLRGYGDGAGDDGGDNNDDSDDADRDYNGGLSGGAGGNSGGDGENGGDGNGRNNARSGNNRGGNGNYRYFGANYGAGEGRGRNGQGGEGSGNNRGGGGRYGRRRRQGSRGGRGSGGNYGGNSNRSGRAGGRDNNARNRRRNGSLEHHHHHH,17.8367718
DFF,FF,0.31236289999999994
DVGAPV,VGAPVGVGAPVGVGAPVGVGAPVGVGAPVGVGAPVGVGAPVGVGAPVGVGAPVGVGAPVGVGAPVGVGAPVGVGAPVGVGAPVGVGAPVGVGAPVGVGAPVGVGAPVGVGAPVGVGAPVGVGAPVGVGAPVGVGAPVGVGAPVGVGAPVGVGAPVGVGAPVGVGAPVGVGAPVGVGAPVGVGAPVGVGAPVGVGAPVGVGAPVGVGAPVG,16.83753479999997
DVPGVG,VPGVGVPGVGVPGVGVPGVGVPGVGVPGVGVPGVGVPGVGVPGVGVPGVGVPGVGVPGVGVPGVGVPGVGVPGVGVPGVGVPGVGVPGVGVPGVGVPGVGVPGVGVPGVGVPGVGVPGVGVPGVGVPGVGVPGVGVPGVGVPGVGVPGVGVPGVGVPGVGVPGVGVPGVGVPGVG,14.349808300000005
DVAPVG,VAPVGVAPVGVAPVGVAPVGVAPVGVAPVGVAPVGVAPVGVAPVGVAPVGVAPVGVAPVGVAPVGVAPVGVAPVGVAPVGVAPVGVAPVGVAPVGVAPVGVAPVGVAPVGVAPVGVAPVGVAPVGVAPVGVAPVGVAPVGVAPVGVAPVGVAPVGVAPVGVAPVGVAPVGVAPVGVAPVGVAPVGVAPVGVAPVGVAPVG,16.958271299999982
DVPGAV,VPGAVGVPGAVGVPGAVGVPGAVGVPGAVGVPGAVGVPGAVGVPGAVGVPGAVGVPGAVGVPGAVGVPGAVGVPGAVGVPGAVGVPGAVGVPGAVGVPGAVGVPGAVGVPGAVGVPGAVGVPGAVGVPGAVGVPGAVGVPGAVGVPGAVGVPGAVGVPGAVGVPGAVGVPGAVGVPGAVG,14.43474629999999
DVAPVG,VAPVGVAPVGVAPVGVAPVGVAPVGVAPVGVAPVGVAPVGVAPVGVAPVGVAPVGVAPVGVAPVGVAPVGVAPVGVAPVGVAPVGVAPVGVAPVGVAPVG,8.488143300000006
DVAPVG,VAPVGVAPVGVAPVGVAPVGVAPVGVAPVGVAPVGVAPVGVAPVGVAPVGVAPVGVAPVGVAPVGVAPVGVAPVGVAPVGVAPVGVAPVGVAPVGVAPVGVAPVGVAPVGVAPVGVAPVGVAPVGVAPVGVAPVGVAPVGVAPVGVAPVG,12.723207300000002
DTPVAV,TPVAVGTPVAVGTPVAVGTPVAVGTPVAVGTPVAVGTPVAVGTPVAVGTPVAVGTPVAVGTPVAVGTPVAVGTPVAVGTPVAVGTPVAVGTPVAVGTPVAVGTPVAVGTPVAVGTPVAVG,10.5102213
DTPVAV,TPVAVGTPVAVGTPVAVGTPVAVGTPVAVGTPVAVGTPVAVGTPVAVGTPVAVGTPVAVGTPVAVGTPVAVGTPVAVGTPVAVGTPVAVGTPVAVGTPVAVGTPVAVGTPVAVGTPVAVGTPVAVGTPVAVGTPVAVGTPVAVGTPVAVGTPVAVGTPVAVGTPVAVGTPVAVGTPVAVGTPVAVGTPVAVGTPVAVGTPVAVGTPVAVGTPVAVGTPVAVGTPVAVGTPVAVGTPVAVG,21.00242729999997
DVAPVG,VAPVGVAPVGVAPVGVAPVGVAPVGVAPVGVAPVGVAPVGVAPVGVAPVGVAPVGVAPVGVAPVGVAPVGVAPVGVAPVGVAPVGVAPVGVAPVGVAPVGGYIPEAPRDGQAYVRKDGEWVLLSTFL,11.551562800000001
DVAPVG,VAPVGVAPVGVAPVGVAPVGVAPVGVAPVGVAPVGVAPVGVAPVGVAPVGVAPVGVAPVGVAPVGVAPVGVAPVGVAPVGVAPVGVAPVGVAPVGVAPVGVAPVGVAPVGVAPVGVAPVGVAPVGVAPVGVAPVGVAPVGVAPVGVAPVGVAPVGVAPVGVAPVGVAPVGVAPVGVAPVGVAPVGVAPVGVAPVGVAPVGGYIPEAPRDGQAYVRKDGEWVLLSTFL,20.02169079999998
DAVPGV,AVPGVGAVPGVGAVPGVGAVPGVGAVPGVGAVPGVGAVPGVGAVPGVGAVPGVGAVPGVGAVPGVGAVPGVGAVPGVGAVPGVGAVPGVGAVPGVGAVPGVGAVPGVGAVPGVGAVPGVGAVPGVGAVPGVGAVPGVGAVPGVGAVPGVGAVPGVGAVPGVGAVPGVGAVPGVGAVPGVGAVPGVGAVPGVGAVPGVGAVPGVGAVPGVGAVPGVGAVPGVGAVPGVGAVPGVGAVPGVGAVPGVGAVPGVGAVPGVGAVPGVGAVPGVGAVPGVGAVPGVGAVPGVGAVPGVGAVPGVG,24.04590029999991
DGRGDS,GRGDSAYGRGDSAYGRGDSAYGRGDSAYGRGDSAYGRGDSAYGRGDSAYGRGDSAYGRGDSAYGRGDSAYGRGDSAYGRGDSAYGRGDSAYGRGDSAYGRGDSAYGRGDSAYGRGDSAYGRGDSAYGRGDSAYGRGDSAYGRGDSAYGRGDSAYGRGDSAYGRGDSAYGRGDSAYGRGDSAYGRGDSAYGRGDSAYGRGDSAYGRGDSAYGRGDSAYGRGDSAY,22.632546499999947
DGRGDS,GRGDSPYGRGDSPYGRGDSPYGRGDSPYGRGDSPYGRGDSPYGRGDSPYGRGDSPYGRGDSPYGRGDSPYGRGDSPYGRGDSPYGRGDSPYGRGDSPYGRGDSPYGRGDSPYGRGDSPYGRGDSPYGRGDSPYGRGDSPYGRGDSPYGRGDSPYGRGDSPYGRGDSPYGRGDSPYGRGDSPYGRGDSPYGRGDSPY,20.53477449999996
DVGPVG,VGPVGVGPVGVGPVGVGPVGVGPVGVGPVGVGPVGVGPVGVGPVGVGPVGVGPVGVGPVGVGPVGVGPVGVGPVGVGPVGVGPVGVGPVGVGPVGVGPVGVGPVGVGPVGVGPVGVGPVGVGPVGVGPVGVGPVGVGPVGVGPVGVGPVGVGPVGVGPVGVGPVGVGPVGVGPVGVGPVGVGPVGVGPVGVGPVGVGPVG,16.397207299999987
DGVAPV,GVAPVGVAPVGVAPVGVAPVGVAPVGVAPVGVAPVGVAPVGVAPVGVAPVGVAPVGVAPVGVAPVGVAPVGVAPVGVAPVGVAPVGVAPVGVAPVGVAPVGVAPVGVAPVGVAPVGVAPVGVAPVGVAPVGVAPVGVAPVGVAPVGVAPVGVAPVGVAPVGVAPVGVAPVGVAPVGVAPVGVAPVGVAPVGVAPVGVAPVGVAPVGVAPVGVAPVGVAPVGVAPV,19.075803299999972
DGVGPV,GVGPVGVGPVGVGPVGVGPVGVGPVGVGPVGVGPVGVGPVGVGPVGVGPVGVGPVGVGPVGVGPVGVGPVGVGPVGVGPVGVGPVGVGPVGVGPVGVGPVGVGPVGVGPVGVGPVGVGPVGVGPVGVGPVGVGPVGVGPVGVGPVGVGPV,12.30240930000001
DGVGAP,GVGAPVGVGAPVGVGAPVGVGAPVGVGAPVGVGAPVGVGAPVGVGAPVGVGAPVGVGAPVGVGAPVGVGAPVGVGAPVGVGAPVGVGAPVGVGAPVGVGAPVGVGAPVGVGAPVGVGAPVGVGAPVGVGAPVGVGAPVGVGAPVGVGAPV,12.031957800000004
DVPAGL,VPAGLGVPAGLGVPAGLGVPAGLGVPAGLGVPAGLGVPAGLGVPAGLGVPAGLGVPAGLGVPAGLGVPAGLGVPAGLGVPAGLGVPAGLGVPAGLGVPAGLGVPAGLGVPAGLGVPAGLGVPAGLGVPAGLGVPAGLGVPAGLGVPAGLGVPAGLGVPAGLGVPAGLGVPAGLGVPAGLGVPAGLGVPAGLGVPAGLGVPAGLGVPAGLGVPAGLGVPAGLGVPAGLGVPAGLGVPAGLG,19.80138729999995
DVHPGV,VHPGVGVHPGVGVHPGVGVHPGVGVHPGVGVHPGVGVHPGVGVHPGVGVHPGVGVHPGVGVHPGVGVHPGVGVHPGVGVHPGVGVHPGVGVHPGVGVHPGVGVHPGVGVHPGVGVHPGVG,10.950397300000006
DDDDDD,DDDDDDDDDDDDDDDDDDDDDDDDDDDDDDDDDDDDDDDDDDDDDDDDDDDDDDDDDDDDDDDDDDDDDDDDDDDDDDDDDDDDDDDDDDDDDDDDDDDD,11.526755299999989
DEEEEE,EEEEEEEEEEEEEEEEEEEEEEEEEEEEEEEEEEEEEEEEEEEEEEEEEEEEEEEEEEEEEEEEEEEEEEEEEEEEEEEEEEEEEEEEEEEEEEEEEEEE,12.929415300000013
DPRPRP,PRPRPRPRPRPRPRPRPRPRPRPRPRPRPRPRPRPRPRPRPRPRPRPRPR,6.350537800000004
DRGRGG,RGRGGRGRGGRGRGGRGRGGRGRGG,2.435641800000001
DKGKGG,KGKGGKGKGGKGKGGKGKGGKGKGG,2.1555078000000005
DSKGPG,SKGPGRGDQPYQGRGDQPYQGRGDQPYQGRGDQPYQGRGDQPYQGRGDQPYQGRGDQPYQGRGDQPYQGRGDQPYQGRGDQPYQGRGDQPYQGRGDQPYQGRGDQPYQGRGDQPYQGRGDQPYQGRGDQPYQGRGDQPYQGRGDQPYQGRGDQPYQGRGDQPYQGY,18.646105899999966
DSKGPG,SKGPGRGDSPYSGRGDSPYSGRGDSPYSGRGDSPYSGRGDSPYSGRGDSPYSGRGDSPYSGRGDSPYSGRGDSPYSGRGDSPYSGRGDSPYSGRGDSPYSGRGDSPYSGRGDSPYSGRGDSPYSGRGDSPYSGRGDSPYSGRGDSPYSGRGDSPYSGRGDSPYSGY,17.004029899999974
DSKGPG,SKGPGRGDSPYQGRGDSPYQGRGDSPYQGRGDSPYQGRGDSPYQGRGDSPYQGRGDSPYQGRGDSPYQGRGDSPYQGRGDSPYQGRGDSPYQGRGDSPYQGRGDSPYQGRGDSPYQGRGDSPYQGRGDSPYQGRGDSPYQGRGDSPYQGRGDSPYQGRGDSPYQGY,17.825067899999972
DSKGPG,SKGPGRGDQPYSGRGDQPYSGRGDQPYSGRGDQPYSGRGDQPYSGRGDQPYSGRGDQPYSGRGDQPYSGRGDQPYSGRGDQPYSGRGDQPYSGRGDQPYSGRGDQPYSGRGDQPYSGRGDQPYSGRGDQPYSGRGDQPYSGRGDQPYSGRGDQPYSGRGDQPYSGY,17.825067899999972
