,PSID,Entry ID,Protein ID,Protein name,Repeat,Sequence
291,PS00000465,LLPS000480,p0026,GR,20,">LLPS000480 synthetic construct [GR]20|length=40aa
GRGRGRGRGRGRGRGRGRGRGRGRGRGRGRGRGRGRGRGR"
293,PS00000467,LLPS000481,p0027,PR,20,">LLPS000481 synthetic construct [PR]20|length=40aa
PRPRPRPRPRPRPRPRPRPRPRPRPRPRPRPRPRPRPRPR"
302,PS00000480,LLPS000482,p0027,PR,30,">LLPS000482 synthetic construct [PR]30|length=60aa
PRPRPRPRPRPRPRPRPRPRPRPRPRPRPRPRPRPRPRPRPRPRPRPRPRPRPRPRPRPR"
394,PS00000626,LLPS000534,p0037,IP5,-,">LLPS000534 synthetic construct [IP5]|length=38aa
QGTFTSDKESKYLDERAAQDFVQWLLDGGPSSGAPPPS"
458,PS00000734,LLPS000625,p0056,AVPGVG,25,">LLPS000625 [AVPGVG]25|length=150aa
AVPGVGAVPGVGAVPGVGAVPGVGAVPGVGAVPGVGAVPGVGAVPGVGAVPGVGAVPGVG
AVPGVGAVPGVGAVPGVGAVPGVGAVPGVGAVPGVGAVPGVGAVPGVGAVPGVGAVPGVG
AVPGVGAVPGVGAVPGVGAVPGVGAVPGVG"
459,PS00000735,LLPS000626,p0057,TVPGVG,65,">LLPS000626 [TVPGVG]65|length=390aa
TVPGVGTVPGVGTVPGVGTVPGVGTVPGVGTVPGVGTVPGVGTVPGVGTVPGVGTVPGVG
TVPGVGTVPGVGTVPGVGTVPGVGTVPGVGTVPGVGTVPGVGTVPGVGTVPGVGTVPGVG
TVPGVGTVPGVGTVPGVGTVPGVGTVPGVGTVPGVGTVPGVGTVPGVGTVPGVGTVPGVG
TVPGVGTVPGVGTVPGVGTVPGVGTVPGVGTVPGVGTVPGVGTVPGVGTVPGVGTVPGVG
TVPGVGTVPGVGTVPGVGTVPGVGTVPGVGTVPGVGTVPGVGTVPGVGTVPGVGTVPGVG
TVPGVGTVPGVGTVPGVGTVPGVGTVPGVGTVPGVGTVPGVGTVPGVGTVPGVGTVPGVG
TVPGVGTVPGVGTVPGVGTVPGVGTVPGVG"
460,PS00000737,LLPS000627,p0058,TVPGAG,55,">LLPS000627 [TVPGAG]55|length=330aa
TVPGAGTVPGAGTVPGAGTVPGAGTVPGAGTVPGAGTVPGAGTVPGAGTVPGAGTVPGAG
TVPGAGTVPGAGTVPGAGTVPGAGTVPGAGTVPGAGTVPGAGTVPGAGTVPGAGTVPGAG
TVPGAGTVPGAGTVPGAGTVPGAGTVPGAGTVPGAGTVPGAGTVPGAGTVPGAGTVPGAG
TVPGAGTVPGAGTVPGAGTVPGAGTVPGAGTVPGAGTVPGAGTVPGAGTVPGAGTVPGAG
TVPGAGTVPGAGTVPGAGTVPGAGTVPGAGTVPGAGTVPGAGTVPGAGTVPGAGTVPGAG
TVPGAGTVPGAGTVPGAGTVPGAGTVPGAG"
461,PS00000738,LLPS000628,p0059,GVPGAV,30,">LLPS000628 [GVPGAV]30|length=180aa
GVPGAVGVPGAVGVPGAVGVPGAVGVPGAVGVPGAVGVPGAVGVPGAVGVPGAVGVPGAV
GVPGAVGVPGAVGVPGAVGVPGAVGVPGAVGVPGAVGVPGAVGVPGAVGVPGAVGVPGAV
GVPGAVGVPGAVGVPGAVGVPGAVGVPGAVGVPGAVGVPGAVGVPGAVGVPGAVGVPGAV"
462,PS00000739,LLPS000629,p0060,GVPGVA,50,">LLPS000629 [GVPGVA]50|length=300aa
GVPGVAGVPGVAGVPGVAGVPGVAGVPGVAGVPGVAGVPGVAGVPGVAGVPGVAGVPGVA
GVPGVAGVPGVAGVPGVAGVPGVAGVPGVAGVPGVAGVPGVAGVPGVAGVPGVAGVPGVA
GVPGVAGVPGVAGVPGVAGVPGVAGVPGVAGVPGVAGVPGVAGVPGVAGVPGVAGVPGVA
GVPGVAGVPGVAGVPGVAGVPGVAGVPGVAGVPGVAGVPGVAGVPGVAGVPGVAGVPGVA
GVPGVAGVPGVAGVPGVAGVPGVAGVPGVAGVPGVAGVPGVAGVPGVAGVPGVAGVPGVA"
463,PS00000741,LLPS000630,p0061,VAPGVG,20,">LLPS000630 [VAPGVG]20|length=120aa
VAPGVGVAPGVGVAPGVGVAPGVGVAPGVGVAPGVGVAPGVGVAPGVGVAPGVGVAPGVG
VAPGVGVAPGVGVAPGVGVAPGVGVAPGVGVAPGVGVAPGVGVAPGVGVAPGVGVAPGVG"
464,PS00000743,LLPS000631,p0062,APGVG,45,">LLPS000631 [APGVG]45|length=225aa
APGVGAPGVGAPGVGAPGVGAPGVGAPGVGAPGVGAPGVGAPGVGAPGVGAPGVGAPGVG
APGVGAPGVGAPGVGAPGVGAPGVGAPGVGAPGVGAPGVGAPGVGAPGVGAPGVGAPGVG
APGVGAPGVGAPGVGAPGVGAPGVGAPGVGAPGVGAPGVGAPGVGAPGVGAPGVGAPGVG
APGVGAPGVGAPGVGAPGVGAPGVGAPGVGAPGVGAPGVGAPGVG"
465,PS00000744,LLPS000632,p0063,VPGVA,35,">LLPS000632 [VPGVA]35|length=175aa
VPGVAVPGVAVPGVAVPGVAVPGVAVPGVAVPGVAVPGVAVPGVAVPGVAVPGVAVPGVA
VPGVAVPGVAVPGVAVPGVAVPGVAVPGVAVPGVAVPGVAVPGVAVPGVAVPGVAVPGVA
VPGVAVPGVAVPGVAVPGVAVPGVAVPGVAVPGVAVPGVAVPGVAVPGVAVPGVA"
466,PS00000745,LLPS000633,p0064,VPGVG,30,">LLPS000633 [VPGVG]30|length=150aa
VPGVGVPGVGVPGVGVPGVGVPGVGVPGVGVPGVGVPGVGVPGVGVPGVGVPGVGVPGVG
VPGVGVPGVGVPGVGVPGVGVPGVGVPGVGVPGVGVPGVGVPGVGVPGVGVPGVGVPGVG
VPGVGVPGVGVPGVGVPGVGVPGVGVPGVG"
467,PS00000746,LLPS000634,p0065,VHPGVG,25,">LLPS000634 [VHPGVG]25|length=150aa
VHPGVGVHPGVGVHPGVGVHPGVGVHPGVGVHPGVGVHPGVGVHPGVGVHPGVGVHPGVG
VHPGVGVHPGVGVHPGVGVHPGVGVHPGVGVHPGVGVHPGVGVHPGVGVHPGVGVHPGVG
VHPGVGVHPGVGVHPGVGVHPGVGVHPGVG"
468,PS00000747,LLPS000635,p0066,VAPVG,35,">LLPS000635 [VAPVG]35|length=175aa
VAPVGVAPVGVAPVGVAPVGVAPVGVAPVGVAPVGVAPVGVAPVGVAPVGVAPVGVAPVG
VAPVGVAPVGVAPVGVAPVGVAPVGVAPVGVAPVGVAPVGVAPVGVAPVGVAPVGVAPVG
VAPVGVAPVGVAPVGVAPVGVAPVGVAPVGVAPVGVAPVGVAPVGVAPVGVAPVG"
469,PS00000748,LLPS000636,p0067,VGPVG,30,">LLPS000636 [VGPVG]30|length=150aa
VGPVGVGPVGVGPVGVGPVGVGPVGVGPVGVGPVGVGPVGVGPVGVGPVGVGPVGVGPVG
VGPVGVGPVGVGPVGVGPVGVGPVGVGPVGVGPVGVGPVGVGPVGVGPVGVGPVGVGPVG
VGPVGVGPVGVGPVGVGPVGVGPVGVGPVG"
470,PS00000749,LLPS000637,p0068,VPAGVG,25,">LLPS000637 [VPAGVG]25|length=150aa
VPAGVGVPAGVGVPAGVGVPAGVGVPAGVGVPAGVGVPAGVGVPAGVGVPAGVGVPAGVG
VPAGVGVPAGVGVPAGVGVPAGVGVPAGVGVPAGVGVPAGVGVPAGVGVPAGVGVPAGVG
VPAGVGVPAGVGVPAGVGVPAGVGVPAGVG"
471,PS00000750,LLPS000638,p0069,VPTGVG,40,">LLPS000638 [VPTGVG]40|length=240aa
VPTGVGVPTGVGVPTGVGVPTGVGVPTGVGVPTGVGVPTGVGVPTGVGVPTGVGVPTGVG
VPTGVGVPTGVGVPTGVGVPTGVGVPTGVGVPTGVGVPTGVGVPTGVGVPTGVGVPTGVG
VPTGVGVPTGVGVPTGVGVPTGVGVPTGVGVPTGVGVPTGVGVPTGVGVPTGVGVPTGVG
VPTGVGVPTGVGVPTGVGVPTGVGVPTGVGVPTGVGVPTGVGVPTGVGVPTGVGVPTGVG"
472,PS00000751,LLPS000639,p0070,APVGVG,35,">LLPS000639 [APVGVG]35|length=210aa
APVGVGAPVGVGAPVGVGAPVGVGAPVGVGAPVGVGAPVGVGAPVGVGAPVGVGAPVGVG
APVGVGAPVGVGAPVGVGAPVGVGAPVGVGAPVGVGAPVGVGAPVGVGAPVGVGAPVGVG
APVGVGAPVGVGAPVGVGAPVGVGAPVGVGAPVGVGAPVGVGAPVGVGAPVGVGAPVGVG
APVGVGAPVGVGAPVGVGAPVGVGAPVGVG"
473,PS00000753,LLPS000640,p0071,VRPVG,25,">LLPS000640 [VRPVG]25|length=125aa
VRPVGVRPVGVRPVGVRPVGVRPVGVRPVGVRPVGVRPVGVRPVGVRPVGVRPVGVRPVG
VRPVGVRPVGVRPVGVRPVGVRPVGVRPVGVRPVGVRPVGVRPVGVRPVGVRPVGVRPVG
VRPVG"
474,PS00000754,LLPS000641,p0072,APVGLG,40,">LLPS000641 [APVGLG]40|length=240aa
APVGLGAPVGLGAPVGLGAPVGLGAPVGLGAPVGLGAPVGLGAPVGLGAPVGLGAPVGLG
APVGLGAPVGLGAPVGLGAPVGLGAPVGLGAPVGLGAPVGLGAPVGLGAPVGLGAPVGLG
APVGLGAPVGLGAPVGLGAPVGLGAPVGLGAPVGLGAPVGLGAPVGLGAPVGLGAPVGLG
APVGLGAPVGLGAPVGLGAPVGLGAPVGLGAPVGLGAPVGLGAPVGLGAPVGLGAPVGLG"
475,PS00000755,LLPS000642,p0073,VPAVG,45,">LLPS000642 [VPAVG]45|length=225aa
VPAVGVPAVGVPAVGVPAVGVPAVGVPAVGVPAVGVPAVGVPAVGVPAVGVPAVGVPAVG
VPAVGVPAVGVPAVGVPAVGVPAVGVPAVGVPAVGVPAVGVPAVGVPAVGVPAVGVPAVG
VPAVGVPAVGVPAVGVPAVGVPAVGVPAVGVPAVGVPAVGVPAVGVPAVGVPAVGVPAVG
VPAVGVPAVGVPAVGVPAVGVPAVGVPAVGVPAVGVPAVGVPAVG"
476,PS00000756,LLPS000643,p0074,VPHVG,40,">LLPS000643 [VPHVG]40|length=200aa
VPHVGVPHVGVPHVGVPHVGVPHVGVPHVGVPHVGVPHVGVPHVGVPHVGVPHVGVPHVG
VPHVGVPHVGVPHVGVPHVGVPHVGVPHVGVPHVGVPHVGVPHVGVPHVGVPHVGVPHVG
VPHVGVPHVGVPHVGVPHVGVPHVGVPHVGVPHVGVPHVGVPHVGVPHVGVPHVGVPHVG
VPHVGVPHVGVPHVGVPHVG"
477,PS00000757,LLPS000644,p0075,VGPAVG,20,">LLPS000644 [VGPAVG]20|length=120aa
VGPAVGVGPAVGVGPAVGVGPAVGVGPAVGVGPAVGVGPAVGVGPAVGVGPAVGVGPAVG
VGPAVGVGPAVGVGPAVGVGPAVGVGPAVGVGPAVGVGPAVGVGPAVGVGPAVGVGPAVG"
478,PS00000758,LLPS000645,p0076,VTPAVG,25,">LLPS000645 [VTPAVG]25|length=150aa
VTPAVGVTPAVGVTPAVGVTPAVGVTPAVGVTPAVGVTPAVGVTPAVGVTPAVGVTPAVG
VTPAVGVTPAVGVTPAVGVTPAVGVTPAVGVTPAVGVTPAVGVTPAVGVTPAVGVTPAVG
VTPAVGVTPAVGVTPAVGVTPAVGVTPAVG"
479,PS00000759,LLPS000646,p0077,TPVAVG,30,">LLPS000646 TPVAVG(30)|length=180aa
TPVAVGTPVAVGTPVAVGTPVAVGTPVAVGTPVAVGTPVAVGTPVAVGTPVAVGTPVAVG
TPVAVGTPVAVGTPVAVGTPVAVGTPVAVGTPVAVGTPVAVGTPVAVGTPVAVGTPVAVG
TPVAVGTPVAVGTPVAVGTPVAVGTPVAVGTPVAVGTPVAVGTPVAVGTPVAVGTPVAVG"
480,PS00000760,LLPS000647,p0078,VPSALYGVG,21,">LLPS000647 [VPSALYGVG]21|length=189aa
VPSALYGVGVPSALYGVGVPSALYGVGVPSALYGVGVPSALYGVGVPSALYGVGVPSALY
GVGVPSALYGVGVPSALYGVGVPSALYGVGVPSALYGVGVPSALYGVGVPSALYGVGVPS
ALYGVGVPSALYGVGVPSALYGVGVPSALYGVGVPSALYGVGVPSALYGVGVPSALYGVG
VPSALYGVG"
481,PS00000761,LLPS000648,p0079,GRGNSPYG,40,">LLPS000648 [GRGNSPYG]40|length=320aa
GRGNSPYGGRGNSPYGGRGNSPYGGRGNSPYGGRGNSPYGGRGNSPYGGRGNSPYGGRGN
SPYGGRGNSPYGGRGNSPYGGRGNSPYGGRGNSPYGGRGNSPYGGRGNSPYGGRGNSPYG
GRGNSPYGGRGNSPYGGRGNSPYGGRGNSPYGGRGNSPYGGRGNSPYGGRGNSPYGGRGN
SPYGGRGNSPYGGRGNSPYGGRGNSPYGGRGNSPYGGRGNSPYGGRGNSPYGGRGNSPYG
GRGNSPYGGRGNSPYGGRGNSPYGGRGNSPYGGRGNSPYGGRGNSPYGGRGNSPYGGRGN
SPYGGRGNSPYGGRGNSPYG"
482,PS00000762,LLPS000649,p0080,RGDSPHG,64,">LLPS000649 [RGDSPHG]64|length=448aa
RGDSPHGRGDSPHGRGDSPHGRGDSPHGRGDSPHGRGDSPHGRGDSPHGRGDSPHGRGDS
PHGRGDSPHGRGDSPHGRGDSPHGRGDSPHGRGDSPHGRGDSPHGRGDSPHGRGDSPHGR
GDSPHGRGDSPHGRGDSPHGRGDSPHGRGDSPHGRGDSPHGRGDSPHGRGDSPHGRGDSP
HGRGDSPHGRGDSPHGRGDSPHGRGDSPHGRGDSPHGRGDSPHGRGDSPHGRGDSPHGRG
DSPHGRGDSPHGRGDSPHGRGDSPHGRGDSPHGRGDSPHGRGDSPHGRGDSPHGRGDSPH
GRGDSPHGRGDSPHGRGDSPHGRGDSPHGRGDSPHGRGDSPHGRGDSPHGRGDSPHGRGD
SPHGRGDSPHGRGDSPHGRGDSPHGRGDSPHGRGDSPHGRGDSPHGRGDSPHGRGDSPHG
RGDSPHGRGDSPHGRGDSPHGRGDSPHG"
483,PS00000763,LLPS000650,p0081,GRGDSPYG,20,">LLPS000650 [GRGDSPYG]20|length=160aa
GRGDSPYGGRGDSPYGGRGDSPYGGRGDSPYGGRGDSPYGGRGDSPYGGRGDSPYGGRGD
SPYGGRGDSPYGGRGDSPYGGRGDSPYGGRGDSPYGGRGDSPYGGRGDSPYGGRGDSPYG
GRGDSPYGGRGDSPYGGRGDSPYGGRGDSPYGGRGDSPYG"
486,PS00000766,LLPS000651,p0082,GRDGSPYG,20,">LLPS000651 [GRDGSPYG]20|length=160aa
GRDGSPYGGRDGSPYGGRDGSPYGGRDGSPYGGRDGSPYGGRDGSPYGGRDGSPYGGRDG
SPYGGRDGSPYGGRDGSPYGGRDGSPYGGRDGSPYGGRDGSPYGGRDGSPYGGRDGSPYG
GRDGSPYGGRDGSPYGGRDGSPYGGRDGSPYGGRDGSPYG"
487,PS00000767,LLPS000652,p0083,RGDSPYG,24,">LLPS000652 [RGDSPYG]24|length=168aa
RGDSPYGRGDSPYGRGDSPYGRGDSPYGRGDSPYGRGDSPYGRGDSPYGRGDSPYGRGDS
PYGRGDSPYGRGDSPYGRGDSPYGRGDSPYGRGDSPYGRGDSPYGRGDSPYGRGDSPYGR
GDSPYGRGDSPYGRGDSPYGRGDSPYGRGDSPYGRGDSPYGRGDSPYG"
488,PS00000768,LLPS000653,p0084,GRGDSPFG,20,">LLPS000653 [GRGDSPFG]20|length=160aa
GRGDSPFGGRGDSPFGGRGDSPFGGRGDSPFGGRGDSPFGGRGDSPFGGRGDSPFGGRGD
SPFGGRGDSPFGGRGDSPFGGRGDSPFGGRGDSPFGGRGDSPFGGRGDSPFGGRGDSPFG
GRGDSPFGGRGDSPFGGRGDSPFGGRGDSPFGGRGDSPFG"
489,PS00000769,LLPS000654,p0085,GRGESPYG,20,">LLPS000654 [GRGESPYG]20|length=160aa
GRGESPYGGRGESPYGGRGESPYGGRGESPYGGRGESPYGGRGESPYGGRGESPYGGRGE
SPYGGRGESPYGGRGESPYGGRGESPYGGRGESPYGGRGESPYGGRGESPYGGRGESPYG
GRGESPYGGRGESPYGGRGESPYGGRGESPYGGRGESPYG"
490,PS00000770,LLPS000655,p0086,RGDSPYQG,24,">LLPS000655 [RGDSPYQG]24|length=192aa
RGDSPYQGRGDSPYQGRGDSPYQGRGDSPYQGRGDSPYQGRGDSPYQGRGDSPYQGRGDS
PYQGRGDSPYQGRGDSPYQGRGDSPYQGRGDSPYQGRGDSPYQGRGDSPYQGRGDSPYQG
RGDSPYQGRGDSPYQGRGDSPYQGRGDSPYQGRGDSPYQGRGDSPYQGRGDSPYQGRGDS
PYQGRGDSPYQG"
491,PS00000771,LLPS000656,p0087,RGDAPYQG,28,">LLPS000656 [RGDAPYQG]28|length=224aa
RGDAPYQGRGDAPYQGRGDAPYQGRGDAPYQGRGDAPYQGRGDAPYQGRGDAPYQGRGDA
PYQGRGDAPYQGRGDAPYQGRGDAPYQGRGDAPYQGRGDAPYQGRGDAPYQGRGDAPYQG
RGDAPYQGRGDAPYQGRGDAPYQGRGDAPYQGRGDAPYQGRGDAPYQGRGDAPYQGRGDA
PYQGRGDAPYQGRGDAPYQGRGDAPYQGRGDAPYQGRGDAPYQG"
492,PS00000772,LLPS000657,p0088,QYPSDGRG,24,">LLPS000657 [QYPSDGRG]24|length=192aa
QYPSDGRGQYPSDGRGQYPSDGRGQYPSDGRGQYPSDGRGQYPSDGRGQYPSDGRGQYPS
DGRGQYPSDGRGQYPSDGRGQYPSDGRGQYPSDGRGQYPSDGRGQYPSDGRGQYPSDGRG
QYPSDGRGQYPSDGRGQYPSDGRGQYPSDGRGQYPSDGRGQYPSDGRGQYPSDGRGQYPS
DGRGQYPSDGRG"
493,PS00000773,LLPS000658,p0089,RGDSYPG,20,">LLPS000658 [RGDSYPG]20|length=140aa
RGDSYPGRGDSYPGRGDSYPGRGDSYPGRGDSYPGRGDSYPGRGDSYPGRGDSYPGRGDS
YPGRGDSYPGRGDSYPGRGDSYPGRGDSYPGRGDSYPGRGDSYPGRGDSYPGRGDSYPGR
GDSYPGRGDSYPGRGDSYPG"
494,PS00000775,LLPS000659,p0090,VPHSRNGG,40,">LLPS000659 [VPHSRNGG]40|length=320aa
VPHSRNGGVPHSRNGGVPHSRNGGVPHSRNGGVPHSRNGGVPHSRNGGVPHSRNGGVPHS
RNGGVPHSRNGGVPHSRNGGVPHSRNGGVPHSRNGGVPHSRNGGVPHSRNGGVPHSRNGG
VPHSRNGGVPHSRNGGVPHSRNGGVPHSRNGGVPHSRNGGVPHSRNGGVPHSRNGGVPHS
RNGGVPHSRNGGVPHSRNGGVPHSRNGGVPHSRNGGVPHSRNGGVPHSRNGGVPHSRNGG
VPHSRNGGVPHSRNGGVPHSRNGGVPHSRNGGVPHSRNGGVPHSRNGGVPHSRNGGVPHS
RNGGVPHSRNGGVPHSRNGG"
495,PS00000776,LLPS000660,p0091,VPSTDYGVG,12,">LLPS000660 [VPSTDYGVG]12|length=108aa
VPSTDYGVGVPSTDYGVGVPSTDYGVGVPSTDYGVGVPSTDYGVGVPSTDYGVGVPSTDY
GVGVPSTDYGVGVPSTDYGVGVPSTDYGVGVPSTDYGVGVPSTDYGVG"
496,PS00000777,LLPS000661,p0092,GRPSDSYG,20,">LLPS000661 [GRPSDSYG]20|length=160aa
GRPSDSYGGRPSDSYGGRPSDSYGGRPSDSYGGRPSDSYGGRPSDSYGGRPSDSYGGRPS
DSYGGRPSDSYGGRPSDSYGGRPSDSYGGRPSDSYGGRPSDSYGGRPSDSYGGRPSDSYG
GRPSDSYGGRPSDSYGGRPSDSYGGRPSDSYGGRPSDSYG"
499,PS00000781,LLPS000662,p0093,VPSDDYGVG,29,">LLPS000662 [VPSDDYGVG]29|length=261aa
VPSDDYGVGVPSDDYGVGVPSDDYGVGVPSDDYGVGVPSDDYGVGVPSDDYGVGVPSDDY
GVGVPSDDYGVGVPSDDYGVGVPSDDYGVGVPSDDYGVGVPSDDYGVGVPSDDYGVGVPS
DDYGVGVPSDDYGVGVPSDDYGVGVPSDDYGVGVPSDDYGVGVPSDDYGVGVPSDDYGVG
VPSDDYGVGVPSDDYGVGVPSDDYGVGVPSDDYGVGVPSDDYGVGVPSDDYGVGVPSDDY
GVGVPSDDYGVGVPSDDYGVG"
500,PS00000783,LLPS000663,p0094,VPSDDYGQG,20,">LLPS000663 [VPSDDYGQG]20|length=180aa
VPSDDYGQGVPSDDYGQGVPSDDYGQGVPSDDYGQGVPSDDYGQGVPSDDYGQGVPSDDY
GQGVPSDDYGQGVPSDDYGQGVPSDDYGQGVPSDDYGQGVPSDDYGQGVPSDDYGQGVPS
DDYGQGVPSDDYGQGVPSDDYGQGVPSDDYGQGVPSDDYGQGVPSDDYGQGVPSDDYGQG"
501,PS00000784,LLPS000664,p0095,GRGDSAY,16,">LLPS000664 [GRGDSAY]16|length=112aa
GRGDSAYGRGDSAYGRGDSAYGRGDSAYGRGDSAYGRGDSAYGRGDSAYGRGDSAYGRGD
SAYGRGDSAYGRGDSAYGRGDSAYGRGDSAYGRGDSAYGRGDSAYGRGDSAY"
502,PS00000785,LLPS000665,p0096,GRASDSYG,20,">LLPS000665 [GRASDSYG]20|length=160aa
GRASDSYGGRASDSYGGRASDSYGGRASDSYGGRASDSYGGRASDSYGGRASDSYGGRAS
DSYGGRASDSYGGRASDSYGGRASDSYGGRASDSYGGRASDSYGGRASDSYGGRASDSYG
GRASDSYGGRASDSYGGRASDSYGGRASDSYGGRASDSYG"
503,PS00000786,LLPS000668,p0097,VRPDG,50,">LLPS000668 [VRPDG]50|length=250aa
VRPDGVRPDGVRPDGVRPDGVRPDGVRPDGVRPDGVRPDGVRPDGVRPDGVRPDGVRPDG
VRPDGVRPDGVRPDGVRPDGVRPDGVRPDGVRPDGVRPDGVRPDGVRPDGVRPDGVRPDG
VRPDGVRPDGVRPDGVRPDGVRPDGVRPDGVRPDGVRPDGVRPDGVRPDGVRPDGVRPDG
VRPDGVRPDGVRPDGVRPDGVRPDGVRPDGVRPDGVRPDGVRPDGVRPDGVRPDGVRPDG
VRPDGVRPDG"
504,PS00000788,LLPS000667,p0097,VRPDG,40,">LLPS000667 [VRPDG]40|length=200aa
VRPDGVRPDGVRPDGVRPDGVRPDGVRPDGVRPDGVRPDGVRPDGVRPDGVRPDGVRPDG
VRPDGVRPDGVRPDGVRPDGVRPDGVRPDGVRPDGVRPDGVRPDGVRPDGVRPDGVRPDG
VRPDGVRPDGVRPDGVRPDGVRPDGVRPDGVRPDGVRPDGVRPDGVRPDGVRPDGVRPDG
VRPDGVRPDGVRPDGVRPDG"
505,PS00000790,LLPS000669,p0100,VPHSRNGGNSGGRGDSPYG,24,">LLPS000669 [VPHSRNGGNSGGRGDSPYG]24|length=456aa
VPHSRNGGNSGGRGDSPYGVPHSRNGGNSGGRGDSPYGVPHSRNGGNSGGRGDSPYGVPH
SRNGGNSGGRGDSPYGVPHSRNGGNSGGRGDSPYGVPHSRNGGNSGGRGDSPYGVPHSRN
GGNSGGRGDSPYGVPHSRNGGNSGGRGDSPYGVPHSRNGGNSGGRGDSPYGVPHSRNGGN
SGGRGDSPYGVPHSRNGGNSGGRGDSPYGVPHSRNGGNSGGRGDSPYGVPHSRNGGNSGG
RGDSPYGVPHSRNGGNSGGRGDSPYGVPHSRNGGNSGGRGDSPYGVPHSRNGGNSGGRGD
SPYGVPHSRNGGNSGGRGDSPYGVPHSRNGGNSGGRGDSPYGVPHSRNGGNSGGRGDSPY
GVPHSRNGGNSGGRGDSPYGVPHSRNGGNSGGRGDSPYGVPHSRNGGNSGGRGDSPYGVP
HSRNGGNSGGRGDSPYGVPHSRNGGNSGGRGDSPYG"
507,PS00000792,LLPS000670,p0101,DPGYIGSRG,16,">LLPS000670 [DPGYIGSRG]16|length=144aa
DPGYIGSRGDPGYIGSRGDPGYIGSRGDPGYIGSRGDPGYIGSRGDPGYIGSRGDPGYIG
SRGDPGYIGSRGDPGYIGSRGDPGYIGSRGDPGYIGSRGDPGYIGSRGDPGYIGSRGDPG
YIGSRGDPGYIGSRGDPGYIGSRG"
600,PS00000939,LLPS000860,p0153,Oleo30G_m,-,">LLPS000860 Synthetic protein construct [Oleo30G]|length=139aa|mutation=S2C
GCTTTYDRHHVTTTQPQYRHDQHTGDRLTHPQRQQQGPSTGKLALGATPLFGVIGFSPVI
VPAMGIAIGLAGVTGFQRDYVKGKLQDVGEYTGQKTKDLGQKIQHTAHEMGDQGQGQGQG
GGKEGRKEGGKLEHHHHHH"
604,PS00000947,LLPS000861,p0153,Oleo30G_m,-,">LLPS000861 Synthetic protein construct [Oleo30G]|length=139aa|mutation=S2C:T5C
GCTTCYDRHHVTTTQPQYRHDQHTGDRLTHPQRQQQGPSTGKLALGATPLFGVIGFSPVI
VPAMGIAIGLAGVTGFQRDYVKGKLQDVGEYTGQKTKDLGQKIQHTAHEMGDQGQGQGQG
GGKEGRKEGGKLEHHHHHH"
607,PS00000953,LLPS000863,p0153,Oleo30G_m,-,">LLPS000863 Synthetic protein construct [Oleo30G]|length=139aa|mutation=T12C
GSTTTYDRHHVCTTQPQYRHDQHTGDRLTHPQRQQQGPSTGKLALGATPLFGVIGFSPVI
VPAMGIAIGLAGVTGFQRDYVKGKLQDVGEYTGQKTKDLGQKIQHTAHEMGDQGQGQGQG
GGKEGRKEGGKLEHHHHHH"
608,PS00000955,LLPS000864,p0153,Oleo30G_m,-,">LLPS000864 Synthetic protein construct [Oleo30G]|length=139aa|mutation=T24C
GSTTTYDRHHVTTTQPQYRHDQHCGDRLTHPQRQQQGPSTGKLALGATPLFGVIGFSPVI
VPAMGIAIGLAGVTGFQRDYVKGKLQDVGEYTGQKTKDLGQKIQHTAHEMGDQGQGQGQG
GGKEGRKEGGKLEHHHHHH"
609,PS00000957,LLPS000865,p0153,Oleo30G_m,-,">LLPS000865 Synthetic protein construct [Oleo30G]|length=139aa|mutation=T3C
GSCTTYDRHHVTTTQPQYRHDQHTGDRLTHPQRQQQGPSTGKLALGATPLFGVIGFSPVI
VPAMGIAIGLAGVTGFQRDYVKGKLQDVGEYTGQKTKDLGQKIQHTAHEMGDQGQGQGQG
GGKEGRKEGGKLEHHHHHH"
610,PS00000959,LLPS000866,p0153,Oleo30G_m,-,">LLPS000866 Synthetic protein construct [Oleo30G]|length=139aa|mutation=T4C
GSTCTYDRHHVTTTQPQYRHDQHTGDRLTHPQRQQQGPSTGKLALGATPLFGVIGFSPVI
VPAMGIAIGLAGVTGFQRDYVKGKLQDVGEYTGQKTKDLGQKIQHTAHEMGDQGQGQGQG
GGKEGRKEGGKLEHHHHHH"
611,PS00000961,LLPS000867,p0153,Oleo30G_m,-,">LLPS000867 Synthetic protein construct [Oleo30G]|length=139aa|mutation=T5C
GSTTCYDRHHVTTTQPQYRHDQHTGDRLTHPQRQQQGPSTGKLALGATPLFGVIGFSPVI
VPAMGIAIGLAGVTGFQRDYVKGKLQDVGEYTGQKTKDLGQKIQHTAHEMGDQGQGQGQG
GGKEGRKEGGKLEHHHHHH"
661,PS00001058,LLPS000965,p0183,rmfp-3b,-,">LLPS000965 synthetic protein construct [rmfp-3b]|length=69aa
MGSSHHHHHHSQDPNSSDYYGPNYGPSRRWGGYGNYNRYNGRRYGGYGGYKGWNRGWRRG
SWGRRKYNY"
674,PS00001072,LLPS000966,p0184,rmfp-3b-NT,-,">LLPS000966 synthetic protein construct [rmfp-3b-NT]|length=59aa
SQDPNSSDYYGPNYGPSRRWGGYGNYNRYNGRRYGGYGGYKGWNRGWRRGSWGRRKYNY"
682,PS00001081,LLPS000967,p0185,rmfp-1,-,">LLPS000967 synthetic protein construct [rmfp-1]|length=121aa
MAKPSYPPTYKAKPSYPPTYKAKPSYPPTYKAKPSYPPTYKAKPSYPPTYKAKPSYPPTY
KAKPSYPPTYKAKPSYPPTYKAKPSYPPTYKAKPSYPPTYKAKPSYPPTYKAKPSYPPTY
K"
700,PS00001125,LLPS000994,p0203,HBP-pep,-,">LLPS000994 synthetic protein construct [HBP-pep]|length=25aa
GHGVYGHGVYGHGPYGHGPYGHGLY"
738,PS00001223,LLPS001071,p0256,GRDGSPYQG,24,">LLPS001071 [GRDGSPYQG]24|length=216aa
GRDGSPYQGGRDGSPYQGGRDGSPYQGGRDGSPYQGGRDGSPYQGGRDGSPYQGGRDGSP
YQGGRDGSPYQGGRDGSPYQGGRDGSPYQGGRDGSPYQGGRDGSPYQGGRDGSPYQGGRD
GSPYQGGRDGSPYQGGRDGSPYQGGRDGSPYQGGRDGSPYQGGRDGSPYQGGRDGSPYQG
GRDGSPYQGGRDGSPYQGGRDGSPYQGGRDGSPYQG"
1025,PS00001695,LLPS000281,p0016,polyK,,>LLPS000281 synthetic protein [polyK] MW=30kDa-70kDa while the sequence is unknown|length=30-70kDa
1112,PS00001827,LLPS000280,p0016,polyK,,>LLPS000280 synthetic protein [polyK] MW=15-30kDa while the sequence is unknown|length=15-30kDa
1341,PS00002212,LLPS000928,p0173,ELP_5,-,">LLPS000928 synthetic protein construct [ELP_5] with CLD-(HD-CLD)3|length=153aa
AAAAAKAAKYGAGVPGVGVPGVGVPGVGVPGVGVPGVGVPGVGVPGVAAAAAKAAKYGAG
VPGVGVPGVGVPGVGVPGVGVPGVGVPGVGVPGVAAAAAKAAKYGAGVPGVGVPGVGVPG
VGVPGVGVPGVGVPGVGVPGVAAAAAKAAKYGA"
1345,PS00002216,LLPS000924,p0173,ELP_1,-,">LLPS000924 synthetic protein construct [ELP_1] with 20–21–23–24|length=118aa
FPGFGVGVGGIPGVAGVPGVGGVPGVGGVPGVGISPEAQAAAAAKAAKYGVGTPAAAAAK
AAAKAAQFGLVPGVGVAPGVGVAPGVGVAPGVGLAPGVGVAPGVGVAPGVGVAPAIGP"
1346,PS00002217,LLPS000930,p0173,ELP_7,-,">LLPS000930 synthetic protein construct [ELP_7] with 20–(21–23–24)2|length=200aa
FPGFGVGVGGIPGVAGVPGVGGVPGVGGVPGVGISPEAQAAAAAKAAKYGVGTPAAAAAK
AAAKAAQFGLVPGVGVAPGVGVAPGVGVAPGVGLAPGVGVAPGVGVAPGVGVAPAIGPEA
QAAAAAKAAKYGVGTPAAAAAKAAAKAAQFGLVPGVGVAPGVGVAPGVGVAPGVGLAPGV
GVAPGVGVAPGVGVAPAIGP"
1347,PS00002218,LLPS000932,p0173,ELP_9,-,">LLPS000932 synthetic protein construct [ELP_9] with 20–24–24[8/12]|length=232aa
GLVPGVGVAPGVGVAPGVGVAPGVGLAPGVGVAPGVGVAPGVGVAPAIGPGAVVPQPGAG
VKPGKVPGVGPFGGPQPGVPLGYPIKAPKLPGLVPGVGVAPGVGVAPGVGVAPGVGLAPG
VGVAPGVGVAPGVGVAPAIGPGAVVPQPGAGVKPGKVPGVGPFGGPQPGVPLGYPIKAPK
LPGLVPGVGVAPGVGVAPGVGVAPGVGLAPGVGVAPGVGVAPGVGVAPAIGP"
1348,PS00002219,LLPS000926,p0173,ELP_3,-,">LLPS000926 synthetic protein construct [ELP_3] with (8–14)–36|length=137aa
GAVVPQPGAGVKPGKVPGVGLPGVYPGGVLPGARFPGVGVLPGVPTGAGVKPKAPGVGGA
FAGIPGVGPFGGPQPGVPLGYPIKAPKLPGGYGLPYTTGKLPYGYGPGGVAGAAGKAGYP
TGTGGACLGKACGRKRK"
1349,PS00002220,LLPS000925,p0173,ELP_2,-,">LLPS000925 synthetic protein construct [ELP_2] with 20–24[23U]|length=118aa
FPGFGVGVGGIPGVAGVPGVGGVPGVGGVPGVGISPEAQAAAAAKAAKYAAAAAAAAAAK
AAAKAAQFGLVPGVGVAPGVGVAPGVGVAPGVGLAPGVGVAPGVGVAPGVGVAPAIGP"
1350,PS00002221,LLPS000931,p0173,ELP_8,-,">LLPS000931 synthetic protein construct [ELP_8] with 20–24–24[23U]|length=200aa
FPGFGVGVGGIPGVAGVPGVGGVPGVGGVPGVGISPEAQAAAAAKAAKYAAAAAAAAAAK
AAAKAAQFGLVPGVGVAPGVGVAPGVGVAPGVGLAPGVGVAPGVGVAPGVGVAPAIGPEA
QAAAAAKAAKYAAAAAAAAAAKAAAKAAQFGLVPGVGVAPGVGVAPGVGVAPGVGLAPGV
GVAPGVGVAPGVGVAPAIGP"
1351,PS00002222,LLPS000929,p0173,ELP_6,-,">LLPS000929 synthetic protein construct [ELP_6] with 20–(21–23–P9)2|length=206aa
FPGFGVGVGGIPGVAGVPGVGGVPGVGGVPGVGISPEAQAAAAAKAAKYGVGTPAAAAAK
AAAKAAQFGLVPGVGVAGVAPGVGVAGVAPGVGVAGVAPGVGVAGVAPGVGVAGVAGAIG
PEAQAAAAAKAAKYGVGTPAAAAAKAAAKAAQFGLVPGVGVAGVAPGVGVAGVAPGVGVA
GVAPGVGVAGVAPGVGVAGVAGAIGP"
1352,PS00002223,LLPS000934,p0173,ELP_11,-,">LLPS000934 synthetic protein construct [ELP_11] with P9|length=53aa
GLVPGVGVAGVAPGVGVAGVAPGVGVAGVAPGVGVAGVAPGVGVAGVAGAIGP"
1353,PS00002224,LLPS000927,p0173,ELP_4,-,">LLPS000927 synthetic protein construct [ELP_4] with 20–24–P12|length=142aa
FPGFGVGVGGIPGVAGVPGVGGVPGVGGVPGVGISPGLVPGVGVAPGVGVAPGVGVAPGV
GLAPGVGVAPGVGVAPGVGVAPAIGPGLVPGVGVAGVAGVAPGVGVAGVAGVAPGVGVAG
VAGVAPGVGVAGVAGVAGAIGP"
1354,PS00002225,LLPS000935,p0173,ELP_12,-,">LLPS000935 synthetic protein construct [ELP_12] with (8–14)–20–(21–23–24)6–36|length=665aa
GAVVPQPGAGVKPGKVPGVGLPGVYPGGVLPGARFPGVGVLPGVPTGAGVKPKAPGVGGA
FAGIPGVGPFGGPQPGVPLGYPIKAPKLPGGYGLPYTTGKLPYGYGPGGVAGAAGKAGYP
TGTFPGFGVGVGGIPGVAGVPGVGGVPGVGGVPGVGISPEAQAAAAAKAAKYGVGTPAAA
AAKAAAKAAQFGLVPGVGVAPGVGVAPGVGVAPGVGLAPGVGVAPGVGVAPGVGVAPAIG
PEAQAAAAAKAAKYGVGTPAAAAAKAAAKAAQFGLVPGVGVAPGVGVAPGVGVAPGVGLA
PGVGVAPGVGVAPGVGVAPAIGPEAQAAAAAKAAKYGVGTPAAAAAKAAAKAAQFGLVPG
VGVAPGVGVAPGVGVAPGVGLAPGVGVAPGVGVAPGVGVAPAIGPEAQAAAAAKAAKYGV
GTPAAAAAKAAAKAAQFGLVPGVGVAPGVGVAPGVGVAPGVGLAPGVGVAPGVGVAPGVG
VAPAIGPEAQAAAAAKAAKYGVGTPAAAAAKAAAKAAQFGLVPGVGVAPGVGVAPGVGVA
PGVGLAPGVGVAPGVGVAPGVGVAPAIGPEAQAAAAAKAAKYGVGTPAAAAAKAAAKAAQ
FGLVPGVGVAPGVGVAPGVGVAPGVGLAPGVGVAPGVGVAPGVGVAPAIGPGGACLGKAC
GRKRK"
1355,PS00002226,LLPS000933,p0173,ELP_10,-,">LLPS000933 synthetic protein construct [ELP_10] with 20–24–24-24–24|length=364aa
FPGFGVGVGGIPGVAGVPGVGGVPGVGGVPGVGISPEAQAAAAAKAAKYGVGTPAAAAAK
AAAKAAQFGLVPGVGVAPGVGVAPGVGVAPGVGLAPGVGVAPGVGVAPGVGVAPAIGPEA
QAAAAAKAAKYGVGTPAAAAAKAAAKAAQFGLVPGVGVAPGVGVAPGVGVAPGVGLAPGV
GVAPGVGVAPGVGVAPAIGPEAQAAAAAKAAKYGVGTPAAAAAKAAAKAAQFGLVPGVGV
APGVGVAPGVGVAPGVGLAPGVGVAPGVGVAPGVGVAPAIGPEAQAAAAAKAAKYGVGTP
AAAAAKAAAKAAQFGLVPGVGVAPGVGVAPGVGVAPGVGLAPGVGVAPGVGVAPGVGVAP
AIGP"
1460,PS00002365,LLPS001170,p0288,Mfp3S-pep,-,">LLPS001170 A peptide designed from the mussel foot proteins mfp-3S|length=25aa
GYDGYNWPYGYNGYRYGWNKGWNGY"
1461,PS00002366,LLPS001169,p0289,Mfp3F-pep,-,">LLPS001169 A peptide designed from the mussel foot proteins mfp-3F|length=21aa
GNYKYRGYGYPRGWKKGRKYY"
1854,PS00003021,LLPS001458,p0031,RRASL,3,">LLPS001458 Synthetic peptide [RRASL]3|length=15aa
RRASLRRASLRRASL"
1998,PS00003222,LLPS001817,p0452,MaSp2-MaSp2-MaSp2_m,"-,6,-",">LLPS001817 synthetic protein construct [MaSp2 N]-[MaSp2 R]6-[MaSp2 C]|length=433aa|linker is missing
MAQARSPWSDTATADAFIQNFLAAVSGSGAFTSDQLDDMSTIGDTIMSAMDKMARSNKSS
QHKLQALNMAFASSMAEIAAVEQGGMSMAVKTNAIVDGLNSAFYMTTGAANPQFVNEMRS
LISMISAASANEVSYGGAGSAAAAAAAGPGQQGPGGYGPGQQGPSGPGSAAAAAAAGPGQ
QGPGGYGPGQQGPSGPGSAAAAAAAGPGQQGPGGYGPGQQGPSGPGSAAAAAAAGPGQQG
PGGYGPGQQGPSGPGSAAAAAAAGPGQQGPGGYGPGQQGPSGPGSAAAAAAAGPGQQGPG
GYGPGQQGPSGPGSGGYGPSQYVPSSVASSAASAASALSSPTTHARISSHASTLLSSGPT
NAAALSNVISNAVSQVSASNPGSSSCDVLVQALLEIITALISILDSSSVGQVNYGSSGQY
AQIVGQSMQQAMG"
1999,PS00003223,LLPS001814,p0452,MaSp2-MaSp2-MaSp2_m,"-,12,-",">LLPS001814 synthetic protein construct [MaSp2 N]-[MaSp2 R]12-[MaSp2 C]|length=607aa|linker is missing
MAQARSPWSDTATADAFIQNFLAAVSGSGAFTSDQLDDMSTIGDTIMSAMDKMARSNKSS
QHKLQALNMAFASSMAEIAAVEQGGMSMAVKTNAIVDGLNSAFYMTTGAANPQFVNEMRS
LISMISAASANEVSYGGAGSAAAAAAAGPGQQGPGGYGPGQQGPSGPGSAAAAAAAGPGQ
QGPGGYGPGQQGPSGPGSAAAAAAAGPGQQGPGGYGPGQQGPSGPGSAAAAAAAGPGQQG
PGGYGPGQQGPSGPGSAAAAAAAGPGQQGPGGYGPGQQGPSGPGSAAAAAAAGPGQQGPG
GYGPGQQGPSGPGSAAAAAAAGPGQQGPGGYGPGQQGPSGPGSAAAAAAAGPGQQGPGGY
GPGQQGPSGPGSAAAAAAAGPGQQGPGGYGPGQQGPSGPGSAAAAAAAGPGQQGPGGYGP
GQQGPSGPGSAAAAAAAGPGQQGPGGYGPGQQGPSGPGSAAAAAAAGPGQQGPGGYGPGQ
QGPSGPGSGGYGPSQYVPSSVASSAASAASALSSPTTHARISSHASTLLSSGPTNAAALS
NVISNAVSQVSASNPGSSSCDVLVQALLEIITALISILDSSSVGQVNYGSSGQYAQIVGQ
SMQQAMG"
2000,PS00003224,LLPS001821,p0452,MaSp2,-,">LLPS001821 synthetic protein construct [MaSp2]|length=288aa|linker is missing
MAQARSPWSDTATADAFIQNFLAAVSGSGAFTSDQLDDMSTIGDTIMSAMDKMARSNKSS
QHKLQALNMAFASSMAEIAAVEQGGMSMAVKTNAIVDGLNSAFYMTTGAANPQFVNEMRS
LISMISAASANEVSYGGAGSAAAAAAAGPGQQGPGGYGPGQQGPSGPGSGGYGPSQYVPS
SVASSAASAASALSSPTTHARISSHASTLLSSGPTNAAALSNVISNAVSQVSASNPGSSS
CDVLVQALLEIITALISILDSSSVGQVNYGSSGQYAQIVGQSMQQAMG"
2003,PS00003227,LLPS001815,p0452,MaSp2-MaSp2_m,"-,6",">LLPS001815 synthetic protein construct [MaSp2 N]-[MaSp2 R]6|length=312aa|linker is missing
MAQARSPWSDTATADAFIQNFLAAVSGSGAFTSDQLDDMSTIGDTIMSAMDKMARSNKSS
QHKLQALNMAFASSMAEIAAVEQGGMSMAVKTNAIVDGLNSAFYMTTGAANPQFVNEMRS
LISMISAASANEVSYGGAGSAAAAAAAGPGQQGPGGYGPGQQGPSGPGSAAAAAAAGPGQ
QGPGGYGPGQQGPSGPGSAAAAAAAGPGQQGPGGYGPGQQGPSGPGSAAAAAAAGPGQQG
PGGYGPGQQGPSGPGSAAAAAAAGPGQQGPGGYGPGQQGPSGPGSAAAAAAAGPGQQGPG
GYGPGQQGPSGP"
2004,PS00003229,LLPS001820,p0452,MaSp2-MaSp2_m,"6,-",">LLPS001820 synthetic protein construct [MaSp2 R]6-[MaSp2 C]|length=295aa|linker is missing
GSAAAAAAAGPGQQGPGGYGPGQQGPSGPGSAAAAAAAGPGQQGPGGYGPGQQGPSGPGS
AAAAAAAGPGQQGPGGYGPGQQGPSGPGSAAAAAAAGPGQQGPGGYGPGQQGPSGPGSAA
AAAAAGPGQQGPGGYGPGQQGPSGPGSAAAAAAAGPGQQGPGGYGPGQQGPSGPGSGGYG
PSQYVPSSVASSAASAASALSSPTTHARISSHASTLLSSGPTNAAALSNVISNAVSQVSA
SNPGSSSCDVLVQALLEIITALISILDSSSVGQVNYGSSGQYAQIVGQSMQQAMG"
2005,PS00003230,LLPS001819,p0452,MaSp2_m,6,">LLPS001819 synthetic protein construct [MaSp2 R]6|length=174aa|linker is missing
GSAAAAAAAGPGQQGPGGYGPGQQGPSGPGSAAAAAAAGPGQQGPGGYGPGQQGPSGPGS
AAAAAAAGPGQQGPGGYGPGQQGPSGPGSAAAAAAAGPGQQGPGGYGPGQQGPSGPGSAA
AAAAAGPGQQGPGGYGPGQQGPSGPGSAAAAAAAGPGQQGPGGYGPGQQGPSGP"
2006,PS00003232,LLPS001812,p0452,MaSp2_m,-,">LLPS001812 synthetic protein construct [MaSp2 C]|length=121aa|linker is missing
GSGGYGPSQYVPSSVASSAASAASALSSPTTHARISSHASTLLSSGPTNAAALSNVISNA
VSQVSASNPGSSSCDVLVQALLEIITALISILDSSSVGQVNYGSSGQYAQIVGQSMQQAM
G"
2007,PS00003235,LLPS001818,p0452,MaSp2-MaSp2-MaSp2_m,"-,6,-",">LLPS001818 synthetic protein construct [MaSp2 N]-[MaSp2 R]6-[MaSp2 C]|length=433aa|linker is missing|mutation=A72R
MAQARSPWSDTATADAFIQNFLAAVSGSGAFTSDQLDDMSTIGDTIMSAMDKMARSNKSS
QHKLQALNMAFASSMAEIAAVEQGGMSMAVKTNAIVDGLNSAFYMTTGAANPQFVNEMRS
LISMISAASANEVSYGGAGSAAAAAAAGPGQQGPGGYGPGQQGPSGPGSAAAAAAAGPGQ
QGPGGYGPGQQGPSGPGSAAAAAAAGPGQQGPGGYGPGQQGPSGPGSAAAAAAAGPGQQG
PGGYGPGQQGPSGPGSAAAAAAAGPGQQGPGGYGPGQQGPSGPGSAAAAAAAGPGQQGPG
GYGPGQQGPSGPGSGGYGPSQYVPSSVASSAASAASALSSPTTHARISSHASTLLSSGPT
NAAALSNVISNAVSQVSASNPGSSSCDVLVQALLEIITALISILDSSSVGQVNYGSSGQY
AQIVGQSMQQAMG"
2748,PS00004434,LLPS001783,p0486,LAF-1 RGG shuf,-,">LLPS001783 ATP-dependent RNA helicase laf-1,shuffle the sequence with the lowest SCD value|length = 176aa|residues = 1-176
MNNSGDNDRGSGNYGLRNSFGDDGYGDNGNDEGNSGYRNRGLGGDRADEYGNSGGNGDNE
AAPNASDRDDAHYYDSDDYDDGGGGRGSGGAGGGGARGPGSNRAGRYGGGGRRGRGRGNG
YNGNRSQRRRGGGRGRGNRGYRVGNGNGQSGGRNSRGGGGGNGGANYGLEHHHHHH"
2749,PS00004436,LLPS001784,p0487,LAF-1 RGG shuf-pres,-,">LLPS001784 ATP-dependent RNA helicase laf-1,shuffle the sequence with the lowest SCD value,having the eIF4E-binding motif preserved|length = 176aa|residues = 1-176
MGGYGYGSSGDGGGDDYGDARYVPPHLRGYGDGAGDDGGDNNDDSDDADRDYNGGLSGGA
GGNSGGDGENGGDGNGRNNARSGNNRGGNGNYRYFGANYGAGEGRGRNGQGGEGSGNNRG
GGGRYGRRRRQGSRGGRGSGGNYGGNSNRSGRAGGRDNNARNRRRNGSLEHHHHHH"
3110,PS00005079,LLPS002178,p0566,zFF,-,">LLPS002178 zFF dipeptide
FF"
3112,PS00005081,LLPS002162,p0391,VGAPVG,35,">LLPS002162 [VGAPVG]35|length=210aa
VGAPVGVGAPVGVGAPVGVGAPVGVGAPVGVGAPVGVGAPVGVGAPVGVGAPVGVGAPVG
VGAPVGVGAPVGVGAPVGVGAPVGVGAPVGVGAPVGVGAPVGVGAPVGVGAPVGVGAPVG
VGAPVGVGAPVGVGAPVGVGAPVGVGAPVGVGAPVGVGAPVGVGAPVGVGAPVGVGAPVG
VGAPVGVGAPVGVGAPVGVGAPVGVGAPVG"
3116,PS00005088,LLPS002167,p0064,VPGVG,35,">LLPS002167 [VPGVG]35|length=175aa
VPGVGVPGVGVPGVGVPGVGVPGVGVPGVGVPGVGVPGVGVPGVGVPGVGVPGVGVPGVG
VPGVGVPGVGVPGVGVPGVGVPGVGVPGVGVPGVGVPGVGVPGVGVPGVGVPGVGVPGVG
VPGVGVPGVGVPGVGVPGVGVPGVGVPGVGVPGVGVPGVGVPGVGVPGVGVPGVG"
3118,PS00005092,LLPS002159,p0066,VAPVG,40,">LLPS002159 [VAPVG]40|length=200aa
VAPVGVAPVGVAPVGVAPVGVAPVGVAPVGVAPVGVAPVGVAPVGVAPVGVAPVGVAPVG
VAPVGVAPVGVAPVGVAPVGVAPVGVAPVGVAPVGVAPVGVAPVGVAPVGVAPVGVAPVG
VAPVGVAPVGVAPVGVAPVGVAPVGVAPVGVAPVGVAPVGVAPVGVAPVGVAPVGVAPVG
VAPVGVAPVGVAPVGVAPVG"
3132,PS00005110,LLPS002166,p0392,VPGAVG,30,">LLPS002166 [VPGAVG]30|length=180aa
VPGAVGVPGAVGVPGAVGVPGAVGVPGAVGVPGAVGVPGAVGVPGAVGVPGAVGVPGAVG
VPGAVGVPGAVGVPGAVGVPGAVGVPGAVGVPGAVGVPGAVGVPGAVGVPGAVGVPGAVG
VPGAVGVPGAVGVPGAVGVPGAVGVPGAVGVPGAVGVPGAVGVPGAVGVPGAVGVPGAVG"
3144,PS00005122,LLPS002156,p0066,VAPVG,20,">LLPS002156 [VAPVG]20|length=100aa
VAPVGVAPVGVAPVGVAPVGVAPVGVAPVGVAPVGVAPVGVAPVGVAPVGVAPVGVAPVG
VAPVGVAPVGVAPVGVAPVGVAPVGVAPVGVAPVGVAPVG"
3145,PS00005124,LLPS002158,p0066,VAPVG,30,">LLPS002158 [VAPVG]30|length=150aa
VAPVGVAPVGVAPVGVAPVGVAPVGVAPVGVAPVGVAPVGVAPVGVAPVGVAPVGVAPVG
VAPVGVAPVGVAPVGVAPVGVAPVGVAPVGVAPVGVAPVGVAPVGVAPVGVAPVGVAPVG
VAPVGVAPVGVAPVGVAPVGVAPVGVAPVG"
3156,PS00005146,LLPS002133,p0077,TPVAVG,20,">LLPS002133 [TPVAVG]20|length=120aa
TPVAVGTPVAVGTPVAVGTPVAVGTPVAVGTPVAVGTPVAVGTPVAVGTPVAVGTPVAVG
TPVAVGTPVAVGTPVAVGTPVAVGTPVAVGTPVAVGTPVAVGTPVAVGTPVAVGTPVAVG"
3158,PS00005148,LLPS002134,p0077,TPVAVG,40,">LLPS002134 [TPVAVG]40|length=240aa
TPVAVGTPVAVGTPVAVGTPVAVGTPVAVGTPVAVGTPVAVGTPVAVGTPVAVGTPVAVG
TPVAVGTPVAVGTPVAVGTPVAVGTPVAVGTPVAVGTPVAVGTPVAVGTPVAVGTPVAVG
TPVAVGTPVAVGTPVAVGTPVAVGTPVAVGTPVAVGTPVAVGTPVAVGTPVAVGTPVAVG
TPVAVGTPVAVGTPVAVGTPVAVGTPVAVGTPVAVGTPVAVGTPVAVGTPVAVGTPVAVG"
3160,PS00005150,LLPS002157,p0066,VAPVG,"20,-",">LLPS002157 [VAPVG]20-[folden]|length=127aa
VAPVGVAPVGVAPVGVAPVGVAPVGVAPVGVAPVGVAPVGVAPVGVAPVGVAPVGVAPVG
VAPVGVAPVGVAPVGVAPVGVAPVGVAPVGVAPVGVAPVGGYIPEAPRDGQAYVRKDGEW
VLLSTFL"
3162,PS00005152,LLPS002160,p0066,VAPVG,"40,-",">LLPS002160 [VAPVG]40-[folden]|length=227aa
VAPVGVAPVGVAPVGVAPVGVAPVGVAPVGVAPVGVAPVGVAPVGVAPVGVAPVGVAPVG
VAPVGVAPVGVAPVGVAPVGVAPVGVAPVGVAPVGVAPVGVAPVGVAPVGVAPVGVAPVG
VAPVGVAPVGVAPVGVAPVGVAPVGVAPVGVAPVGVAPVGVAPVGVAPVGVAPVGVAPVG
VAPVGVAPVGVAPVGVAPVGGYIPEAPRDGQAYVRKDGEWVLLSTFL"
3166,PS00005156,LLPS001578,p0056,AVPGVG,50,">LLPS001578 [AVPGVG]50|length=300aa
AVPGVGAVPGVGAVPGVGAVPGVGAVPGVGAVPGVGAVPGVGAVPGVGAVPGVGAVPGVG
AVPGVGAVPGVGAVPGVGAVPGVGAVPGVGAVPGVGAVPGVGAVPGVGAVPGVGAVPGVG
AVPGVGAVPGVGAVPGVGAVPGVGAVPGVGAVPGVGAVPGVGAVPGVGAVPGVGAVPGVG
AVPGVGAVPGVGAVPGVGAVPGVGAVPGVGAVPGVGAVPGVGAVPGVGAVPGVGAVPGVG
AVPGVGAVPGVGAVPGVGAVPGVGAVPGVGAVPGVGAVPGVGAVPGVGAVPGVGAVPGVG"
3170,PS00005160,LLPS001746,p0095,GRGDSAY,32,">LLPS001746 [GRGDSAY]32|length=224aa
GRGDSAYGRGDSAYGRGDSAYGRGDSAYGRGDSAYGRGDSAYGRGDSAYGRGDSAYGRGD
SAYGRGDSAYGRGDSAYGRGDSAYGRGDSAYGRGDSAYGRGDSAYGRGDSAYGRGDSAYG
RGDSAYGRGDSAYGRGDSAYGRGDSAYGRGDSAYGRGDSAYGRGDSAYGRGDSAYGRGDS
AYGRGDSAYGRGDSAYGRGDSAYGRGDSAYGRGDSAYGRGDSAY"
3172,PS00005162,LLPS001747,p0393,GRGDSPY,28,">LLPS001747 [GRGDSPY]28|length=196aa
GRGDSPYGRGDSPYGRGDSPYGRGDSPYGRGDSPYGRGDSPYGRGDSPYGRGDSPYGRGD
SPYGRGDSPYGRGDSPYGRGDSPYGRGDSPYGRGDSPYGRGDSPYGRGDSPYGRGDSPYG
RGDSPYGRGDSPYGRGDSPYGRGDSPYGRGDSPYGRGDSPYGRGDSPYGRGDSPYGRGDS
PYGRGDSPYGRGDSPY"
3177,PS00005167,LLPS002163,p0067,VGPVG,40,">LLPS002163 [VGPVG]40|length=200aa
VGPVGVGPVGVGPVGVGPVGVGPVGVGPVGVGPVGVGPVGVGPVGVGPVGVGPVGVGPVG
VGPVGVGPVGVGPVGVGPVGVGPVGVGPVGVGPVGVGPVGVGPVGVGPVGVGPVGVGPVG
VGPVGVGPVGVGPVGVGPVGVGPVGVGPVGVGPVGVGPVGVGPVGVGPVGVGPVGVGPVG
VGPVGVGPVGVGPVGVGPVG"
3196,PS00005187,LLPS002161,p0066,VAPVG,80,">LLPS002161 [VAPVG]80|length=400aa
VAPVGVAPVGVAPVGVAPVGVAPVGVAPVGVAPVGVAPVGVAPVGVAPVGVAPVGVAPVG
VAPVGVAPVGVAPVGVAPVGVAPVGVAPVGVAPVGVAPVGVAPVGVAPVGVAPVGVAPVG
VAPVGVAPVGVAPVGVAPVGVAPVGVAPVGVAPVGVAPVGVAPVGVAPVGVAPVGVAPVG
VAPVGVAPVGVAPVGVAPVGVAPVGVAPVGVAPVGVAPVGVAPVGVAPVGVAPVGVAPVG
VAPVGVAPVGVAPVGVAPVGVAPVGVAPVGVAPVGVAPVGVAPVGVAPVGVAPVGVAPVG
VAPVGVAPVGVAPVGVAPVGVAPVGVAPVGVAPVGVAPVGVAPVGVAPVGVAPVGVAPVG
VAPVGVAPVGVAPVGVAPVGVAPVGVAPVGVAPVGVAPVG"
3199,PS00005190,LLPS002135,p0077,TPVAVG,80,">LLPS002135 [TPVAVG]80|length=480aa
TPVAVGTPVAVGTPVAVGTPVAVGTPVAVGTPVAVGTPVAVGTPVAVGTPVAVGTPVAVG
TPVAVGTPVAVGTPVAVGTPVAVGTPVAVGTPVAVGTPVAVGTPVAVGTPVAVGTPVAVG
TPVAVGTPVAVGTPVAVGTPVAVGTPVAVGTPVAVGTPVAVGTPVAVGTPVAVGTPVAVG
TPVAVGTPVAVGTPVAVGTPVAVGTPVAVGTPVAVGTPVAVGTPVAVGTPVAVGTPVAVG
TPVAVGTPVAVGTPVAVGTPVAVGTPVAVGTPVAVGTPVAVGTPVAVGTPVAVGTPVAVG
TPVAVGTPVAVGTPVAVGTPVAVGTPVAVGTPVAVGTPVAVGTPVAVGTPVAVGTPVAVG
TPVAVGTPVAVGTPVAVGTPVAVGTPVAVGTPVAVGTPVAVGTPVAVGTPVAVGTPVAVG
TPVAVGTPVAVGTPVAVGTPVAVGTPVAVGTPVAVGTPVAVGTPVAVGTPVAVGTPVAVG"
3203,PS00005194,LLPS002168,p0064,VPGVG,80,">LLPS002168 [VPGVG]80|length=400aa
VPGVGVPGVGVPGVGVPGVGVPGVGVPGVGVPGVGVPGVGVPGVGVPGVGVPGVGVPGVG
VPGVGVPGVGVPGVGVPGVGVPGVGVPGVGVPGVGVPGVGVPGVGVPGVGVPGVGVPGVG
VPGVGVPGVGVPGVGVPGVGVPGVGVPGVGVPGVGVPGVGVPGVGVPGVGVPGVGVPGVG
VPGVGVPGVGVPGVGVPGVGVPGVGVPGVGVPGVGVPGVGVPGVGVPGVGVPGVGVPGVG
VPGVGVPGVGVPGVGVPGVGVPGVGVPGVGVPGVGVPGVGVPGVGVPGVGVPGVGVPGVG
VPGVGVPGVGVPGVGVPGVGVPGVGVPGVGVPGVGVPGVGVPGVGVPGVGVPGVGVPGVG
VPGVGVPGVGVPGVGVPGVGVPGVGVPGVGVPGVGVPGVG"
3207,PS00005198,LLPS001748,p0394,GVAPV,45,">LLPS001748 [GVAPV]45|length=225aa
GVAPVGVAPVGVAPVGVAPVGVAPVGVAPVGVAPVGVAPVGVAPVGVAPVGVAPVGVAPV
GVAPVGVAPVGVAPVGVAPVGVAPVGVAPVGVAPVGVAPVGVAPVGVAPVGVAPVGVAPV
GVAPVGVAPVGVAPVGVAPVGVAPVGVAPVGVAPVGVAPVGVAPVGVAPVGVAPVGVAPV
GVAPVGVAPVGVAPVGVAPVGVAPVGVAPVGVAPVGVAPVGVAPV"
3210,PS00005201,LLPS001750,p0395,GVGPV,30,">LLPS001750 [GVGPV]30|length=150aa
GVGPVGVGPVGVGPVGVGPVGVGPVGVGPVGVGPVGVGPVGVGPVGVGPVGVGPVGVGPV
GVGPVGVGPVGVGPVGVGPVGVGPVGVGPVGVGPVGVGPVGVGPVGVGPVGVGPVGVGPV
GVGPVGVGPVGVGPVGVGPVGVGPVGVGPV"
3213,PS00005204,LLPS001749,p0396,GVGAPV,25,">LLPS001749 [GVGAPV]25|length=150aa
GVGAPVGVGAPVGVGAPVGVGAPVGVGAPVGVGAPVGVGAPVGVGAPVGVGAPVGVGAPV
GVGAPVGVGAPVGVGAPVGVGAPVGVGAPVGVGAPVGVGAPVGVGAPVGVGAPVGVGAPV
GVGAPVGVGAPVGVGAPVGVGAPVGVGAPV"
3216,PS00005207,LLPS002165,p0397,VPAGLG,40,">LLPS002165 [VPAGLG]40|length=240aa
VPAGLGVPAGLGVPAGLGVPAGLGVPAGLGVPAGLGVPAGLGVPAGLGVPAGLGVPAGLG
VPAGLGVPAGLGVPAGLGVPAGLGVPAGLGVPAGLGVPAGLGVPAGLGVPAGLGVPAGLG
VPAGLGVPAGLGVPAGLGVPAGLGVPAGLGVPAGLGVPAGLGVPAGLGVPAGLGVPAGLG
VPAGLGVPAGLGVPAGLGVPAGLGVPAGLGVPAGLGVPAGLGVPAGLGVPAGLGVPAGLG"
3223,PS00005214,LLPS002164,p0065,VHPGVG,20,">LLPS002164 [VHPGVG]20|length=120aa
VHPGVGVHPGVGVHPGVGVHPGVGVHPGVGVHPGVGVHPGVGVHPGVGVHPGVGVHPGVG
VHPGVGVHPGVGVHPGVGVHPGVGVHPGVGVHPGVGVHPGVGVHPGVGVHPGVGVHPGVG"
3355,PS00005378,LLPS001644,p0399,ELP(V),-,">LLPS001644 synthetic protein construct [ELP(V)]|length=400aa
GVGVPGVGVPGVGVPGVGVPGVGVPGVGVPGVGVPGVGVPGVGVPGVGVPGVGVPGVGVP
GVGVPGVGVPGVGVPGVGVPGVGVPGVGVPGVGVPGVGVPGVGVPGVGVPGVGVPGVGVP
GVGVPGVGVPGVGVPGVGVPGVGVPGVGVPGVGVPGVGVPGVGVPGVGVPGVGVPGVGVP
GVGVPGVGVPGVGVPGVGVPGVGVPGVGVPGVGVPGVGVPGVGVPGVGVPGVGVPGVGVP
GVGVPGVGVPGVGVPGVGVPGVGVPGVGVPGVGVPGVGVPGVGVPGVGVPGVGVPGVGVP
GVGVPGVGVPGVGVPGVGVPGVGVPGVGVPGVGVPGVGVPGVGVPGVGVPGVGVPGVGVP
GVGVPGVGVPGVGVPGVGVPGVGVPGVGVPGVGVPGVGVP"
3357,PS00005380,LLPS001647,p0402,ELP(V4A1),-,">LLPS001647 synthetic protein construct [ELP(V4A1)]|length=400aa
GVGVPGVGVPGVGVPGVGVPGAGVPGVGVPGVGVPGVGVPGVGVPGAGVPGVGVPGVGVP
GVGVPGVGVPGAGVPGVGVPGVGVPGVGVPGVGVPGAGVPGVGVPGVGVPGVGVPGVGVP
GAGVPGVGVPGVGVPGVGVPGVGVPGAGVPGVGVPGVGVPGVGVPGVGVPGAGVPGVGVP
GVGVPGVGVPGVGVPGAGVPGVGVPGVGVPGVGVPGVGVPGAGVPGVGVPGVGVPGVGVP
GVGVPGAGVPGVGVPGVGVPGVGVPGVGVPGAGVPGVGVPGVGVPGVGVPGVGVPGAGVP
GVGVPGVGVPGVGVPGVGVPGAGVPGVGVPGVGVPGVGVPGVGVPGAGVPGVGVPGVGVP
GVGVPGVGVPGAGVPGVGVPGVGVPGVGVPGVGVPGAGVP"
3358,PS00005381,LLPS001645,p0401,ELP(V1A1),-,">LLPS001645 synthetic protein construct [ELP(V1A1)]|length=400aa
GVGVPGAGVPGVGVPGAGVPGVGVPGAGVPGVGVPGAGVPGVGVPGAGVPGVGVPGAGVP
GVGVPGAGVPGVGVPGAGVPGVGVPGAGVPGVGVPGAGVPGVGVPGAGVPGVGVPGAGVP
GVGVPGAGVPGVGVPGAGVPGVGVPGAGVPGVGVPGAGVPGVGVPGAGVPGVGVPGAGVP
GVGVPGAGVPGVGVPGAGVPGVGVPGAGVPGVGVPGAGVPGVGVPGAGVPGVGVPGAGVP
GVGVPGAGVPGVGVPGAGVPGVGVPGAGVPGVGVPGAGVPGVGVPGAGVPGVGVPGAGVP
GVGVPGAGVPGVGVPGAGVPGVGVPGAGVPGVGVPGAGVPGVGVPGAGVPGVGVPGAGVP
GVGVPGAGVPGVGVPGAGVPGVGVPGAGVPGVGVPGAGVP"
3359,PS00005382,LLPS001646,p0400,ELP(V1A4),-,">LLPS001646 synthetic protein construct [ELP(V1A4)]|length=400aa
GVGVPGAGVPGAGVPGAGVPGAGVPGVGVPGAGVPGAGVPGAGVPGAGVPGVGVPGAGVP
GAGVPGAGVPGAGVPGVGVPGAGVPGAGVPGAGVPGAGVPGVGVPGAGVPGAGVPGAGVP
GAGVPGVGVPGAGVPGAGVPGAGVPGAGVPGVGVPGAGVPGAGVPGAGVPGAGVPGVGVP
GAGVPGAGVPGAGVPGAGVPGVGVPGAGVPGAGVPGAGVPGAGVPGVGVPGAGVPGAGVP
GAGVPGAGVPGVGVPGAGVPGAGVPGAGVPGAGVPGVGVPGAGVPGAGVPGAGVPGAGVP
GVGVPGAGVPGAGVPGAGVPGAGVPGVGVPGAGVPGAGVPGAGVPGAGVPGVGVPGAGVP
GAGVPGAGVPGAGVPGVGVPGAGVPGAGVPGAGVPGAGVP"
3438,PS00005488,LLPS001775,p0563,I16,-,">LLPS001775 A fusion protein construct [I16]|length=559aa
MGSSHHHHHHSSGLVPRGSHMASGRGGLGGQGAGAAAAAGGAGQGGYGGLGSQGTSGRGG
LGGQGAGAAAAAGGAGQGGYGGLGSQGTSGRGGLGGQGAGAAAAAGGAGQGGYGGLGSQG
TSGRGGLGGQGAGAAAAAGGAGQGGYGGLGSQGTSGRGGLGGQGAGAAAAAGGAGQGGYG
GLGSQGTSGRGGLGGQGAGAAAAAGGAGQGGYGGLGSQGTSGRGGLGGQGAGAAAAAGGA
GQGGYGGLGSQGTSGRGGLGGQGAGAAAAAGGAGQGGYGGLGSQGTSGRGGLGGQGAGAA
AAAGGAGQGGYGGLGSQGTSGRGGLGGQGAGAAAAAGGAGQGGYGGLGSQGTSGRGGLGG
QGAGAAAAAGGAGQGGYGGLGSQGTSGRGGLGGQGAGAAAAAGGAGQGGYGGLGSQGTSG
RGGLGGQGAGAAAAAGGAGQGGYGGLGSQGTSGRGGLGGQGAGAAAAAGGAGQGGYGGLG
SQGTSGRGGLGGQGAGAAAAAGGAGQGGYGGLGSQGTSGRGGLGGQGAGAAAAAGGAGQG
GYGGLGSQGTSLEHHHHHH"
3441,PS00005494,LLPS001776,p0564,II16,-,">LLPS001776 A fusion protein construct [II16]|length=623aa
MGSSHHHHHHSSGLVPRGSHMASGPGGYGPGQQGPSGPGSAAAAAAAAGPGGYGPGQQTS
GPGGYGPGQQGPSGPGSAAAAAAAAGPGGYGPGQQTSGPGGYGPGQQGPSGPGSAAAAAA
AAGPGGYGPGQQTSGPGGYGPGQQGPSGPGSAAAAAAAAGPGGYGPGQQTSGPGGYGPGQ
QGPSGPGSAAAAAAAAGPGGYGPGQQTSGPGGYGPGQQGPSGPGSAAAAAAAAGPGGYGP
GQQTSGPGGYGPGQQGPSGPGSAAAAAAAAGPGGYGPGQQTSGPGGYGPGQQGPSGPGSA
AAAAAAAGPGGYGPGQQTSGPGGYGPGQQGPSGPGSAAAAAAAAGPGGYGPGQQTSGPGG
YGPGQQGPSGPGSAAAAAAAAGPGGYGPGQQTSGPGGYGPGQQGPSGPGSAAAAAAAAGP
GGYGPGQQTSGPGGYGPGQQGPSGPGSAAAAAAAAGPGGYGPGQQTSGPGGYGPGQQGPS
GPGSAAAAAAAAGPGGYGPGQQTSGPGGYGPGQQGPSGPGSAAAAAAAAGPGGYGPGQQT
SGPGGYGPGQQGPSGPGSAAAAAAAAGPGGYGPGQQTSGPGGYGPGQQGPSGPGSAAAAA
AAAGPGGYGPGQQTSLEHHHHHH"
3442,PS00005495,LLPS001928,p0565,R32,-,">LLPS001928 A fusion protein construct [R32]|length=544aa
MGHHHHHHHHHHSSGHIDDDDKHMASGGRPSDSYGAPGGGNGGRPSDSYGAPGGGNGGRP
SDSYGAPGGGNGGRPSDSYGAPGGGNTSGGRPSDSYGAPGGGNGGRPSDSYGAPGGGNGG
RPSDSYGAPGGGNGGRPSDSYGAPGGGNTSGGRPSDSYGAPGGGNGGRPSDSYGAPGGGN
GGRPSDSYGAPGGGNGGRPSDSYGAPGGGNTSGGRPSDSYGAPGGGNGGRPSDSYGAPGG
GNGGRPSDSYGAPGGGNGGRPSDSYGAPGGGNTSGGRPSDSYGAPGGGNGGRPSDSYGAP
GGGNGGRPSDSYGAPGGGNGGRPSDSYGAPGGGNTSGGRPSDSYGAPGGGNGGRPSDSYG
APGGGNGGRPSDSYGAPGGGNGGRPSDSYGAPGGGNTSGGRPSDSYGAPGGGNGGRPSDS
YGAPGGGNGGRPSDSYGAPGGGNGGRPSDSYGAPGGGNTSGGRPSDSYGAPGGGNGGRPS
DSYGAPGGGNGGRPSDSYGAPGGGNGGRPSDSYGAPGGGNTSLEDPAANKARKEAELAAA
TAEQ"
3659,PS00005797,LLPS001569,p0540,Asp100,-,">LLPS001569 synthetic construct [Asp100]|length=100aa
DDDDDDDDDDDDDDDDDDDDDDDDDDDDDDDDDDDDDDDDDDDDDDDDDDDDDDDDDDDD
DDDDDDDDDDDDDDDDDDDDDDDDDDDDDDDDDDDDDDDD"
3660,PS00005798,LLPS001744,p0539,Glu100,-,">LLPS001744 synthetic construct [Glu100]|length=100aa
EEEEEEEEEEEEEEEEEEEEEEEEEEEEEEEEEEEEEEEEEEEEEEEEEEEEEEEEEEEE
EEEEEEEEEEEEEEEEEEEEEEEEEEEEEEEEEEEEEEEE"
3823,PS00006010,LLPS002719,p0027,PR,25,">LLPS002719 length=50aa|length=50aa
PRPRPRPRPRPRPRPRPRPRPRPRPRPRPRPRPRPRPRPRPRPRPRPRPR"
4089,PS00006459,LLPS002722,p0492,RGRGG,5,">LLPS002722 [RGRGG]5|length=25aa
RGRGGRGRGGRGRGGRGRGGRGRGG"
4090,PS00006461,LLPS002696,p0602,KGKGG,5,">LLPS002696 [KGKGG]5|length=25aa
KGKGGKGKGGKGKGGKGKGGKGKGG"
4105,PS00006520,LLPS002738,p0617,SKGP-[GRGDQPYQ]20-GY,-,">LLPS002738 SKGP-[GRGDQPYQ]20-GY|length=166aa
SKGPGRGDQPYQGRGDQPYQGRGDQPYQGRGDQPYQGRGDQPYQGRGDQPYQGRGDQPYQ
GRGDQPYQGRGDQPYQGRGDQPYQGRGDQPYQGRGDQPYQGRGDQPYQGRGDQPYQGRGD
QPYQGRGDQPYQGRGDQPYQGRGDQPYQGRGDQPYQGRGDQPYQGY"
4107,PS00006524,LLPS002747,p0613,SKGP-[GRGDSPYS]20-GY,-,">LLPS002747 SKGP-[GRGDSPYS]20-GY|length=166aa
SKGPGRGDSPYSGRGDSPYSGRGDSPYSGRGDSPYSGRGDSPYSGRGDSPYSGRGDSPYS
GRGDSPYSGRGDSPYSGRGDSPYSGRGDSPYSGRGDSPYSGRGDSPYSGRGDSPYSGRGD
SPYSGRGDSPYSGRGDSPYSGRGDSPYSGRGDSPYSGRGDSPYSGY"
4108,PS00006525,LLPS002745,p0618,SKGP-[GRGDSPYQ]20-GY,-,">LLPS002745 SKGP-[GRGDSPYQ]20-GY|length=166aa
SKGPGRGDSPYQGRGDSPYQGRGDSPYQGRGDSPYQGRGDSPYQGRGDSPYQGRGDSPYQ
GRGDSPYQGRGDSPYQGRGDSPYQGRGDSPYQGRGDSPYQGRGDSPYQGRGDSPYQGRGD
SPYQGRGDSPYQGRGDSPYQGRGDSPYQGRGDSPYQGRGDSPYQGY"
4109,PS00006526,LLPS002741,p0619,SKGP-[GRGDQPYS]20-GY,-,">LLPS002741 SKGP-[GRGDQPYS]20-GY|length=166aa
SKGPGRGDQPYSGRGDQPYSGRGDQPYSGRGDQPYSGRGDQPYSGRGDQPYSGRGDQPYS
GRGDQPYSGRGDQPYSGRGDQPYSGRGDQPYSGRGDQPYSGRGDQPYSGRGDQPYSGRGD
QPYSGRGDQPYSGRGDQPYSGRGDQPYSGRGDQPYSGRGDQPYSGY"
