Unnamed: 0,id,seq,label
0,LLPS000480,GRGRGRGRGRGRGRGRGRGRGRGRGRGRGRGRGRGRGRGR,1
1,LLPS000481,PRPRPRPRPRPRPRPRPRPRPRPRPRPRPRPRPRPRPRPR,1
2,LLPS000482,PRPRPRPRPRPRPRPRPRPRPRPRPRPRPRPRPRPRPRPRPRPRPRPRPRPRPRPRPRPR,1
3,LLPS000534,QGTFTSDKESKYLDERAAQDFVQWLLDGGPSSGAPPPS,1
4,LLPS000625,AVPGVGAVPGVGAVPGVGAVPGVGAVPGVGAVPGVGAVPGVGAVPGVGAVPGVGAVPGVGAVPGVGAVPGVGAVPGVGAVPGVGAVPGVGAVPGVGAVPGVGAVPGVGAVPGVGAVPGVGAVPGVGAVPGVGAVPGVGAVPGVGAVPGVG,1
5,LLPS000626,TVPGVGTVPGVGTVPGVGTVPGVGTVPGVGTVPGVGTVPGVGTVPGVGTVPGVGTVPGVGTVPGVGTVPGVGTVPGVGTVPGVGTVPGVGTVPGVGTVPGVGTVPGVGTVPGVGTVPGVGTVPGVGTVPGVGTVPGVGTVPGVGTVPGVGTVPGVGTVPGVGTVPGVGTVPGVGTVPGVGTVPGVGTVPGVGTVPGVGTVPGVGTVPGVGTVPGVGTVPGVGTVPGVGTVPGVGTVPGVGTVPGVGTVPGVGTVPGVGTVPGVGTVPGVGTVPGVGTVPGVGTVPGVGTVPGVGTVPGVGTVPGVGTVPGVGTVPGVGTVPGVGTVPGVGTVPGVGTVPGVGTVPGVGTVPGVGTVPGVGTVPGVGTVPGVGTVPGVGTVPGVGTVPGVG,1
6,LLPS000627,TVPGAGTVPGAGTVPGAGTVPGAGTVPGAGTVPGAGTVPGAGTVPGAGTVPGAGTVPGAGTVPGAGTVPGAGTVPGAGTVPGAGTVPGAGTVPGAGTVPGAGTVPGAGTVPGAGTVPGAGTVPGAGTVPGAGTVPGAGTVPGAGTVPGAGTVPGAGTVPGAGTVPGAGTVPGAGTVPGAGTVPGAGTVPGAGTVPGAGTVPGAGTVPGAGTVPGAGTVPGAGTVPGAGTVPGAGTVPGAGTVPGAGTVPGAGTVPGAGTVPGAGTVPGAGTVPGAGTVPGAGTVPGAGTVPGAGTVPGAGTVPGAGTVPGAGTVPGAGTVPGAGTVPGAG,1
7,LLPS000628,GVPGAVGVPGAVGVPGAVGVPGAVGVPGAVGVPGAVGVPGAVGVPGAVGVPGAVGVPGAVGVPGAVGVPGAVGVPGAVGVPGAVGVPGAVGVPGAVGVPGAVGVPGAVGVPGAVGVPGAVGVPGAVGVPGAVGVPGAVGVPGAVGVPGAVGVPGAVGVPGAVGVPGAVGVPGAVGVPGAV,1
8,LLPS000629,GVPGVAGVPGVAGVPGVAGVPGVAGVPGVAGVPGVAGVPGVAGVPGVAGVPGVAGVPGVAGVPGVAGVPGVAGVPGVAGVPGVAGVPGVAGVPGVAGVPGVAGVPGVAGVPGVAGVPGVAGVPGVAGVPGVAGVPGVAGVPGVAGVPGVAGVPGVAGVPGVAGVPGVAGVPGVAGVPGVAGVPGVAGVPGVAGVPGVAGVPGVAGVPGVAGVPGVAGVPGVAGVPGVAGVPGVAGVPGVAGVPGVAGVPGVAGVPGVAGVPGVAGVPGVAGVPGVAGVPGVAGVPGVAGVPGVAGVPGVA,1
9,LLPS000630,VAPGVGVAPGVGVAPGVGVAPGVGVAPGVGVAPGVGVAPGVGVAPGVGVAPGVGVAPGVGVAPGVGVAPGVGVAPGVGVAPGVGVAPGVGVAPGVGVAPGVGVAPGVGVAPGVGVAPGVG,1
10,LLPS000631,APGVGAPGVGAPGVGAPGVGAPGVGAPGVGAPGVGAPGVGAPGVGAPGVGAPGVGAPGVGAPGVGAPGVGAPGVGAPGVGAPGVGAPGVGAPGVGAPGVGAPGVGAPGVGAPGVGAPGVGAPGVGAPGVGAPGVGAPGVGAPGVGAPGVGAPGVGAPGVGAPGVGAPGVGAPGVGAPGVGAPGVGAPGVGAPGVGAPGVGAPGVGAPGVGAPGVGAPGVGAPGVG,1
11,LLPS000632,VPGVAVPGVAVPGVAVPGVAVPGVAVPGVAVPGVAVPGVAVPGVAVPGVAVPGVAVPGVAVPGVAVPGVAVPGVAVPGVAVPGVAVPGVAVPGVAVPGVAVPGVAVPGVAVPGVAVPGVAVPGVAVPGVAVPGVAVPGVAVPGVAVPGVAVPGVAVPGVAVPGVAVPGVAVPGVA,1
12,LLPS000633,VPGVGVPGVGVPGVGVPGVGVPGVGVPGVGVPGVGVPGVGVPGVGVPGVGVPGVGVPGVGVPGVGVPGVGVPGVGVPGVGVPGVGVPGVGVPGVGVPGVGVPGVGVPGVGVPGVGVPGVGVPGVGVPGVGVPGVGVPGVGVPGVGVPGVG,1
13,LLPS000634,VHPGVGVHPGVGVHPGVGVHPGVGVHPGVGVHPGVGVHPGVGVHPGVGVHPGVGVHPGVGVHPGVGVHPGVGVHPGVGVHPGVGVHPGVGVHPGVGVHPGVGVHPGVGVHPGVGVHPGVGVHPGVGVHPGVGVHPGVGVHPGVGVHPGVG,1
14,LLPS000635,VAPVGVAPVGVAPVGVAPVGVAPVGVAPVGVAPVGVAPVGVAPVGVAPVGVAPVGVAPVGVAPVGVAPVGVAPVGVAPVGVAPVGVAPVGVAPVGVAPVGVAPVGVAPVGVAPVGVAPVGVAPVGVAPVGVAPVGVAPVGVAPVGVAPVGVAPVGVAPVGVAPVGVAPVGVAPVG,1
15,LLPS000636,VGPVGVGPVGVGPVGVGPVGVGPVGVGPVGVGPVGVGPVGVGPVGVGPVGVGPVGVGPVGVGPVGVGPVGVGPVGVGPVGVGPVGVGPVGVGPVGVGPVGVGPVGVGPVGVGPVGVGPVGVGPVGVGPVGVGPVGVGPVGVGPVGVGPVG,1
16,LLPS000637,VPAGVGVPAGVGVPAGVGVPAGVGVPAGVGVPAGVGVPAGVGVPAGVGVPAGVGVPAGVGVPAGVGVPAGVGVPAGVGVPAGVGVPAGVGVPAGVGVPAGVGVPAGVGVPAGVGVPAGVGVPAGVGVPAGVGVPAGVGVPAGVGVPAGVG,1
17,LLPS000638,VPTGVGVPTGVGVPTGVGVPTGVGVPTGVGVPTGVGVPTGVGVPTGVGVPTGVGVPTGVGVPTGVGVPTGVGVPTGVGVPTGVGVPTGVGVPTGVGVPTGVGVPTGVGVPTGVGVPTGVGVPTGVGVPTGVGVPTGVGVPTGVGVPTGVGVPTGVGVPTGVGVPTGVGVPTGVGVPTGVGVPTGVGVPTGVGVPTGVGVPTGVGVPTGVGVPTGVGVPTGVGVPTGVGVPTGVGVPTGVG,1
18,LLPS000639,APVGVGAPVGVGAPVGVGAPVGVGAPVGVGAPVGVGAPVGVGAPVGVGAPVGVGAPVGVGAPVGVGAPVGVGAPVGVGAPVGVGAPVGVGAPVGVGAPVGVGAPVGVGAPVGVGAPVGVGAPVGVGAPVGVGAPVGVGAPVGVGAPVGVGAPVGVGAPVGVGAPVGVGAPVGVGAPVGVGAPVGVGAPVGVGAPVGVGAPVGVGAPVGVG,1
19,LLPS000640,VRPVGVRPVGVRPVGVRPVGVRPVGVRPVGVRPVGVRPVGVRPVGVRPVGVRPVGVRPVGVRPVGVRPVGVRPVGVRPVGVRPVGVRPVGVRPVGVRPVGVRPVGVRPVGVRPVGVRPVGVRPVG,1
20,LLPS000641,APVGLGAPVGLGAPVGLGAPVGLGAPVGLGAPVGLGAPVGLGAPVGLGAPVGLGAPVGLGAPVGLGAPVGLGAPVGLGAPVGLGAPVGLGAPVGLGAPVGLGAPVGLGAPVGLGAPVGLGAPVGLGAPVGLGAPVGLGAPVGLGAPVGLGAPVGLGAPVGLGAPVGLGAPVGLGAPVGLGAPVGLGAPVGLGAPVGLGAPVGLGAPVGLGAPVGLGAPVGLGAPVGLGAPVGLGAPVGLG,1
21,LLPS000642,VPAVGVPAVGVPAVGVPAVGVPAVGVPAVGVPAVGVPAVGVPAVGVPAVGVPAVGVPAVGVPAVGVPAVGVPAVGVPAVGVPAVGVPAVGVPAVGVPAVGVPAVGVPAVGVPAVGVPAVGVPAVGVPAVGVPAVGVPAVGVPAVGVPAVGVPAVGVPAVGVPAVGVPAVGVPAVGVPAVGVPAVGVPAVGVPAVGVPAVGVPAVGVPAVGVPAVGVPAVGVPAVG,1
22,LLPS000643,VPHVGVPHVGVPHVGVPHVGVPHVGVPHVGVPHVGVPHVGVPHVGVPHVGVPHVGVPHVGVPHVGVPHVGVPHVGVPHVGVPHVGVPHVGVPHVGVPHVGVPHVGVPHVGVPHVGVPHVGVPHVGVPHVGVPHVGVPHVGVPHVGVPHVGVPHVGVPHVGVPHVGVPHVGVPHVGVPHVGVPHVGVPHVGVPHVGVPHVG,1
23,LLPS000644,VGPAVGVGPAVGVGPAVGVGPAVGVGPAVGVGPAVGVGPAVGVGPAVGVGPAVGVGPAVGVGPAVGVGPAVGVGPAVGVGPAVGVGPAVGVGPAVGVGPAVGVGPAVGVGPAVGVGPAVG,1
24,LLPS000645,VTPAVGVTPAVGVTPAVGVTPAVGVTPAVGVTPAVGVTPAVGVTPAVGVTPAVGVTPAVGVTPAVGVTPAVGVTPAVGVTPAVGVTPAVGVTPAVGVTPAVGVTPAVGVTPAVGVTPAVGVTPAVGVTPAVGVTPAVGVTPAVGVTPAVG,1
25,LLPS000646,TPVAVGTPVAVGTPVAVGTPVAVGTPVAVGTPVAVGTPVAVGTPVAVGTPVAVGTPVAVGTPVAVGTPVAVGTPVAVGTPVAVGTPVAVGTPVAVGTPVAVGTPVAVGTPVAVGTPVAVGTPVAVGTPVAVGTPVAVGTPVAVGTPVAVGTPVAVGTPVAVGTPVAVGTPVAVGTPVAVG,1
26,LLPS000647,VPSALYGVGVPSALYGVGVPSALYGVGVPSALYGVGVPSALYGVGVPSALYGVGVPSALYGVGVPSALYGVGVPSALYGVGVPSALYGVGVPSALYGVGVPSALYGVGVPSALYGVGVPSALYGVGVPSALYGVGVPSALYGVGVPSALYGVGVPSALYGVGVPSALYGVGVPSALYGVGVPSALYGVG,1
27,LLPS000648,GRGNSPYGGRGNSPYGGRGNSPYGGRGNSPYGGRGNSPYGGRGNSPYGGRGNSPYGGRGNSPYGGRGNSPYGGRGNSPYGGRGNSPYGGRGNSPYGGRGNSPYGGRGNSPYGGRGNSPYGGRGNSPYGGRGNSPYGGRGNSPYGGRGNSPYGGRGNSPYGGRGNSPYGGRGNSPYGGRGNSPYGGRGNSPYGGRGNSPYGGRGNSPYGGRGNSPYGGRGNSPYGGRGNSPYGGRGNSPYGGRGNSPYGGRGNSPYGGRGNSPYGGRGNSPYGGRGNSPYGGRGNSPYGGRGNSPYGGRGNSPYGGRGNSPYGGRGNSPYG,1
28,LLPS000649,RGDSPHGRGDSPHGRGDSPHGRGDSPHGRGDSPHGRGDSPHGRGDSPHGRGDSPHGRGDSPHGRGDSPHGRGDSPHGRGDSPHGRGDSPHGRGDSPHGRGDSPHGRGDSPHGRGDSPHGRGDSPHGRGDSPHGRGDSPHGRGDSPHGRGDSPHGRGDSPHGRGDSPHGRGDSPHGRGDSPHGRGDSPHGRGDSPHGRGDSPHGRGDSPHGRGDSPHGRGDSPHGRGDSPHGRGDSPHGRGDSPHGRGDSPHGRGDSPHGRGDSPHGRGDSPHGRGDSPHGRGDSPHGRGDSPHGRGDSPHGRGDSPHGRGDSPHGRGDSPHGRGDSPHGRGDSPHGRGDSPHGRGDSPHGRGDSPHGRGDSPHGRGDSPHGRGDSPHGRGDSPHGRGDSPHGRGDSPHGRGDSPHGRGDSPHGRGDSPHGRGDSPHGRGDSPHGRGDSPHGRGDSPHG,1
29,LLPS000650,GRGDSPYGGRGDSPYGGRGDSPYGGRGDSPYGGRGDSPYGGRGDSPYGGRGDSPYGGRGDSPYGGRGDSPYGGRGDSPYGGRGDSPYGGRGDSPYGGRGDSPYGGRGDSPYGGRGDSPYGGRGDSPYGGRGDSPYGGRGDSPYGGRGDSPYGGRGDSPYG,1
30,LLPS000651,GRDGSPYGGRDGSPYGGRDGSPYGGRDGSPYGGRDGSPYGGRDGSPYGGRDGSPYGGRDGSPYGGRDGSPYGGRDGSPYGGRDGSPYGGRDGSPYGGRDGSPYGGRDGSPYGGRDGSPYGGRDGSPYGGRDGSPYGGRDGSPYGGRDGSPYGGRDGSPYG,1
31,LLPS000652,RGDSPYGRGDSPYGRGDSPYGRGDSPYGRGDSPYGRGDSPYGRGDSPYGRGDSPYGRGDSPYGRGDSPYGRGDSPYGRGDSPYGRGDSPYGRGDSPYGRGDSPYGRGDSPYGRGDSPYGRGDSPYGRGDSPYGRGDSPYGRGDSPYGRGDSPYGRGDSPYGRGDSPYG,1
32,LLPS000653,GRGDSPFGGRGDSPFGGRGDSPFGGRGDSPFGGRGDSPFGGRGDSPFGGRGDSPFGGRGDSPFGGRGDSPFGGRGDSPFGGRGDSPFGGRGDSPFGGRGDSPFGGRGDSPFGGRGDSPFGGRGDSPFGGRGDSPFGGRGDSPFGGRGDSPFGGRGDSPFG,1
33,LLPS000654,GRGESPYGGRGESPYGGRGESPYGGRGESPYGGRGESPYGGRGESPYGGRGESPYGGRGESPYGGRGESPYGGRGESPYGGRGESPYGGRGESPYGGRGESPYGGRGESPYGGRGESPYGGRGESPYGGRGESPYGGRGESPYGGRGESPYGGRGESPYG,1
34,LLPS000655,RGDSPYQGRGDSPYQGRGDSPYQGRGDSPYQGRGDSPYQGRGDSPYQGRGDSPYQGRGDSPYQGRGDSPYQGRGDSPYQGRGDSPYQGRGDSPYQGRGDSPYQGRGDSPYQGRGDSPYQGRGDSPYQGRGDSPYQGRGDSPYQGRGDSPYQGRGDSPYQGRGDSPYQGRGDSPYQGRGDSPYQGRGDSPYQG,1
35,LLPS000656,RGDAPYQGRGDAPYQGRGDAPYQGRGDAPYQGRGDAPYQGRGDAPYQGRGDAPYQGRGDAPYQGRGDAPYQGRGDAPYQGRGDAPYQGRGDAPYQGRGDAPYQGRGDAPYQGRGDAPYQGRGDAPYQGRGDAPYQGRGDAPYQGRGDAPYQGRGDAPYQGRGDAPYQGRGDAPYQGRGDAPYQGRGDAPYQGRGDAPYQGRGDAPYQGRGDAPYQGRGDAPYQG,1
36,LLPS000657,QYPSDGRGQYPSDGRGQYPSDGRGQYPSDGRGQYPSDGRGQYPSDGRGQYPSDGRGQYPSDGRGQYPSDGRGQYPSDGRGQYPSDGRGQYPSDGRGQYPSDGRGQYPSDGRGQYPSDGRGQYPSDGRGQYPSDGRGQYPSDGRGQYPSDGRGQYPSDGRGQYPSDGRGQYPSDGRGQYPSDGRGQYPSDGRG,1
37,LLPS000658,RGDSYPGRGDSYPGRGDSYPGRGDSYPGRGDSYPGRGDSYPGRGDSYPGRGDSYPGRGDSYPGRGDSYPGRGDSYPGRGDSYPGRGDSYPGRGDSYPGRGDSYPGRGDSYPGRGDSYPGRGDSYPGRGDSYPGRGDSYPG,1
38,LLPS000659,VPHSRNGGVPHSRNGGVPHSRNGGVPHSRNGGVPHSRNGGVPHSRNGGVPHSRNGGVPHSRNGGVPHSRNGGVPHSRNGGVPHSRNGGVPHSRNGGVPHSRNGGVPHSRNGGVPHSRNGGVPHSRNGGVPHSRNGGVPHSRNGGVPHSRNGGVPHSRNGGVPHSRNGGVPHSRNGGVPHSRNGGVPHSRNGGVPHSRNGGVPHSRNGGVPHSRNGGVPHSRNGGVPHSRNGGVPHSRNGGVPHSRNGGVPHSRNGGVPHSRNGGVPHSRNGGVPHSRNGGVPHSRNGGVPHSRNGGVPHSRNGGVPHSRNGGVPHSRNGG,1
39,LLPS000660,VPSTDYGVGVPSTDYGVGVPSTDYGVGVPSTDYGVGVPSTDYGVGVPSTDYGVGVPSTDYGVGVPSTDYGVGVPSTDYGVGVPSTDYGVGVPSTDYGVGVPSTDYGVG,1
40,LLPS000661,GRPSDSYGGRPSDSYGGRPSDSYGGRPSDSYGGRPSDSYGGRPSDSYGGRPSDSYGGRPSDSYGGRPSDSYGGRPSDSYGGRPSDSYGGRPSDSYGGRPSDSYGGRPSDSYGGRPSDSYGGRPSDSYGGRPSDSYGGRPSDSYGGRPSDSYGGRPSDSYG,1
41,LLPS000662,VPSDDYGVGVPSDDYGVGVPSDDYGVGVPSDDYGVGVPSDDYGVGVPSDDYGVGVPSDDYGVGVPSDDYGVGVPSDDYGVGVPSDDYGVGVPSDDYGVGVPSDDYGVGVPSDDYGVGVPSDDYGVGVPSDDYGVGVPSDDYGVGVPSDDYGVGVPSDDYGVGVPSDDYGVGVPSDDYGVGVPSDDYGVGVPSDDYGVGVPSDDYGVGVPSDDYGVGVPSDDYGVGVPSDDYGVGVPSDDYGVGVPSDDYGVGVPSDDYGVG,1
42,LLPS000663,VPSDDYGQGVPSDDYGQGVPSDDYGQGVPSDDYGQGVPSDDYGQGVPSDDYGQGVPSDDYGQGVPSDDYGQGVPSDDYGQGVPSDDYGQGVPSDDYGQGVPSDDYGQGVPSDDYGQGVPSDDYGQGVPSDDYGQGVPSDDYGQGVPSDDYGQGVPSDDYGQGVPSDDYGQGVPSDDYGQG,1
43,LLPS000664,GRGDSAYGRGDSAYGRGDSAYGRGDSAYGRGDSAYGRGDSAYGRGDSAYGRGDSAYGRGDSAYGRGDSAYGRGDSAYGRGDSAYGRGDSAYGRGDSAYGRGDSAYGRGDSAY,1
44,LLPS000665,GRASDSYGGRASDSYGGRASDSYGGRASDSYGGRASDSYGGRASDSYGGRASDSYGGRASDSYGGRASDSYGGRASDSYGGRASDSYGGRASDSYGGRASDSYGGRASDSYGGRASDSYGGRASDSYGGRASDSYGGRASDSYGGRASDSYGGRASDSYG,1
45,LLPS000668,VRPDGVRPDGVRPDGVRPDGVRPDGVRPDGVRPDGVRPDGVRPDGVRPDGVRPDGVRPDGVRPDGVRPDGVRPDGVRPDGVRPDGVRPDGVRPDGVRPDGVRPDGVRPDGVRPDGVRPDGVRPDGVRPDGVRPDGVRPDGVRPDGVRPDGVRPDGVRPDGVRPDGVRPDGVRPDGVRPDGVRPDGVRPDGVRPDGVRPDGVRPDGVRPDGVRPDGVRPDGVRPDGVRPDGVRPDGVRPDGVRPDGVRPDG,1
46,LLPS000667,VRPDGVRPDGVRPDGVRPDGVRPDGVRPDGVRPDGVRPDGVRPDGVRPDGVRPDGVRPDGVRPDGVRPDGVRPDGVRPDGVRPDGVRPDGVRPDGVRPDGVRPDGVRPDGVRPDGVRPDGVRPDGVRPDGVRPDGVRPDGVRPDGVRPDGVRPDGVRPDGVRPDGVRPDGVRPDGVRPDGVRPDGVRPDGVRPDGVRPDG,1
47,LLPS000669,VPHSRNGGNSGGRGDSPYGVPHSRNGGNSGGRGDSPYGVPHSRNGGNSGGRGDSPYGVPHSRNGGNSGGRGDSPYGVPHSRNGGNSGGRGDSPYGVPHSRNGGNSGGRGDSPYGVPHSRNGGNSGGRGDSPYGVPHSRNGGNSGGRGDSPYGVPHSRNGGNSGGRGDSPYGVPHSRNGGNSGGRGDSPYGVPHSRNGGNSGGRGDSPYGVPHSRNGGNSGGRGDSPYGVPHSRNGGNSGGRGDSPYGVPHSRNGGNSGGRGDSPYGVPHSRNGGNSGGRGDSPYGVPHSRNGGNSGGRGDSPYGVPHSRNGGNSGGRGDSPYGVPHSRNGGNSGGRGDSPYGVPHSRNGGNSGGRGDSPYGVPHSRNGGNSGGRGDSPYGVPHSRNGGNSGGRGDSPYGVPHSRNGGNSGGRGDSPYGVPHSRNGGNSGGRGDSPYGVPHSRNGGNSGGRGDSPYG,1
48,LLPS000670,DPGYIGSRGDPGYIGSRGDPGYIGSRGDPGYIGSRGDPGYIGSRGDPGYIGSRGDPGYIGSRGDPGYIGSRGDPGYIGSRGDPGYIGSRGDPGYIGSRGDPGYIGSRGDPGYIGSRGDPGYIGSRGDPGYIGSRGDPGYIGSRG,1
49,LLPS000860,GCTTTYDRHHVTTTQPQYRHDQHTGDRLTHPQRQQQGPSTGKLALGATPLFGVIGFSPVIVPAMGIAIGLAGVTGFQRDYVKGKLQDVGEYTGQKTKDLGQKIQHTAHEMGDQGQGQGQGGGKEGRKEGGKLEHHHHHH,1
50,LLPS000861,GCTTCYDRHHVTTTQPQYRHDQHTGDRLTHPQRQQQGPSTGKLALGATPLFGVIGFSPVIVPAMGIAIGLAGVTGFQRDYVKGKLQDVGEYTGQKTKDLGQKIQHTAHEMGDQGQGQGQGGGKEGRKEGGKLEHHHHHH,1
51,LLPS000863,GSTTTYDRHHVCTTQPQYRHDQHTGDRLTHPQRQQQGPSTGKLALGATPLFGVIGFSPVIVPAMGIAIGLAGVTGFQRDYVKGKLQDVGEYTGQKTKDLGQKIQHTAHEMGDQGQGQGQGGGKEGRKEGGKLEHHHHHH,1
52,LLPS000864,GSTTTYDRHHVTTTQPQYRHDQHCGDRLTHPQRQQQGPSTGKLALGATPLFGVIGFSPVIVPAMGIAIGLAGVTGFQRDYVKGKLQDVGEYTGQKTKDLGQKIQHTAHEMGDQGQGQGQGGGKEGRKEGGKLEHHHHHH,1
53,LLPS000865,GSCTTYDRHHVTTTQPQYRHDQHTGDRLTHPQRQQQGPSTGKLALGATPLFGVIGFSPVIVPAMGIAIGLAGVTGFQRDYVKGKLQDVGEYTGQKTKDLGQKIQHTAHEMGDQGQGQGQGGGKEGRKEGGKLEHHHHHH,1
54,LLPS000866,GSTCTYDRHHVTTTQPQYRHDQHTGDRLTHPQRQQQGPSTGKLALGATPLFGVIGFSPVIVPAMGIAIGLAGVTGFQRDYVKGKLQDVGEYTGQKTKDLGQKIQHTAHEMGDQGQGQGQGGGKEGRKEGGKLEHHHHHH,1
55,LLPS000867,GSTTCYDRHHVTTTQPQYRHDQHTGDRLTHPQRQQQGPSTGKLALGATPLFGVIGFSPVIVPAMGIAIGLAGVTGFQRDYVKGKLQDVGEYTGQKTKDLGQKIQHTAHEMGDQGQGQGQGGGKEGRKEGGKLEHHHHHH,1
56,LLPS000965,MGSSHHHHHHSQDPNSSDYYGPNYGPSRRWGGYGNYNRYNGRRYGGYGGYKGWNRGWRRGSWGRRKYNY,1
57,LLPS000966,SQDPNSSDYYGPNYGPSRRWGGYGNYNRYNGRRYGGYGGYKGWNRGWRRGSWGRRKYNY,1
58,LLPS000967,MAKPSYPPTYKAKPSYPPTYKAKPSYPPTYKAKPSYPPTYKAKPSYPPTYKAKPSYPPTYKAKPSYPPTYKAKPSYPPTYKAKPSYPPTYKAKPSYPPTYKAKPSYPPTYKAKPSYPPTYK,1
59,LLPS000994,GHGVYGHGVYGHGPYGHGPYGHGLY,1
60,LLPS001071,GRDGSPYQGGRDGSPYQGGRDGSPYQGGRDGSPYQGGRDGSPYQGGRDGSPYQGGRDGSPYQGGRDGSPYQGGRDGSPYQGGRDGSPYQGGRDGSPYQGGRDGSPYQGGRDGSPYQGGRDGSPYQGGRDGSPYQGGRDGSPYQGGRDGSPYQGGRDGSPYQGGRDGSPYQGGRDGSPYQGGRDGSPYQGGRDGSPYQGGRDGSPYQGGRDGSPYQG,1
63,LLPS000928,AAAAAKAAKYGAGVPGVGVPGVGVPGVGVPGVGVPGVGVPGVGVPGVAAAAAKAAKYGAGVPGVGVPGVGVPGVGVPGVGVPGVGVPGVGVPGVAAAAAKAAKYGAGVPGVGVPGVGVPGVGVPGVGVPGVGVPGVGVPGVAAAAAKAAKYGA,1
64,LLPS000924,FPGFGVGVGGIPGVAGVPGVGGVPGVGGVPGVGISPEAQAAAAAKAAKYGVGTPAAAAAKAAAKAAQFGLVPGVGVAPGVGVAPGVGVAPGVGLAPGVGVAPGVGVAPGVGVAPAIGP,1
65,LLPS000930,FPGFGVGVGGIPGVAGVPGVGGVPGVGGVPGVGISPEAQAAAAAKAAKYGVGTPAAAAAKAAAKAAQFGLVPGVGVAPGVGVAPGVGVAPGVGLAPGVGVAPGVGVAPGVGVAPAIGPEAQAAAAAKAAKYGVGTPAAAAAKAAAKAAQFGLVPGVGVAPGVGVAPGVGVAPGVGLAPGVGVAPGVGVAPGVGVAPAIGP,1
66,LLPS000932,GLVPGVGVAPGVGVAPGVGVAPGVGLAPGVGVAPGVGVAPGVGVAPAIGPGAVVPQPGAGVKPGKVPGVGPFGGPQPGVPLGYPIKAPKLPGLVPGVGVAPGVGVAPGVGVAPGVGLAPGVGVAPGVGVAPGVGVAPAIGPGAVVPQPGAGVKPGKVPGVGPFGGPQPGVPLGYPIKAPKLPGLVPGVGVAPGVGVAPGVGVAPGVGLAPGVGVAPGVGVAPGVGVAPAIGP,1
67,LLPS000926,GAVVPQPGAGVKPGKVPGVGLPGVYPGGVLPGARFPGVGVLPGVPTGAGVKPKAPGVGGAFAGIPGVGPFGGPQPGVPLGYPIKAPKLPGGYGLPYTTGKLPYGYGPGGVAGAAGKAGYPTGTGGACLGKACGRKRK,1
68,LLPS000925,FPGFGVGVGGIPGVAGVPGVGGVPGVGGVPGVGISPEAQAAAAAKAAKYAAAAAAAAAAKAAAKAAQFGLVPGVGVAPGVGVAPGVGVAPGVGLAPGVGVAPGVGVAPGVGVAPAIGP,1
69,LLPS000931,FPGFGVGVGGIPGVAGVPGVGGVPGVGGVPGVGISPEAQAAAAAKAAKYAAAAAAAAAAKAAAKAAQFGLVPGVGVAPGVGVAPGVGVAPGVGLAPGVGVAPGVGVAPGVGVAPAIGPEAQAAAAAKAAKYAAAAAAAAAAKAAAKAAQFGLVPGVGVAPGVGVAPGVGVAPGVGLAPGVGVAPGVGVAPGVGVAPAIGP,1
70,LLPS000929,FPGFGVGVGGIPGVAGVPGVGGVPGVGGVPGVGISPEAQAAAAAKAAKYGVGTPAAAAAKAAAKAAQFGLVPGVGVAGVAPGVGVAGVAPGVGVAGVAPGVGVAGVAPGVGVAGVAGAIGPEAQAAAAAKAAKYGVGTPAAAAAKAAAKAAQFGLVPGVGVAGVAPGVGVAGVAPGVGVAGVAPGVGVAGVAPGVGVAGVAGAIGP,1
71,LLPS000934,GLVPGVGVAGVAPGVGVAGVAPGVGVAGVAPGVGVAGVAPGVGVAGVAGAIGP,1
72,LLPS000927,FPGFGVGVGGIPGVAGVPGVGGVPGVGGVPGVGISPGLVPGVGVAPGVGVAPGVGVAPGVGLAPGVGVAPGVGVAPGVGVAPAIGPGLVPGVGVAGVAGVAPGVGVAGVAGVAPGVGVAGVAGVAPGVGVAGVAGVAGAIGP,1
73,LLPS000935,GAVVPQPGAGVKPGKVPGVGLPGVYPGGVLPGARFPGVGVLPGVPTGAGVKPKAPGVGGAFAGIPGVGPFGGPQPGVPLGYPIKAPKLPGGYGLPYTTGKLPYGYGPGGVAGAAGKAGYPTGTFPGFGVGVGGIPGVAGVPGVGGVPGVGGVPGVGISPEAQAAAAAKAAKYGVGTPAAAAAKAAAKAAQFGLVPGVGVAPGVGVAPGVGVAPGVGLAPGVGVAPGVGVAPGVGVAPAIGPEAQAAAAAKAAKYGVGTPAAAAAKAAAKAAQFGLVPGVGVAPGVGVAPGVGVAPGVGLAPGVGVAPGVGVAPGVGVAPAIGPEAQAAAAAKAAKYGVGTPAAAAAKAAAKAAQFGLVPGVGVAPGVGVAPGVGVAPGVGLAPGVGVAPGVGVAPGVGVAPAIGPEAQAAAAAKAAKYGVGTPAAAAAKAAAKAAQFGLVPGVGVAPGVGVAPGVGVAPGVGLAPGVGVAPGVGVAPGVGVAPAIGPEAQAAAAAKAAKYGVGTPAAAAAKAAAKAAQFGLVPGVGVAPGVGVAPGVGVAPGVGLAPGVGVAPGVGVAPGVGVAPAIGPEAQAAAAAKAAKYGVGTPAAAAAKAAAKAAQFGLVPGVGVAPGVGVAPGVGVAPGVGLAPGVGVAPGVGVAPGVGVAPAIGPGGACLGKACGRKRK,1
74,LLPS000933,FPGFGVGVGGIPGVAGVPGVGGVPGVGGVPGVGISPEAQAAAAAKAAKYGVGTPAAAAAKAAAKAAQFGLVPGVGVAPGVGVAPGVGVAPGVGLAPGVGVAPGVGVAPGVGVAPAIGPEAQAAAAAKAAKYGVGTPAAAAAKAAAKAAQFGLVPGVGVAPGVGVAPGVGVAPGVGLAPGVGVAPGVGVAPGVGVAPAIGPEAQAAAAAKAAKYGVGTPAAAAAKAAAKAAQFGLVPGVGVAPGVGVAPGVGVAPGVGLAPGVGVAPGVGVAPGVGVAPAIGPEAQAAAAAKAAKYGVGTPAAAAAKAAAKAAQFGLVPGVGVAPGVGVAPGVGVAPGVGLAPGVGVAPGVGVAPGVGVAPAIGP,1
75,LLPS001170,GYDGYNWPYGYNGYRYGWNKGWNGY,1
76,LLPS001169,GNYKYRGYGYPRGWKKGRKYY,1
77,LLPS001458,RRASLRRASLRRASL,1
78,LLPS001817,MAQARSPWSDTATADAFIQNFLAAVSGSGAFTSDQLDDMSTIGDTIMSAMDKMARSNKSSQHKLQALNMAFASSMAEIAAVEQGGMSMAVKTNAIVDGLNSAFYMTTGAANPQFVNEMRSLISMISAASANEVSYGGAGSAAAAAAAGPGQQGPGGYGPGQQGPSGPGSAAAAAAAGPGQQGPGGYGPGQQGPSGPGSAAAAAAAGPGQQGPGGYGPGQQGPSGPGSAAAAAAAGPGQQGPGGYGPGQQGPSGPGSAAAAAAAGPGQQGPGGYGPGQQGPSGPGSAAAAAAAGPGQQGPGGYGPGQQGPSGPGSGGYGPSQYVPSSVASSAASAASALSSPTTHARISSHASTLLSSGPTNAAALSNVISNAVSQVSASNPGSSSCDVLVQALLEIITALISILDSSSVGQVNYGSSGQYAQIVGQSMQQAMG,1
79,LLPS001814,MAQARSPWSDTATADAFIQNFLAAVSGSGAFTSDQLDDMSTIGDTIMSAMDKMARSNKSSQHKLQALNMAFASSMAEIAAVEQGGMSMAVKTNAIVDGLNSAFYMTTGAANPQFVNEMRSLISMISAASANEVSYGGAGSAAAAAAAGPGQQGPGGYGPGQQGPSGPGSAAAAAAAGPGQQGPGGYGPGQQGPSGPGSAAAAAAAGPGQQGPGGYGPGQQGPSGPGSAAAAAAAGPGQQGPGGYGPGQQGPSGPGSAAAAAAAGPGQQGPGGYGPGQQGPSGPGSAAAAAAAGPGQQGPGGYGPGQQGPSGPGSAAAAAAAGPGQQGPGGYGPGQQGPSGPGSAAAAAAAGPGQQGPGGYGPGQQGPSGPGSAAAAAAAGPGQQGPGGYGPGQQGPSGPGSAAAAAAAGPGQQGPGGYGPGQQGPSGPGSAAAAAAAGPGQQGPGGYGPGQQGPSGPGSAAAAAAAGPGQQGPGGYGPGQQGPSGPGSGGYGPSQYVPSSVASSAASAASALSSPTTHARISSHASTLLSSGPTNAAALSNVISNAVSQVSASNPGSSSCDVLVQALLEIITALISILDSSSVGQVNYGSSGQYAQIVGQSMQQAMG,1
80,LLPS001821,MAQARSPWSDTATADAFIQNFLAAVSGSGAFTSDQLDDMSTIGDTIMSAMDKMARSNKSSQHKLQALNMAFASSMAEIAAVEQGGMSMAVKTNAIVDGLNSAFYMTTGAANPQFVNEMRSLISMISAASANEVSYGGAGSAAAAAAAGPGQQGPGGYGPGQQGPSGPGSGGYGPSQYVPSSVASSAASAASALSSPTTHARISSHASTLLSSGPTNAAALSNVISNAVSQVSASNPGSSSCDVLVQALLEIITALISILDSSSVGQVNYGSSGQYAQIVGQSMQQAMG,1
81,LLPS001815,MAQARSPWSDTATADAFIQNFLAAVSGSGAFTSDQLDDMSTIGDTIMSAMDKMARSNKSSQHKLQALNMAFASSMAEIAAVEQGGMSMAVKTNAIVDGLNSAFYMTTGAANPQFVNEMRSLISMISAASANEVSYGGAGSAAAAAAAGPGQQGPGGYGPGQQGPSGPGSAAAAAAAGPGQQGPGGYGPGQQGPSGPGSAAAAAAAGPGQQGPGGYGPGQQGPSGPGSAAAAAAAGPGQQGPGGYGPGQQGPSGPGSAAAAAAAGPGQQGPGGYGPGQQGPSGPGSAAAAAAAGPGQQGPGGYGPGQQGPSGP,1
82,LLPS001820,GSAAAAAAAGPGQQGPGGYGPGQQGPSGPGSAAAAAAAGPGQQGPGGYGPGQQGPSGPGSAAAAAAAGPGQQGPGGYGPGQQGPSGPGSAAAAAAAGPGQQGPGGYGPGQQGPSGPGSAAAAAAAGPGQQGPGGYGPGQQGPSGPGSAAAAAAAGPGQQGPGGYGPGQQGPSGPGSGGYGPSQYVPSSVASSAASAASALSSPTTHARISSHASTLLSSGPTNAAALSNVISNAVSQVSASNPGSSSCDVLVQALLEIITALISILDSSSVGQVNYGSSGQYAQIVGQSMQQAMG,1
83,LLPS001819,GSAAAAAAAGPGQQGPGGYGPGQQGPSGPGSAAAAAAAGPGQQGPGGYGPGQQGPSGPGSAAAAAAAGPGQQGPGGYGPGQQGPSGPGSAAAAAAAGPGQQGPGGYGPGQQGPSGPGSAAAAAAAGPGQQGPGGYGPGQQGPSGPGSAAAAAAAGPGQQGPGGYGPGQQGPSGP,1
84,LLPS001812,GSGGYGPSQYVPSSVASSAASAASALSSPTTHARISSHASTLLSSGPTNAAALSNVISNAVSQVSASNPGSSSCDVLVQALLEIITALISILDSSSVGQVNYGSSGQYAQIVGQSMQQAMG,1
85,LLPS001818,MAQARSPWSDTATADAFIQNFLAAVSGSGAFTSDQLDDMSTIGDTIMSAMDKMARSNKSSQHKLQALNMAFASSMAEIAAVEQGGMSMAVKTNAIVDGLNSAFYMTTGAANPQFVNEMRSLISMISAASANEVSYGGAGSAAAAAAAGPGQQGPGGYGPGQQGPSGPGSAAAAAAAGPGQQGPGGYGPGQQGPSGPGSAAAAAAAGPGQQGPGGYGPGQQGPSGPGSAAAAAAAGPGQQGPGGYGPGQQGPSGPGSAAAAAAAGPGQQGPGGYGPGQQGPSGPGSAAAAAAAGPGQQGPGGYGPGQQGPSGPGSGGYGPSQYVPSSVASSAASAASALSSPTTHARISSHASTLLSSGPTNAAALSNVISNAVSQVSASNPGSSSCDVLVQALLEIITALISILDSSSVGQVNYGSSGQYAQIVGQSMQQAMG,1
86,LLPS001783,MNNSGDNDRGSGNYGLRNSFGDDGYGDNGNDEGNSGYRNRGLGGDRADEYGNSGGNGDNEAAPNASDRDDAHYYDSDDYDDGGGGRGSGGAGGGGARGPGSNRAGRYGGGGRRGRGRGNGYNGNRSQRRRGGGRGRGNRGYRVGNGNGQSGGRNSRGGGGGNGGANYGLEHHHHHH,1
87,LLPS001784,MGGYGYGSSGDGGGDDYGDARYVPPHLRGYGDGAGDDGGDNNDDSDDADRDYNGGLSGGAGGNSGGDGENGGDGNGRNNARSGNNRGGNGNYRYFGANYGAGEGRGRNGQGGEGSGNNRGGGGRYGRRRRQGSRGGRGSGGNYGGNSNRSGRAGGRDNNARNRRRNGSLEHHHHHH,1
89,LLPS002162,VGAPVGVGAPVGVGAPVGVGAPVGVGAPVGVGAPVGVGAPVGVGAPVGVGAPVGVGAPVGVGAPVGVGAPVGVGAPVGVGAPVGVGAPVGVGAPVGVGAPVGVGAPVGVGAPVGVGAPVGVGAPVGVGAPVGVGAPVGVGAPVGVGAPVGVGAPVGVGAPVGVGAPVGVGAPVGVGAPVGVGAPVGVGAPVGVGAPVGVGAPVGVGAPVG,1
90,LLPS002167,VPGVGVPGVGVPGVGVPGVGVPGVGVPGVGVPGVGVPGVGVPGVGVPGVGVPGVGVPGVGVPGVGVPGVGVPGVGVPGVGVPGVGVPGVGVPGVGVPGVGVPGVGVPGVGVPGVGVPGVGVPGVGVPGVGVPGVGVPGVGVPGVGVPGVGVPGVGVPGVGVPGVGVPGVGVPGVG,1
91,LLPS002159,VAPVGVAPVGVAPVGVAPVGVAPVGVAPVGVAPVGVAPVGVAPVGVAPVGVAPVGVAPVGVAPVGVAPVGVAPVGVAPVGVAPVGVAPVGVAPVGVAPVGVAPVGVAPVGVAPVGVAPVGVAPVGVAPVGVAPVGVAPVGVAPVGVAPVGVAPVGVAPVGVAPVGVAPVGVAPVGVAPVGVAPVGVAPVGVAPVGVAPVG,1
92,LLPS002166,VPGAVGVPGAVGVPGAVGVPGAVGVPGAVGVPGAVGVPGAVGVPGAVGVPGAVGVPGAVGVPGAVGVPGAVGVPGAVGVPGAVGVPGAVGVPGAVGVPGAVGVPGAVGVPGAVGVPGAVGVPGAVGVPGAVGVPGAVGVPGAVGVPGAVGVPGAVGVPGAVGVPGAVGVPGAVGVPGAVG,1
93,LLPS002156,VAPVGVAPVGVAPVGVAPVGVAPVGVAPVGVAPVGVAPVGVAPVGVAPVGVAPVGVAPVGVAPVGVAPVGVAPVGVAPVGVAPVGVAPVGVAPVGVAPVG,1
94,LLPS002158,VAPVGVAPVGVAPVGVAPVGVAPVGVAPVGVAPVGVAPVGVAPVGVAPVGVAPVGVAPVGVAPVGVAPVGVAPVGVAPVGVAPVGVAPVGVAPVGVAPVGVAPVGVAPVGVAPVGVAPVGVAPVGVAPVGVAPVGVAPVGVAPVGVAPVG,1
95,LLPS002133,TPVAVGTPVAVGTPVAVGTPVAVGTPVAVGTPVAVGTPVAVGTPVAVGTPVAVGTPVAVGTPVAVGTPVAVGTPVAVGTPVAVGTPVAVGTPVAVGTPVAVGTPVAVGTPVAVGTPVAVG,1
96,LLPS002134,TPVAVGTPVAVGTPVAVGTPVAVGTPVAVGTPVAVGTPVAVGTPVAVGTPVAVGTPVAVGTPVAVGTPVAVGTPVAVGTPVAVGTPVAVGTPVAVGTPVAVGTPVAVGTPVAVGTPVAVGTPVAVGTPVAVGTPVAVGTPVAVGTPVAVGTPVAVGTPVAVGTPVAVGTPVAVGTPVAVGTPVAVGTPVAVGTPVAVGTPVAVGTPVAVGTPVAVGTPVAVGTPVAVGTPVAVGTPVAVG,1
97,LLPS002157,VAPVGVAPVGVAPVGVAPVGVAPVGVAPVGVAPVGVAPVGVAPVGVAPVGVAPVGVAPVGVAPVGVAPVGVAPVGVAPVGVAPVGVAPVGVAPVGVAPVGGYIPEAPRDGQAYVRKDGEWVLLSTFL,1
98,LLPS002160,VAPVGVAPVGVAPVGVAPVGVAPVGVAPVGVAPVGVAPVGVAPVGVAPVGVAPVGVAPVGVAPVGVAPVGVAPVGVAPVGVAPVGVAPVGVAPVGVAPVGVAPVGVAPVGVAPVGVAPVGVAPVGVAPVGVAPVGVAPVGVAPVGVAPVGVAPVGVAPVGVAPVGVAPVGVAPVGVAPVGVAPVGVAPVGVAPVGVAPVGGYIPEAPRDGQAYVRKDGEWVLLSTFL,1
99,LLPS001578,AVPGVGAVPGVGAVPGVGAVPGVGAVPGVGAVPGVGAVPGVGAVPGVGAVPGVGAVPGVGAVPGVGAVPGVGAVPGVGAVPGVGAVPGVGAVPGVGAVPGVGAVPGVGAVPGVGAVPGVGAVPGVGAVPGVGAVPGVGAVPGVGAVPGVGAVPGVGAVPGVGAVPGVGAVPGVGAVPGVGAVPGVGAVPGVGAVPGVGAVPGVGAVPGVGAVPGVGAVPGVGAVPGVGAVPGVGAVPGVGAVPGVGAVPGVGAVPGVGAVPGVGAVPGVGAVPGVGAVPGVGAVPGVGAVPGVGAVPGVG,1
100,LLPS001746,GRGDSAYGRGDSAYGRGDSAYGRGDSAYGRGDSAYGRGDSAYGRGDSAYGRGDSAYGRGDSAYGRGDSAYGRGDSAYGRGDSAYGRGDSAYGRGDSAYGRGDSAYGRGDSAYGRGDSAYGRGDSAYGRGDSAYGRGDSAYGRGDSAYGRGDSAYGRGDSAYGRGDSAYGRGDSAYGRGDSAYGRGDSAYGRGDSAYGRGDSAYGRGDSAYGRGDSAYGRGDSAY,1
101,LLPS001747,GRGDSPYGRGDSPYGRGDSPYGRGDSPYGRGDSPYGRGDSPYGRGDSPYGRGDSPYGRGDSPYGRGDSPYGRGDSPYGRGDSPYGRGDSPYGRGDSPYGRGDSPYGRGDSPYGRGDSPYGRGDSPYGRGDSPYGRGDSPYGRGDSPYGRGDSPYGRGDSPYGRGDSPYGRGDSPYGRGDSPYGRGDSPYGRGDSPY,1
102,LLPS002163,VGPVGVGPVGVGPVGVGPVGVGPVGVGPVGVGPVGVGPVGVGPVGVGPVGVGPVGVGPVGVGPVGVGPVGVGPVGVGPVGVGPVGVGPVGVGPVGVGPVGVGPVGVGPVGVGPVGVGPVGVGPVGVGPVGVGPVGVGPVGVGPVGVGPVGVGPVGVGPVGVGPVGVGPVGVGPVGVGPVGVGPVGVGPVGVGPVGVGPVG,1
103,LLPS002161,VAPVGVAPVGVAPVGVAPVGVAPVGVAPVGVAPVGVAPVGVAPVGVAPVGVAPVGVAPVGVAPVGVAPVGVAPVGVAPVGVAPVGVAPVGVAPVGVAPVGVAPVGVAPVGVAPVGVAPVGVAPVGVAPVGVAPVGVAPVGVAPVGVAPVGVAPVGVAPVGVAPVGVAPVGVAPVGVAPVGVAPVGVAPVGVAPVGVAPVGVAPVGVAPVGVAPVGVAPVGVAPVGVAPVGVAPVGVAPVGVAPVGVAPVGVAPVGVAPVGVAPVGVAPVGVAPVGVAPVGVAPVGVAPVGVAPVGVAPVGVAPVGVAPVGVAPVGVAPVGVAPVGVAPVGVAPVGVAPVGVAPVGVAPVGVAPVGVAPVGVAPVGVAPVGVAPVGVAPVGVAPVGVAPVGVAPVGVAPVG,1
104,LLPS002135,TPVAVGTPVAVGTPVAVGTPVAVGTPVAVGTPVAVGTPVAVGTPVAVGTPVAVGTPVAVGTPVAVGTPVAVGTPVAVGTPVAVGTPVAVGTPVAVGTPVAVGTPVAVGTPVAVGTPVAVGTPVAVGTPVAVGTPVAVGTPVAVGTPVAVGTPVAVGTPVAVGTPVAVGTPVAVGTPVAVGTPVAVGTPVAVGTPVAVGTPVAVGTPVAVGTPVAVGTPVAVGTPVAVGTPVAVGTPVAVGTPVAVGTPVAVGTPVAVGTPVAVGTPVAVGTPVAVGTPVAVGTPVAVGTPVAVGTPVAVGTPVAVGTPVAVGTPVAVGTPVAVGTPVAVGTPVAVGTPVAVGTPVAVGTPVAVGTPVAVGTPVAVGTPVAVGTPVAVGTPVAVGTPVAVGTPVAVGTPVAVGTPVAVGTPVAVGTPVAVGTPVAVGTPVAVGTPVAVGTPVAVGTPVAVGTPVAVGTPVAVGTPVAVGTPVAVGTPVAVG,1
105,LLPS002168,VPGVGVPGVGVPGVGVPGVGVPGVGVPGVGVPGVGVPGVGVPGVGVPGVGVPGVGVPGVGVPGVGVPGVGVPGVGVPGVGVPGVGVPGVGVPGVGVPGVGVPGVGVPGVGVPGVGVPGVGVPGVGVPGVGVPGVGVPGVGVPGVGVPGVGVPGVGVPGVGVPGVGVPGVGVPGVGVPGVGVPGVGVPGVGVPGVGVPGVGVPGVGVPGVGVPGVGVPGVGVPGVGVPGVGVPGVGVPGVGVPGVGVPGVGVPGVGVPGVGVPGVGVPGVGVPGVGVPGVGVPGVGVPGVGVPGVGVPGVGVPGVGVPGVGVPGVGVPGVGVPGVGVPGVGVPGVGVPGVGVPGVGVPGVGVPGVGVPGVGVPGVGVPGVGVPGVGVPGVGVPGVGVPGVGVPGVGVPGVG,1
106,LLPS001748,GVAPVGVAPVGVAPVGVAPVGVAPVGVAPVGVAPVGVAPVGVAPVGVAPVGVAPVGVAPVGVAPVGVAPVGVAPVGVAPVGVAPVGVAPVGVAPVGVAPVGVAPVGVAPVGVAPVGVAPVGVAPVGVAPVGVAPVGVAPVGVAPVGVAPVGVAPVGVAPVGVAPVGVAPVGVAPVGVAPVGVAPVGVAPVGVAPVGVAPVGVAPVGVAPVGVAPVGVAPVGVAPV,1
107,LLPS001750,GVGPVGVGPVGVGPVGVGPVGVGPVGVGPVGVGPVGVGPVGVGPVGVGPVGVGPVGVGPVGVGPVGVGPVGVGPVGVGPVGVGPVGVGPVGVGPVGVGPVGVGPVGVGPVGVGPVGVGPVGVGPVGVGPVGVGPVGVGPVGVGPVGVGPV,1
108,LLPS001749,GVGAPVGVGAPVGVGAPVGVGAPVGVGAPVGVGAPVGVGAPVGVGAPVGVGAPVGVGAPVGVGAPVGVGAPVGVGAPVGVGAPVGVGAPVGVGAPVGVGAPVGVGAPVGVGAPVGVGAPVGVGAPVGVGAPVGVGAPVGVGAPVGVGAPV,1
109,LLPS002165,VPAGLGVPAGLGVPAGLGVPAGLGVPAGLGVPAGLGVPAGLGVPAGLGVPAGLGVPAGLGVPAGLGVPAGLGVPAGLGVPAGLGVPAGLGVPAGLGVPAGLGVPAGLGVPAGLGVPAGLGVPAGLGVPAGLGVPAGLGVPAGLGVPAGLGVPAGLGVPAGLGVPAGLGVPAGLGVPAGLGVPAGLGVPAGLGVPAGLGVPAGLGVPAGLGVPAGLGVPAGLGVPAGLGVPAGLGVPAGLG,1
110,LLPS002164,VHPGVGVHPGVGVHPGVGVHPGVGVHPGVGVHPGVGVHPGVGVHPGVGVHPGVGVHPGVGVHPGVGVHPGVGVHPGVGVHPGVGVHPGVGVHPGVGVHPGVGVHPGVGVHPGVGVHPGVG,1
111,LLPS001644,GVGVPGVGVPGVGVPGVGVPGVGVPGVGVPGVGVPGVGVPGVGVPGVGVPGVGVPGVGVPGVGVPGVGVPGVGVPGVGVPGVGVPGVGVPGVGVPGVGVPGVGVPGVGVPGVGVPGVGVPGVGVPGVGVPGVGVPGVGVPGVGVPGVGVPGVGVPGVGVPGVGVPGVGVPGVGVPGVGVPGVGVPGVGVPGVGVPGVGVPGVGVPGVGVPGVGVPGVGVPGVGVPGVGVPGVGVPGVGVPGVGVPGVGVPGVGVPGVGVPGVGVPGVGVPGVGVPGVGVPGVGVPGVGVPGVGVPGVGVPGVGVPGVGVPGVGVPGVGVPGVGVPGVGVPGVGVPGVGVPGVGVPGVGVPGVGVPGVGVPGVGVPGVGVPGVGVPGVGVPGVGVPGVGVPGVGVPGVGVP,1
112,LLPS001647,GVGVPGVGVPGVGVPGVGVPGAGVPGVGVPGVGVPGVGVPGVGVPGAGVPGVGVPGVGVPGVGVPGVGVPGAGVPGVGVPGVGVPGVGVPGVGVPGAGVPGVGVPGVGVPGVGVPGVGVPGAGVPGVGVPGVGVPGVGVPGVGVPGAGVPGVGVPGVGVPGVGVPGVGVPGAGVPGVGVPGVGVPGVGVPGVGVPGAGVPGVGVPGVGVPGVGVPGVGVPGAGVPGVGVPGVGVPGVGVPGVGVPGAGVPGVGVPGVGVPGVGVPGVGVPGAGVPGVGVPGVGVPGVGVPGVGVPGAGVPGVGVPGVGVPGVGVPGVGVPGAGVPGVGVPGVGVPGVGVPGVGVPGAGVPGVGVPGVGVPGVGVPGVGVPGAGVPGVGVPGVGVPGVGVPGVGVPGAGVP,1
113,LLPS001645,GVGVPGAGVPGVGVPGAGVPGVGVPGAGVPGVGVPGAGVPGVGVPGAGVPGVGVPGAGVPGVGVPGAGVPGVGVPGAGVPGVGVPGAGVPGVGVPGAGVPGVGVPGAGVPGVGVPGAGVPGVGVPGAGVPGVGVPGAGVPGVGVPGAGVPGVGVPGAGVPGVGVPGAGVPGVGVPGAGVPGVGVPGAGVPGVGVPGAGVPGVGVPGAGVPGVGVPGAGVPGVGVPGAGVPGVGVPGAGVPGVGVPGAGVPGVGVPGAGVPGVGVPGAGVPGVGVPGAGVPGVGVPGAGVPGVGVPGAGVPGVGVPGAGVPGVGVPGAGVPGVGVPGAGVPGVGVPGAGVPGVGVPGAGVPGVGVPGAGVPGVGVPGAGVPGVGVPGAGVPGVGVPGAGVPGVGVPGAGVP,1
114,LLPS001646,GVGVPGAGVPGAGVPGAGVPGAGVPGVGVPGAGVPGAGVPGAGVPGAGVPGVGVPGAGVPGAGVPGAGVPGAGVPGVGVPGAGVPGAGVPGAGVPGAGVPGVGVPGAGVPGAGVPGAGVPGAGVPGVGVPGAGVPGAGVPGAGVPGAGVPGVGVPGAGVPGAGVPGAGVPGAGVPGVGVPGAGVPGAGVPGAGVPGAGVPGVGVPGAGVPGAGVPGAGVPGAGVPGVGVPGAGVPGAGVPGAGVPGAGVPGVGVPGAGVPGAGVPGAGVPGAGVPGVGVPGAGVPGAGVPGAGVPGAGVPGVGVPGAGVPGAGVPGAGVPGAGVPGVGVPGAGVPGAGVPGAGVPGAGVPGVGVPGAGVPGAGVPGAGVPGAGVPGVGVPGAGVPGAGVPGAGVPGAGVP,1
115,LLPS001775,MGSSHHHHHHSSGLVPRGSHMASGRGGLGGQGAGAAAAAGGAGQGGYGGLGSQGTSGRGGLGGQGAGAAAAAGGAGQGGYGGLGSQGTSGRGGLGGQGAGAAAAAGGAGQGGYGGLGSQGTSGRGGLGGQGAGAAAAAGGAGQGGYGGLGSQGTSGRGGLGGQGAGAAAAAGGAGQGGYGGLGSQGTSGRGGLGGQGAGAAAAAGGAGQGGYGGLGSQGTSGRGGLGGQGAGAAAAAGGAGQGGYGGLGSQGTSGRGGLGGQGAGAAAAAGGAGQGGYGGLGSQGTSGRGGLGGQGAGAAAAAGGAGQGGYGGLGSQGTSGRGGLGGQGAGAAAAAGGAGQGGYGGLGSQGTSGRGGLGGQGAGAAAAAGGAGQGGYGGLGSQGTSGRGGLGGQGAGAAAAAGGAGQGGYGGLGSQGTSGRGGLGGQGAGAAAAAGGAGQGGYGGLGSQGTSGRGGLGGQGAGAAAAAGGAGQGGYGGLGSQGTSGRGGLGGQGAGAAAAAGGAGQGGYGGLGSQGTSGRGGLGGQGAGAAAAAGGAGQGGYGGLGSQGTSLEHHHHHH,1
116,LLPS001776,MGSSHHHHHHSSGLVPRGSHMASGPGGYGPGQQGPSGPGSAAAAAAAAGPGGYGPGQQTSGPGGYGPGQQGPSGPGSAAAAAAAAGPGGYGPGQQTSGPGGYGPGQQGPSGPGSAAAAAAAAGPGGYGPGQQTSGPGGYGPGQQGPSGPGSAAAAAAAAGPGGYGPGQQTSGPGGYGPGQQGPSGPGSAAAAAAAAGPGGYGPGQQTSGPGGYGPGQQGPSGPGSAAAAAAAAGPGGYGPGQQTSGPGGYGPGQQGPSGPGSAAAAAAAAGPGGYGPGQQTSGPGGYGPGQQGPSGPGSAAAAAAAAGPGGYGPGQQTSGPGGYGPGQQGPSGPGSAAAAAAAAGPGGYGPGQQTSGPGGYGPGQQGPSGPGSAAAAAAAAGPGGYGPGQQTSGPGGYGPGQQGPSGPGSAAAAAAAAGPGGYGPGQQTSGPGGYGPGQQGPSGPGSAAAAAAAAGPGGYGPGQQTSGPGGYGPGQQGPSGPGSAAAAAAAAGPGGYGPGQQTSGPGGYGPGQQGPSGPGSAAAAAAAAGPGGYGPGQQTSGPGGYGPGQQGPSGPGSAAAAAAAAGPGGYGPGQQTSGPGGYGPGQQGPSGPGSAAAAAAAAGPGGYGPGQQTSLEHHHHHH,1
117,LLPS001928,MGHHHHHHHHHHSSGHIDDDDKHMASGGRPSDSYGAPGGGNGGRPSDSYGAPGGGNGGRPSDSYGAPGGGNGGRPSDSYGAPGGGNTSGGRPSDSYGAPGGGNGGRPSDSYGAPGGGNGGRPSDSYGAPGGGNGGRPSDSYGAPGGGNTSGGRPSDSYGAPGGGNGGRPSDSYGAPGGGNGGRPSDSYGAPGGGNGGRPSDSYGAPGGGNTSGGRPSDSYGAPGGGNGGRPSDSYGAPGGGNGGRPSDSYGAPGGGNGGRPSDSYGAPGGGNTSGGRPSDSYGAPGGGNGGRPSDSYGAPGGGNGGRPSDSYGAPGGGNGGRPSDSYGAPGGGNTSGGRPSDSYGAPGGGNGGRPSDSYGAPGGGNGGRPSDSYGAPGGGNGGRPSDSYGAPGGGNTSGGRPSDSYGAPGGGNGGRPSDSYGAPGGGNGGRPSDSYGAPGGGNGGRPSDSYGAPGGGNTSGGRPSDSYGAPGGGNGGRPSDSYGAPGGGNGGRPSDSYGAPGGGNGGRPSDSYGAPGGGNTSLEDPAANKARKEAELAAATAEQ,1
118,LLPS001569,DDDDDDDDDDDDDDDDDDDDDDDDDDDDDDDDDDDDDDDDDDDDDDDDDDDDDDDDDDDDDDDDDDDDDDDDDDDDDDDDDDDDDDDDDDDDDDDDDDDD,1
119,LLPS001744,EEEEEEEEEEEEEEEEEEEEEEEEEEEEEEEEEEEEEEEEEEEEEEEEEEEEEEEEEEEEEEEEEEEEEEEEEEEEEEEEEEEEEEEEEEEEEEEEEEEE,1
120,LLPS002719,PRPRPRPRPRPRPRPRPRPRPRPRPRPRPRPRPRPRPRPRPRPRPRPRPR,1
121,LLPS002722,RGRGGRGRGGRGRGGRGRGGRGRGG,1
122,LLPS002696,KGKGGKGKGGKGKGGKGKGGKGKGG,1
123,LLPS002738,SKGPGRGDQPYQGRGDQPYQGRGDQPYQGRGDQPYQGRGDQPYQGRGDQPYQGRGDQPYQGRGDQPYQGRGDQPYQGRGDQPYQGRGDQPYQGRGDQPYQGRGDQPYQGRGDQPYQGRGDQPYQGRGDQPYQGRGDQPYQGRGDQPYQGRGDQPYQGRGDQPYQGY,1
124,LLPS002747,SKGPGRGDSPYSGRGDSPYSGRGDSPYSGRGDSPYSGRGDSPYSGRGDSPYSGRGDSPYSGRGDSPYSGRGDSPYSGRGDSPYSGRGDSPYSGRGDSPYSGRGDSPYSGRGDSPYSGRGDSPYSGRGDSPYSGRGDSPYSGRGDSPYSGRGDSPYSGRGDSPYSGY,1
125,LLPS002745,SKGPGRGDSPYQGRGDSPYQGRGDSPYQGRGDSPYQGRGDSPYQGRGDSPYQGRGDSPYQGRGDSPYQGRGDSPYQGRGDSPYQGRGDSPYQGRGDSPYQGRGDSPYQGRGDSPYQGRGDSPYQGRGDSPYQGRGDSPYQGRGDSPYQGRGDSPYQGRGDSPYQGY,1
126,LLPS002741,SKGPGRGDQPYSGRGDQPYSGRGDQPYSGRGDQPYSGRGDQPYSGRGDQPYSGRGDQPYSGRGDQPYSGRGDQPYSGRGDQPYSGRGDQPYSGRGDQPYSGRGDQPYSGRGDQPYSGRGDQPYSGRGDQPYSGRGDQPYSGRGDQPYSGRGDQPYSGRGDQPYSGY,1
