,sequence,partners,boundaries,length,llps_seq
P03372,MTMTLHTKASGMALLHQIQGNELEPLNRPQLKIPLERPLGEVYLDSSKPAVYNYPEGAAYEFNAAAAANAQVYGQTGLPYGPGSEAAAFGSNGLGGFPPLNSVSPSPLMLLHPPPQLSPFLQPHGQQVPYYLENEPSGYTVREAGPPAFYRPNSDNRRQGGRERLASTNDKGSMAMESAKETRYCAVCNDYASGYHYGVWSCEGCKAFFKRSIQGHNDYMCPATNQCTIDKNRRKSCQACRLRKCYEVGMMKGGIRKDRRGGRMLKHKRQRDDGEGRGEVGSAGDMRAANLWPSPLMIKRSKKNSLALSLTADQMVSALLDAEPPILYSEYDPTRPFSEASMMGLLTNLADRELVHMINWAKRVPGFVDLTLHDQVHLLECAWLEILMIGLVWRSMEHPGKLLFAPNLLLDRNQGKCVEGMVEIFDMLLATSSRFRMMNLQGEEFVCLKSIILLNSGVYTFLSSTLKSLEEKDHIHRVLDKITDTLIHLMAKAGLTLQQQHQRLAQLLLILSHIRHMSNKGMEHLYSMKCKNVVPLYDLLLEMLDAHRLHAPTSRGGASVEETDQSHLATAGSTSSHSLQKYYITGEAEGFPATV,1) TFF1e eRNA (not required but promotes LLPS),79-174,595,['PYGPGSEAAAFGSNGLGGFPPLNSVSPSPLMLLHPPPQLSPFLQPHGQQVPYYLENEPSGYTVREAGPPAFYRPNSDNRRQGGRERLASTNDKGSM']
Q9NQI0,MGDEDWEAEINPHMSSYVPIFEKDRYSGENGDNFNRTPASSSEMDDGPSRRDHFMKSGFASGRNFGNRDAGECNKRDNTSTMGGFGVGKSFGNRGFSNSRFEDGDSSGFWRESSNDCEDNPTRNRGFSKRGGYRDGNNSEASGPYRRGGRGSFRGCRGGFGLGSPNNDLDPDECMQRTGGLFGSRRPVLSGTGNGDTSQSRSGSGSERGGYKGLNEEVITGSGKNSWKSEAEGGESSDTQGPKVTYIPPPPPEDEDSIFAHYQTGINFDKYDTILVEVSGHDAPPAILTFEEANLCQTLNNNIAKAGYTKLTPVQKYSIPIILAGRDLMACAQTGSGKTAAFLLPILAHMMHDGITASRFKELQEPECIIVAPTRELVNQIYLEARKFSFGTCVRAVVIYGGTQLGHSIRQIVQGCNILCATPGRLMDIIGKEKIGLKQIKYLVLDEADRMLDMGFGPEMKKLISCPGMPSKEQRQTLMFSATFPEEIQRLAAEFLKSNYLFVAVGQVGGACRDVQQTVLQVGQFSKREKLVEILRNIGDERTMVFVETKKKADFIATFLCQEKISTTSIHGDREQREREQALGDFRFGKCPVLVATSVAARGLDIENVQHVINFDLPSTIDEYVHRIGRTGRCGNTGRAISFFDLESDNHLAQPLVKVLTDAQQDVPAWLEEIAFSTYIPGFSGSTRGNVFASVDTRKGKSTLNTAGFSSSQAPNPVDDESWD,N/A,1-236,724,['MGDEDWEAEINPHMSSYVPIFEKDRYSGENGDNFNRTPASSSEMDDGPSRRDHFMKSGFASGRNFGNRDAGECNKRDNTSTMGGFGVGKSFGNRGFSNSRFEDGDSSGFWRESSNDCEDNPTRNRGFSKRGGYRDGNNSEASGPYRRGGRGSFRGCRGGFGLGSPNNDLDPDECMQRTGGLFGSRRPVLSGTGNGDTSQSRSGSGSERGGYKGLNEEVITGSGKNSWKSEAEGGES']
P35637,MASNDYTQQATQSYGAYPTQPGQGYSQQSSQPYGQQSYSGYSQSTDTSGYGQSSYSSYGQSQNTGYGTQSTPQGYGSTGGYGSSQSSQSSYGQQSSYPGYGQQPAPSSTSGSYGSSSQSSSYGQPQSGSYSQQPSYGGQQQSYGQQQSYNPPQGYGQQNQYNSSSGGGGGGGGGGNYGQDQSSMSSGGGSGGGYGNQDQSGGGGSGGYGQQDRGGRGRGGSGGGGGGGGGGYNRSSGGYEPRGRGGGRGGRGGMGGSDRGGFNKFGGPRDQGSRHDSEQDNSDNNTIFVQGLGENVTIESVADYFKQIGIIKTNKKTGQPMINLYTDRETGKLKGEATVSFDDPPSAKAAIDWFDGKEFSGNPIKVSFATRRADFNRGGGNGRGGRGRGGPMGRGGYGGGGSGGGGRGGFPSGGGGGGGQQRAGDWKCPNPTCENMNFSWRNECNQCKAPKPDGPGGGPGGSHMGGNYGDDRRGGRGGYDRGGYRGRGGDRGGFRGGRGGGDRGGFGPGKMDSRGEHRQDRRERPY,"1) poly(ADP-ribose) (not required, drives LLPS nucleation in cells)
2) RNA (induces/inhibits droplet formation in low/high concentrations)
3) karyopherin-Î²2 (weakens LLPS)
4) ATP (induces/inhibits droplet formation in low/high concentrations)",1-526,526,['MASNDYTQQATQSYGAYPTQPGQGYSQQSSQPYGQQSYSGYSQSTDTSGYGQSSYSSYGQSQNTGYGTQSTPQGYGSTGGYGSSQSSQSSYGQQSSYPGYGQQPAPSSTSGSYGSSSQSSSYGQPQSGSYSQQPSYGGQQQSYGQQQSYNPPQGYGQQNQYNSSSGGGGGGGGGGNYGQDQSSMSSGGGSGGGYGNQDQSGGGGSGGYGQQDRGGRGRGGSGGGGGGGGGGYNRSSGGYEPRGRGGGRGGRGGMGGSDRGGFNKFGGPRDQGSRHDSEQDNSDNNTIFVQGLGENVTIESVADYFKQIGIIKTNKKTGQPMINLYTDRETGKLKGEATVSFDDPPSAKAAIDWFDGKEFSGNPIKVSFATRRADFNRGGGNGRGGRGRGGPMGRGGYGGGGSGGGGRGGFPSGGGGGGGQQRAGDWKCPNPTCENMNFSWRNECNQCKAPKPDGPGGGPGGSHMGGNYGDDRRGGRGGYDRGGYRGRGGDRGGFRGGRGGGDRGGFGPGKMDSRGEHRQDRRERPY']
Q9VD51,MSIREKLLMKKIVKREKMKKELSQKKGNKNAQKQEPPKQNGNKPSKKPEKLSKKHVAKDEDDDLEEDFQEAPLPKKKQQKQPPKKQQIQVANSDSESDDDEQEDEADEDSDLDEVAEVDEEDVDSGSEDDDQQEDEDEEEPVPAKKTKLLPNKSKAQNGKPAKDDEPFTVESSLAALDYRDSDDRSFASLKGAVSEATLRAIKEMGFTEMTEIQSKSLTPLLKGRDLVGAAQTGSGKTLAFLIPAVELINKLRFMPRNGTGVIIISPTRELSMQTFGVLKELMAHHHHTYGLVMGGSNRQVESEKLGKGINILVATPGRLLDHLQNSPDFLYKNLQCLIIDEVDRILEIGFEEELKQIINLLPKRRQTMLFSATQTARIEALSKLALKSEPIYVGVHDNQDTATVDGLEQGYIVCPSEKRLLVLFTFLKKNRKKKVMVFFSSCMSVKYHHELFNYIDLPVTSIHGKQKQTKRTTTFFQFCNAESGILLCTDVAARGLDIPQVDWIVQYDPPDDPREYIHRVGRTARGSGTSGHALLLMRPEELGFLRYLKAAKVPLNEFEFSWQKIADIQLQLEKLIAKNYFLNQSAKEAFKSYVRAYDSHQLKQIFNVNTLDLQAVAKSFGFLVPPVVDLKVGAAKRERPEKRVGGGGFGFYKKMNEGSASKQRHFKQVNRDQAKKFMR,"1) rDNA (modulates the kinetics, variability of the process but not required)",1-680,680,['MSIREKLLMKKIVKREKMKKELSQKKGNKNAQKQEPPKQNGNKPSKKPEKLSKKHVAKDEDDDLEEDFQEAPLPKKKQQKQPPKKQQIQVANSDSESDDDEQEDEADEDSDLDEVAEVDEEDVDSGSEDDDQQEDEDEEEPVPAKKTKLLPNKSKAQNGKPAKDDEPFTVESSLAALDYRDSDDRSFASLKGAVSEATLRAIKEMGFTEMTEIQSKSLTPLLKGRDLVGAAQTGSGKTLAFLIPAVELINKLRFMPRNGTGVIIISPTRELSMQTFGVLKELMAHHHHTYGLVMGGSNRQVESEKLGKGINILVATPGRLLDHLQNSPDFLYKNLQCLIIDEVDRILEIGFEEELKQIINLLPKRRQTMLFSATQTARIEALSKLALKSEPIYVGVHDNQDTATVDGLEQGYIVCPSEKRLLVLFTFLKKNRKKKVMVFFSSCMSVKYHHELFNYIDLPVTSIHGKQKQTKRTTTFFQFCNAESGILLCTDVAARGLDIPQVDWIVQYDPPDDPREYIHRVGRTARGSGTSGHALLLMRPEELGFLRYLKAAKVPLNEFEFSWQKIADIQLQLEKLIAKNYFLNQSAKEAFKSYVRAYDSHQLKQIFNVNTLDLQAVAKSFGFLVPPVVDLKVGAAKRERPEKRVGGGGFGFYKKMNEGSASKQRHFKQVNRDQAKKFMR']
Q01844,MASTDYSTYSQAAAQQGYSAYTAQPTQGYAQTTQAYGQQSYGTYGQPTDVSYTQAQTTATYGQTAYATSYGQPPTGYTTPTAPQAYSQPVQGYGTGAYDTTTATVTTTQASYAAQSAYGTQPAYPAYGQQPAATAPTRPQDGNKPTETSQPQSSTGGYNQPSLGYGQSNYSYPQVPGSYPMQPVTAPPSYPPTSYSSTQPTSYDQSSYSQQNTYGQPSSYGQQSSYGQQSSYGQQPPTSYPPQTGSYSQAPSQYSQQSSSYGQQSSFRQDHPSSMGVYGQESGGFSGPGENRSMSGPDNRGRGRGGFDRGGMSRGGRGGGRGGMGSAGERGGFNKPGGPMDEGPDLDLGPPVDPDEDSDNSAIYVQGLNDSVTLDDLADFFKQCGVVKMNKRTGQPMIHIYLDKETGKPKGDATVSYEDPPTAKAAVEWFDGKDFQGSKLKVSLARKKPPMNSMRGGLPPREGRGMPPPLRGGPGGPGGPGGPMGRMGGRGGDRGGFPPRGPRGSRGNPSGGGNVQHRAGDWQCPNPGCGNQNFAWRTECNQCKAPKPEGFLPPPFPPPGGDRGRGGPGGMRGGRGGLMDRGGPGGMFRGGRGGDRGGFRGGRGMDRGGFGGGRRGGPGGPPGPLMEQMGGRRGGRGGPGKMDKGEHRQERRDRPY,"1) poly(ADP-ribose) (drives LLPS nucleation in cells)
2) RNA (induces/inhibits droplet formation in low/high concentrations)",1-285; 286-360; 361-447,656,"['MASTDYSTYSQAAAQQGYSAYTAQPTQGYAQTTQAYGQQSYGTYGQPTDVSYTQAQTTATYGQTAYATSYGQPPTGYTTPTAPQAYSQPVQGYGTGAYDTTTATVTTTQASYAAQSAYGTQPAYPAYGQQPAATAPTRPQDGNKPTETSQPQSSTGGYNQPSLGYGQSNYSYPQVPGSYPMQPVTAPPSYPPTSYSSTQPTSYDQSSYSQQNTYGQPSSYGQQSSYGQQSSYGQQPPTSYPPQTGSYSQAPSQYSQQSSSYGQQSSFRQDHPSSMGVYGQESGGF', 'SGPGENRSMSGPDNRGRGRGGFDRGGMSRGGRGGGRGGMGSAGERGGFNKPGGPMDEGPDLDLGPPVDPDEDSDN', 'SAIYVQGLNDSVTLDDLADFFKQCGVVKMNKRTGQPMIHIYLDKETGKPKGDATVSYEDPPTAKAAVEWFDGKDFQGSKLKVSLARK']"
P52948,MFNKSFGTPFGGGTGGFGTTSTFGQNTGFGTTSGGAFGTSAFGSSNNTGGLFGNSQTKPGGLFGTSSFSQPATSTSTGFGFGTSTGTANTLFGTASTGTSLFSSQNNAFAQNKPTGFGNFGTSTSSGGLFGTTNTTSNPFGSTSGSLFGPSSFTAAPTGTTIKFNPPTGTDTMVKAGVSTNISTKHQCITAMKEYESKSLEELRLEDYQANRKGPQNQVGAGTTTGLFGSSPATSSATGLFSSSTTNSGFAYGQNKTAFGTSTTGFGTNPGGLFGQQNQQTTSLFSKPFGQATTTQNTGFSFGNTSTIGQPSTNTMGLFGVTQASQPGGLFGTATNTSTGTAFGTGTGLFGQTNTGFGAVGSTLFGNNKLTTFGSSTTSAPSFGTTSGGLFGNKPTLTLGTNTNTSNFGFGTNTSGNSIFGSKPAPGTLGTGLGAGFGTALGAGQASLFGNNQPKIGGPLGTGAFGAPGFNTTTATLGFGAPQAPVALTDPNASAAQQAVLQQHINSLTYSPFGDSPLFRNPMSDPKKKEERLKPTNPAAQKALTTPTHYKLTPRPATRVRPKALQTTGTAKSHLFDGLDDDEPSLANGAFMPKKSIKKLVLKNLNNSNLFSPVNRDSENLASPSEYPENGERFSFLSKPVDENHQQDGDEDSLVSHFYTNPIAKPIPQTPESAGNKHSNSNSVDDTIVALNMRAALRNGLEGSSEETSFHDESLQDDREEIENNSYHMHPAGIILTKVGYYTIPSMDDLAKITNEKGECIVSDFTIGRKGYGSIYFEGDVNLTNLNLDDIVHIRRKEVVVYLDDNQKPPVGEGLNRKAEVTLDGVWPTDKTSRCLIKSPDRLADINYEGRLEAVSRKQGAQFKEYRPETGSWVFKVSHFSKYGLQDSDEEEEEHPSKTSTKKLKTAPLPPASQTTPLQMALNGKPAPPPQSQSPEVEQLGRVVELDSDMVDITQEPVLDTMLEESMPEDQEPVSASTHIASSLGINPHVLQIMKASLLTDEEDVDMALDQRFSRLPSKADTSQEICSPRLPISASHSSKTRSLVGGLLQSKFTSGAFLSPSVSVQECRTPRAASLMNIPSTSSWSVPPPLTSVFTMPSPAPEVPLKTVGTRRQLGLVPREKSVTYGKGKLLMDMALFMGRSFRVGWGPNWTLANSGEQLNGSHELENHQIADSMEFGFLPNPVAVKPLTESPFKVHLEKLSLRQRKPDEDMKLYQTPLELKLKHSTVHVDELCPLIVPNLGVAVIHDYADWVKEASGDLPEAQIVKHWSLTWTLCEALWGHLKELDSQLNEPREYIQILERRRAFSRWLSCTATPQIEEEVSLTQKNSPVEAVFSYLTGKRISEACSLAQQSGDHRLALLLSQFVGSQSVRELLTMQLVDWHQLQADSFIQDERLRIFALLAGKPVWQLSEKKQINVCSQLDWKRSLAIHLWYLLPPTASISRALSMYEEAFQNTSDSDRYACSPLPSYLEGSGCVIAEEQNSQTPLRDVCFHLLKLYSDRHYDLNQLLEPRSITADPLDYRLSWHLWEVLRALNYTHLSAQCEGVLQASYAGQLESEGLWEWAIFVLLHIDNSGIREKAVRELLTRHCQLLETPESWAKETFLTQKLRVPAKWIHEAKAVRAHMESDKHLEALCLFKAEHWNRCHKLIIRHLASDAIINENYDYLKGFLEDLAPPERSSLIQDWETSGLVYLDYIRVIEMLRHIQQVDCSGNDLEQLHIKVTSLCSRIEQIQCYSAKDRLAQSDMAKRVANLLRVVLSLHHPPDRTSDSTPDPQRVPLRLLAPHIGRLPMPEDYAMDELRSLTQSYLRELAVGSL,N/A,1-500,1817,['MFNKSFGTPFGGGTGGFGTTSTFGQNTGFGTTSGGAFGTSAFGSSNNTGGLFGNSQTKPGGLFGTSSFSQPATSTSTGFGFGTSTGTANTLFGTASTGTSLFSSQNNAFAQNKPTGFGNFGTSTSSGGLFGTTNTTSNPFGSTSGSLFGPSSFTAAPTGTTIKFNPPTGTDTMVKAGVSTNISTKHQCITAMKEYESKSLEELRLEDYQANRKGPQNQVGAGTTTGLFGSSPATSSATGLFSSSTTNSGFAYGQNKTAFGTSTTGFGTNPGGLFGQQNQQTTSLFSKPFGQATTTQNTGFSFGNTSTIGQPSTNTMGLFGVTQASQPGGLFGTATNTSTGTAFGTGTGLFGQTNTGFGAVGSTLFGNNKLTTFGSSTTSAPSFGTTSGGLFGNKPTLTLGTNTNTSNFGFGTNTSGNSIFGSKPAPGTLGTGLGAGFGTALGAGQASLFGNNQPKIGGPLGTGAFGAPGFNTTTATLGFGAPQAPVALTDPNASAAQQAV']
P04147,MADITDKTAEQLENLNIQDDQKQAATGSESQSVENSSASLYVGDLEPSVSEAHLYDIFSPIGSVSSIRVCRDAITKTSLGYAYVNFNDHEAGRKAIEQLNYTPIKGRLCRIMWSQRDPSLRKKGSGNIFIKNLHPDIDNKALYDTFSVFGDILSSKIATDENGKSKGFGFVHFEEEGAAKEAIDALNGMLLNGQEIYVAPHLSRKERDSQLEETKAHYTNLYVKNINSETTDEQFQELFAKFGPIVSASLEKDADGKLKGFGFVNYEKHEDAVKAVEALNDSELNGEKLYVGRAQKKNERMHVLKKQYEAYRLEKMAKYQGVNLFVKNLDDSVDDEKLEEEFAPYGTITSAKVMRTENGKSKGFGFVCFSTPEEATKAITEKNQQIVAGKPLYVAIAQRKDVRRSQLAQQIQARNQMRYQQATAAAAAAAAGMPGQFMPPMFYGVMPPRGVPFNGPNPQQMNPMGGMPKNGMPPQFRNGPVYGVPPQGGFPRNANDNNQFYQQKQRQALGEQLYKKVSAKTSNEEAAGKITGMILDLPPQEVFPLLESDELFEQHYKEASAAYESFKKEQEQQTEQA,1) RNA (inhibitor of LLPS),38-400; 419-502,577,"['ASLYVGDLEPSVSEAHLYDIFSPIGSVSSIRVCRDAITKTSLGYAYVNFNDHEAGRKAIEQLNYTPIKGRLCRIMWSQRDPSLRKKGSGNIFIKNLHPDIDNKALYDTFSVFGDILSSKIATDENGKSKGFGFVHFEEEGAAKEAIDALNGMLLNGQEIYVAPHLSRKERDSQLEETKAHYTNLYVKNINSETTDEQFQELFAKFGPIVSASLEKDADGKLKGFGFVNYEKHEDAVKAVEALNDSELNGEKLYVGRAQKKNERMHVLKKQYEAYRLEKMAKYQGVNLFVKNLDDSVDDEKLEEEFAPYGTITSAKVMRTENGKSKGFGFVCFSTPEEATKAITEKNQQIVAGKPLYVAIAQRK', 'YQQATAAAAAAAAGMPGQFMPPMFYGVMPPRGVPFNGPNPQQMNPMGGMPKNGMPPQFRNGPVYGVPPQGGFPRNANDNNQFYQ']"
Q16082,MSGRSVPHAHPATAEYEFANPSRLGEQRFGEGLLPEEILTPTLYHGYYVRPRAAPAGEGSRAGASELRLSEGKFQAFLDVSHFTPDEVTVRTVDNLLEVSARHPQRLDRHGFVSREFCRTYVLPADVDPWRVRAALSHDGILNLEAPRGGRHLDTEVNEVYISLLPAPPDPEEEEEAAIVEP,"1) HSPB3 (negatively affects HSPB2 LLPS)
2) LMNA (colocalizes with HSPB2 in nuclear foci)",147-182,182,['PRGGRHLDTEVNEVYISLLPAPPDPEEEEEAAIVEP']
P25158-2,MTIIESNYISVREEYPDIDSEVRAILLSHAQNGITISSIKSEYRKLTGNPFPLHDNVTDFLLTIPNVTAECSESGKRIFNLKASLKNGHLLDMVLNQKERTSDYSSGAPSLENIPRAPPRYWKNPFKRRALSQLNTSPRTVPKITDEKTKDIATRPVSLHQMANEAAESNWCYQDNWKHLNNFYQQASVNAPKMPVPINIYSPDAPEEPINLAPPGHQPSCRTQSQKTEPTENRHLGIFVHPFNGMNIMKRRHEMTPTPTILTSGTYNDSLLTINSDYDAYLLDFPLMGDDFMLYLARMELKCRFRRHERVLQSGLCVSGLTINGARNRLKRVQLPEGTQIIVNIGSVDIMRGKPLVQIEHDFRLLIKEMHNMRLVPILTNLAPLGNYCHDKVLCDKIYRFNKFIRSECCHLKVIDIHSCLINERGVVRFDCFQASPRQVTGSKEPYLFWNKIGRQRVLQVIETSLEY,1) VASA (not required but promotes LLPS),1-468,468,['MTIIESNYISVREEYPDIDSEVRAILLSHAQNGITISSIKSEYRKLTGNPFPLHDNVTDFLLTIPNVTAECSESGKRIFNLKASLKNGHLLDMVLNQKERTSDYSSGAPSLENIPRAPPRYWKNPFKRRALSQLNTSPRTVPKITDEKTKDIATRPVSLHQMANEAAESNWCYQDNWKHLNNFYQQASVNAPKMPVPINIYSPDAPEEPINLAPPGHQPSCRTQSQKTEPTENRHLGIFVHPFNGMNIMKRRHEMTPTPTILTSGTYNDSLLTINSDYDAYLLDFPLMGDDFMLYLARMELKCRFRRHERVLQSGLCVSGLTINGARNRLKRVQLPEGTQIIVNIGSVDIMRGKPLVQIEHDFRLLIKEMHNMRLVPILTNLAPLGNYCHDKVLCDKIYRFNKFIRSECCHLKVIDIHSCLINERGVVRFDCFQASPRQVTGSKEPYLFWNKIGRQRVLQVIETSLEY']
Q13627,MHTGGETSACKPSSVRLAPSFSFHAAGLQMAGQMPHSHQYSDRRQPNISDQQVSALSYSDQIQQPLTNQVMPDIVMLQRRMPQTFRDPATAPLRKLSVDLIKTYKHINEVYYAKKKRRHQQGQGDDSSHKKERKVYNDGYDDDNYDYIVKNGEKWMDRYEIDSLIGKGSFGQVVKAYDRVEQEWVAIKIIKNKKAFLNQAQIEVRLLELMNKHDTEMKYYIVHLKRHFMFRNHLCLVFEMLSYNLYDLLRNTNFRGVSLNLTRKFAQQMCTALLFLATPELSIIHCDLKPENILLCNPKRSAIKIVDFGSSCQLGQRIYQYIQSRFYRSPEVLLGMPYDLAIDMWSLGCILVEMHTGEPLFSGANEVDQMNKIVEVLGIPPAHILDQAPKARKFFEKLPDGTWNLKKTKDGKREYKPPGTRKLHNILGVETGGPGGRRAGESGHTVADYLKFKDLILRMLDYDPKTRIQPYYALQHSFFKKTADEGTNTSNSVSTSPAMEQSQSSGTTSSTSSSSGGSSGTSNSGRARSDPTHQHRHSGGHFTAAVQAMDCETHSPQVRQQFPAPLGWSGTEAPTQVTVETHPVQETTFHVAPQQNALHHHHGNSSHHHHHHHHHHHHHGQQALGNRTRPRVYNSPTNSSSTQDSMEVGHSHHSMTSLSSSTTSSSTSSSSTGNQGNQAYQNRPVAANTLDFGQNGAMDVNLTVYSNPRQETGIAGHPTYQFSANTGPAHYMTEGHLTMRQGADREESPMTGVCVQQSPVASS,N/A,491-686,763,['NSVSTSPAMEQSQSSGTTSSTSSSSGGSSGTSNSGRARSDPTHQHRHSGGHFTAAVQAMDCETHSPQVRQQFPAPLGWSGTEAPTQVTVETHPVQETTFHVAPQQNALHHHHGNSSHHHHHHHHHHHHHGQQALGNRTRPRVYNSPTNSSSTQDSMEVGHSHHSMTSLSSSTTSSSTSSSSTGNQGNQAYQNRPVA']
Q9U2F5,MATSFYTGGGEDGDGFNPRVHARIAEREGFQLASGSEDPRTLFVANLDPAITDEFLATLFNQIGAVMKAKIIFEGLNDPYAFVEFSDHNQATLALQSHNGRELLEKEMHVTWAFEPREPGENRSKPETSRHFHVFVGDLCSEIDSTKLREAFVKFGEVSEAKIIRDNNTNKGKGYGFVSYPRREDAERAIDEMNGAWLGRRTIRTNWATRKPDEDGERGGDRGDRRGGGGGGRDRYHNQSEKTYDEIFNQAAADNTSVYVGNIANLGEDEIRRAFDRFGPINEVRTFKIQGYAFVKFETKESAARAIVQMNNADIGGQIVRCSWGKSGDSGKPSERGSGGGGGSGNYGYGYGNSGGGGGSGGPGNSQFSNFNQRPPPSGNGGSGGGSGGQNNQYWQYYSQYYNNPHLMQQWNNYWQKDGPPPPPAAAASSTGGN,N/A,328-434,434,['GDSGKPSERGSGGGGGSGNYGYGYGNSGGGGGSGGPGNSQFSNFNQRPPPSGNGGSGGGSGGQNNQYWQYYSQYYNNPHLMQQWNNYWQKDGPPPPPAAAASSTGGN']
P05453,MSDSNQGNNQQNYQQYSQNGNQQQGNNRYQGYQAYNAQAQPAGGYYQNYQGYSGYQQGGYQQYNPDAGYQQQYNPQGGYQQYNPQGGYQQQFNPQGGRGNYKNFNYNNNLQGYQAGFQPQSQGMSLNDFQKQQKQAAPKPKKTLKLVSSSGIKLANATKKVGTKPAESDKKEEEKSAETKEPTKEPTKVEEPVKKEEKPVQTEEKTEEKSELPKVEDLKISESTHNTNNANVTSADALIKEQEEEVDDEVVNDMFGGKDHVSLIFMGHVDAGKSTMGGNLLYLTGSVDKRTIEKYEREAKDAGRQGWYLSWVMDTNKEERNDGKTIEVGKAYFETEKRRYTILDAPGHKMYVSEMIGGASQADVGVLVISARKGEYETGFERGGQTREHALLAKTQGVNKMVVVVNKMDDPTVNWSKERYDQCVSNVSNFLRAIGYNIKTDVVFMPVSGYSGANLKDHVDPKECPWYTGPTLLEYLDTMNHVDRHINAPFMLPIAAKMKDLGTIVEGKIESGHIKKGQSTLLMPNKTAVEIQNIYNETENEVDMAMCGEQVKLRIKGVEEEDISPGFVLTSPKNPIKSVTKFVAQIAIVELKSIIAAGFSCVMHVHTAIEEVHIVKLLHKLEKGTNRKSKKPPAFAKKGMKVIAVLETEAPVCVETYQDYPQLGRFTLRDQGTTIAIGKIVKIAE,N/A,5-250,685,['NQGNNQQNYQQYSQNGNQQQGNNRYQGYQAYNAQAQPAGGYYQNYQGYSGYQQGGYQQYNPDAGYQQQYNPQGGYQQYNPQGGYQQQFNPQGGRGNYKNFNYNNNLQGYQAGFQPQSQGMSLNDFQKQQKQAAPKPKKTLKLVSSSGIKLANATKKVGTKPAESDKKEEEKSAETKEPTKEPTKVEEPVKKEEKPVQTEEKTEEKSELPKVEDLKISESTHNTNNANVTSADALIKEQEEEVDDEV']
D8V196,MGDYGFGVLVQNNTGNKSAFPVRFHPHLQPPHHHQNTTPSPAAFINNTAANGSNAGSAWLFPAPAAHNIQDEILGSEKSKSQQQQQQEQQESLEKQQLSPSQSQEAGILPDPEKVKSEENQGDSSSENGKDKIRIESPVLTGFDYQEASGLGSSNQTLTSSASPLTGFSNWSAAIAPSSSTMINEDASFFHQGGVPAASANNGALLFQNFPHHVSPGFGGSFSPQIGPLSQHHPHHPHFQHHHNQHQQQRRSPASPHPPPFTHRNAAFNQLPHLANNLNKPPSPWSSYQSPSPTPSSSWSPGGSGYGGWGGSQGRDHRRGLNGGITPLNSISPLKKNFGNNHIQLQKYGRPNSAFAPKSWMDDSLNRADNIFPFADRTRAFDMHSLESSLIDIMRAENDSLKGQSSLFPMEDGFLDDGRSDQPLHSGLGSPHCFPHQNGERVERYSRKVFVGGLPPDIDEDEITASFRRFGPLIVDWPHKAESKSYFPPKGYAFLLFQDESSVQALIDACIEEDGKLYLCVSSPTIKDKPVQIRPWNLSDSDFVMDGSQPLDPRKTIFVGGVPRPLRAVELAMIMDRLYGGVCYAGIDTDPELKYPKGAGRVAFSNQQSYIAAISARFVQLQHGEIDKRVEVKPYVLDDQLCDECQGARCSGKFAPFFCANVTCLQYYCEYCWAAIHSRAGREFHKPLVKEGGDRPRHISFRWN,1) CPE-containing mRNAs (not required but influences dynamics),1-409,704,['MGDYGFGVLVQNNTGNKSAFPVRFHPHLQPPHHHQNTTPSPAAFINNTAANGSNAGSAWLFPAPAAHNIQDEILGSEKSKSQQQQQQEQQESLEKQQLSPSQSQEAGILPDPEKVKSEENQGDSSSENGKDKIRIESPVLTGFDYQEASGLGSSNQTLTSSASPLTGFSNWSAAIAPSSSTMINEDASFFHQGGVPAASANNGALLFQNFPHHVSPGFGGSFSPQIGPLSQHHPHHPHFQHHHNQHQQQRRSPASPHPPPFTHRNAAFNQLPHLANNLNKPPSPWSSYQSPSPTPSSSWSPGGSGYGGWGGSQGRDHRRGLNGGITPLNSISPLKKNFGNNHIQLQKYGRPNSAFAPKSWMDDSLNRADNIFPFADRTRAFDMHSLESSLIDIMRAENDSLKGQSSLFP']
P31483,MEDEMPKTLYVGNLSRDVTEALILQLFSQIGPCKNCKMIMDTAGNDPYCFVEFHEHRHAAAALAAMNGRKIMGKEVKVNWATTPSSQKKDTSSSTVVSTQRSQDHFHVFVGDLSPEITTEDIKAAFAPFGRISDARVVKDMATGKSKGYGFVSFFNKWDAENAIQQMGGQWLGGRQIRTNWATRKPPAPKSTYESNTKQLSYDEVVNQSSPSNCTVYCGGVTSGLTEQLMRQTFSPFGQIMEIRVFPDKGYSFVRFNSHESAAHAIVSVNGTTIEGHVVKCYWGKETLDMINPVQQQNQIGYPQPYGQWGQWYGNAQQIGQYMPNGWQVPAYGMYGQAWNQQGFNQTQSSAPWMGPNYGVQPPQGQNGSMLPNQPSGYRVAGYETQ,1) RNA,1-386,386,['MEDEMPKTLYVGNLSRDVTEALILQLFSQIGPCKNCKMIMDTAGNDPYCFVEFHEHRHAAAALAAMNGRKIMGKEVKVNWATTPSSQKKDTSSSTVVSTQRSQDHFHVFVGDLSPEITTEDIKAAFAPFGRISDARVVKDMATGKSKGYGFVSFFNKWDAENAIQQMGGQWLGGRQIRTNWATRKPPAPKSTYESNTKQLSYDEVVNQSSPSNCTVYCGGVTSGLTEQLMRQTFSPFGQIMEIRVFPDKGYSFVRFNSHESAAHAIVSVNGTTIEGHVVKCYWGKETLDMINPVQQQNQIGYPQPYGQWGQWYGNAQQIGQYMPNGWQVPAYGMYGQAWNQQGFNQTQSSAPWMGPNYGVQPPQGQNGSMLPNQPSGYRVAGYETQ']
Q9UHD9,MAENGESSGPPRPSRGPAAAQGSAAAPAEPKIIKVTVKTPKEKEEFAVPENSSVQQFKEAISKRFKSQTDQLVLIFAGKILKDQDTLIQHGIHDGLTVHLVIKSQNRPQGQSTQPSNAAGTNTTSASTPRSNSTPISTNSNPFGLGSLGGLAGLSSLGLSSTNFSELQSQMQQQLMASPEMMIQIMENPFVQSMLSNPDLMRQLIMANPQMQQLIQRNPEISHLLNNPDIMRQTLEIARNPAMMQEMMRNQDLALSNLESIPGGYNALRRMYTDIQEPMLNAAQEQFGGNPFASVGSSSSSGEGTQPSRTENRDPLPNPWAPPPATQSSATTSTTTSTGSGSGNSSSNATGNTVAAANYVASIFSTPGMQSLLQQITENPQLIQNMLSAPYMRSMMQSLSQNPDLAAQMMLNSPLFTANPQLQEQMRPQLPAFLQQMQNPDTLSAMSNPRAMQALMQIQQGLQTLATEAPGLIPSFTPGVGVGVLGTAIGPVGPVTPIGPIGPIVPFTPIGPIGPIGPTGPAAPPGSTGSGGPTGPTVSSAAPSETTSPTSESGPNQQFIQQMVQALAGANAPQLPNPEVRFQQQLEQLNAMGFLNREANLQALIATGGDINAAIERLLGSQPS,1) ubiquitinated substrates (negative regulator),450-624,624,['RAMQALMQIQQGLQTLATEAPGLIPSFTPGVGVGVLGTAIGPVGPVTPIGPIGPIVPFTPIGPIGPIGPTGPAAPPGSTGSGGPTGPTVSSAAPSETTSPTSESGPNQQFIQQMVQALAGANAPQLPNPEVRFQQQLEQLNAMGFLNREANLQALIATGGDINAAIERLLGSQPS']
P14907,MNFNTPQQNKTPFSFGTANNNSNTTNQNSSTGAGAFGTGQSTFGFNNSAPNNTNNANSSITPAFGSNNTGNTAFGNSNPTSNVFGSNNSTTNTFGSNSAGTSLFGSSSAQQTKSNGTAGGNTFGSSSLFNNSTNSNTTKPAFGGLNFGGGNNTTPSSTGNANTSNNLFGATANANKPAFSFGATTNDDKKTEPDKPAFSFNSSVGNKTDAQAPTTGFSFGSQLGGNKTVNEAAKPSLSFGSGSAGANPAGASQPEPTTNEPAKPALSFGTATSDNKTTNTTPSFSFGAKSDENKAGATSKPAFSFGAKPEEKKDDNSSKPAFSFGAKSNEDKQDGTAKPAFSFGAKPAEKNNNETSKPAFSFGAKSDEKKDGDASKPAFSFGAKPDENKASATSKPAFSFGAKPEEKKDDNSSKPAFSFGAKSNEDKQDGTAKPAFSFGAKPAEKNNNETSKPAFSFGAKSDEKKDGDASKPAFSFGAKSDEKKDSDSSKPAFSFGTKSNEKKDSGSSKPAFSFGAKPDEKKNDEVSKPAFSFGAKANEKKESDESKSAFSFGSKPTGKEEGDGAKAAISFGAKPEEQKSSDTSKPAFTFGAQKDNEKKTEESSTGKSTADVKSSDSLKLNSKPVELKPVSLDNKTLDDLVTKWTNQLTESASHFEQYTKKINSWDQVLVKGGEQISQLYSDAVMAEHSQNKIDQSLQYIERQQDELENFLDNFETKTEALLSDVVSTSSGAAANNNDQKRQQAYKTAQTLDENLNSLSSNLSSLIVEINNVSNTFNKTTNIDINNEDENIQLIKILNSHFDALRSLDDNSTSLEKQINSIKK,N/A,2-601,823,['NFNTPQQNKTPFSFGTANNNSNTTNQNSSTGAGAFGTGQSTFGFNNSAPNNTNNANSSITPAFGSNNTGNTAFGNSNPTSNVFGSNNSTTNTFGSNSAGTSLFGSSSAQQTKSNGTAGGNTFGSSSLFNNSTNSNTTKPAFGGLNFGGGNNTTPSSTGNANTSNNLFGATANANKPAFSFGATTNDDKKTEPDKPAFSFNSSVGNKTDAQAPTTGFSFGSQLGGNKTVNEAAKPSLSFGSGSAGANPAGASQPEPTTNEPAKPALSFGTATSDNKTTNTTPSFSFGAKSDENKAGATSKPAFSFGAKPEEKKDDNSSKPAFSFGAKSNEDKQDGTAKPAFSFGAKPAEKNNNETSKPAFSFGAKSDEKKDGDASKPAFSFGAKPDENKASATSKPAFSFGAKPEEKKDDNSSKPAFSFGAKSNEDKQDGTAKPAFSFGAKPAEKNNNETSKPAFSFGAKSDEKKDGDASKPAFSFGAKSDEKKDSDSSKPAFSFGTKSNEKKDSGSSKPAFSFGAKPDEKKNDEVSKPAFSFGAKANEKKESDESKSAFSFGSKPTGKEEGDGAKAAISFGAKPEEQKSSDTSKPAFTFGAQKDNEKKTE']
P53297,MKGNFRKRDSSTNSRKGGNSDSNYTNGGVPNQNNSSMFYENPEITRNFDDRQDYLLANSIGSDVTVTVTSGVKYTGLLVSCNLESTNGIDVVLRFPRVADSGVSDSVDDLAKTLGETLLIHGEDVAELELKNIDLSLDEKWENSKAQETTPARTNIEKERVNGESNEVTKFRTDVDISGSGREIKERKLEKWTPEEGAEHFDINKGKALEDDSASWDQFAVNEKKFGVKSTFDEHLYTTKINKDDPNYSKRLQEAERIAKEIESQGTSGNIHIAEDRGIIIDDSGLDEEDLYSGVDRRGDELLAALKSNSKPNSNKGNRYVPPTLRQQPHHMDPAIISSSNSNKNENAVSTDTSTPAAAGAPEGKPPQKTSKNKKSLSSKEAQIEELKKFSEKFKVPYDIPKDMLEVLKRSSSTLKSNSSLPPKPISKTPSAKTVSPTTQISAGKSESRRSGSNISQGQSSTGHTTRSSTSLRRRNHGSFFGAKNPHTNDAKRVLFGKSFNMFIKSKEAHDEKKKGDDASENMEPFFIEKPYFTAPTWLNTIEESYKTFFPDEDTAIQEAQTRFQQRQLNSMGNAVPGMNPAMGMNMGGMMGFPMGGPSASPNPMMNGFAAGSMGMYMPFQPQPMFYHPSMPQMMPVMGSNGAEEGGGNISPHVPAGFMAAGPGAPMGAFGYPGGIPFQGMMGSGPSGMPANGSAMHSHGHSRNYHQTSHHGHHNSSTSGHK,"1) Pbp4
2) Lsm12
3) TORC1
4) Kog1",571-722,722,['SMGNAVPGMNPAMGMNMGGMMGFPMGGPSASPNPMMNGFAAGSMGMYMPFQPQPMFYHPSMPQMMPVMGSNGAEEGGGNISPHVPAGFMAAGPGAPMGAFGYPGGIPFQGMMGSGPSGMPANGSAMHSHGHSRNYHQTSHHGHHNSSTSGHK']
P17931,MADNFSLHDALSGSGNPNPQGWPGAWGNQPAGAGGYPGASYPGAYPGQAPPGAYPGQAPPGAYPGAPGAYPGAPAPGVYPGPPSGPGAYPSSGQPSATGAYPATGPYGAPAGPLIVPYNLPLPGGVVPRMLITILGTVKPNANRIALDFQRGNDVAFHFNPRFNENNRRVIVCNTKLDNNWGREERQSVFPFESGKPFKIQVLVEPDHFKVAVNDAHLLQYNHRVKKLNEISKLGISGDIDLTSASYTMI,1) glycoconjugated extracellular domains of transmembrane receptors,20-100,250,['QGWPGAWGNQPAGAGGYPGASYPGAYPGQAPPGAYPGQAPPGAYPGAPGAYPGAPAPGVYPGPPSGPGAYPSSGQPSATGA']
P39936,MTDQRGPPPPHPQQANGYKKFPPHDNQYSGANNSQPNNHYNENLYSAREPHNNKQYQSKNGKYGTNKYNNRNNSQGNAQYYNNRFNNGYRLNNNDYNPAMLPGMQWPANYYAPQMYYIPQQMVPVASPPYTHQPLNTNPEPPSTPKTTKIEITTKTGERLNLKKFHEEKKASKGEEKNDGVEQKSKSGTPFEKEATPVLPANEAVKDTLTETSNEKSTSEAENTKRLFLEQVRLRKAAMERKKNGLISETEKKQETSNHDNTDTTKPNSVIESEPIKEAPKPTGEANEVVIDGKSGASVKTPQHVTGSVTKSVTFNEPENESSSQDVDELVKDDDTTEISDTTGGKTVNKSDDETINSVITTEENTVKETEPSTSDIEMPTVSQLLETLGKAQPISDIYEFAYPENVERPDIKYKKPSVKYTYGPTFLLQFKDKLKFRPDPAWVEAVSSKIVIPPHIARNKPKDSGRFGGDFRSPSMRGMDHTSSSRVSSKRRSKRMGDDRRSNRGYTSRKDREKAAEKAEEQAPKEEIAPLVPSANRWIPKSRVKKTEKKLAPDGKTELFDKEEVERKMKSLLNKLTLEMFDSISSEILDIANQSKWEDDGETLKIVIEQIFHKACDEPHWSSMYAQLCGKVVKDLDPNIKDKENEGKNGPKLVLHYLVARCHEEFEKGWADKLPAGEDGNPLEPEMMSDEYYIAAAAKRRGLGLVRFIGYLYCLNLLTGKMMFECFRRLMKDLNNDPSEETLESVIELLNTVGEQFEHDKFVTPQATLEGSVLLDNLFMLLQHIIDGGTISNRIKFKLIDVKELREIKHWNSAKKDAGPKTIQQIHQEEEQLRQKKNSQRSNSRFNNHNQSNSNRYSSNRRNMQNTQRDSFASTKTGSFRNNQRNARKVEEVSQAPRANMFDALMNNDGDSD,"1) RNA (promotes phase separation)
2) competitor proteins (negative regulator)",13-97,914,['QQANGYKKFPPHDNQYSGANNSQPNNHYNENLYSAREPHNNKQYQSKNGKYGTNKYNNRNNSQGNAQYYNNRFNNGYRLNNNDYN']
P38996,MSDENHNSDVQDIPSPELSVDSNSNENELMNNSSADDGIEFDAPEEEREAEREEENEEQHELEDVNDEEEEDKEEKGEENGEVINTEEEEEEEHQQKGGNDDDDDDNEEEEEEEEDDDDDDDDDDDDEEEEEEEEEEGNDNSSVGSDSAAEDGEDEEDKKDKTKDKEVELRRETLEKEQKDVDEAIKKITREENDNTHFPTNMENVNYDLLQKQVKYIMDSNMLNLPQFQHLPQEEKMSAILAMLNSNSDTALSVPPHDSTISTTASASATSGARSNDQRKPPLSDAQRRMRFPRADLSKPITEEEHDRYAAYLHGENKITEMHNIPPKSRLFIGNLPLKNVSKEDLFRIFSPYGHIMQINIKNAFGFIQFDNPQSVRDAIECESQEMNFGKKLILEVSSSNARPQFDHGDHGTNSSSTFISSAKRPFQTESGDMYNDDNGAGYKKSRRHTVSCNIFVKRTADRTYAIEVFNRFRDGTGLETDMIFLKPRMELGKLINDAAYNGVWGVVLVNKTHNVDVQTFYKGSQGETKFDEYISISADDAVAIFNNIKNNRNNSRPTDYRAMSHQQNIYGAPPLPVPNGPAVGPPPQTNYYQGYSMPPPQQQQQQPYGNYGMPPPSHDQGYGSQPPIPMNQSYGRYQTSIPPPPPQQQIPQGYGRYQAGPPPQPPSQTPMDQQQLLSAIQNLPPNVVSNLLSMAQQQQQQPHAQQQLVGLIQSMQGQAPQQQQQQLGGYSSMNSSSPPPMSTNYNGQNISAKPSAPPMSHQPPPPQQQQQQQQQQQQQQQQPAGNNVQSLLDSLAKLQK,N/A,329-404; 568-793,802,"['KSRLFIGNLPLKNVSKEDLFRIFSPYGHIMQINIKNAFGFIQFDNPQSVRDAIECESQEMNFGKKLILEVSSSNAR', 'QQNIYGAPPLPVPNGPAVGPPPQTNYYQGYSMPPPQQQQQQPYGNYGMPPPSHDQGYGSQPPIPMNQSYGRYQTSIPPPPPQQQIPQGYGRYQAGPPPQPPSQTPMDQQQLLSAIQNLPPNVVSNLLSMAQQQQQQPHAQQQLVGLIQSMQGQAPQQQQQQLGGYSSMNSSSPPPMSTNYNGQNISAKPSAPPMSHQPPPPQQQQQQQQQQQQQQQQPAGNNVQSL']"
Q7ZXV8,MGRKKKKQLKPWCWYCNRDFDDEKILIQHQKAKHFKCHICHKKLYTGPGLAIHCMQVHKETIDAVPNAIPGRTDIELEIYGMEGIPEKDMEERRRILEQKTQVDGQKKKTNQDDSDYDDDDDTAPSTSFQQMQTQQAFMPTMGQPGIPGLPGAPGMPPGITSLMPAVPPLISGIPHVMAGMHPHGMMSMGGMMHPHRPGIPPMMAGLPPGVPPPGLRPGIPPVTQAQPALSQAVVSRLPVPSTSAPALQSVPKPLFPSAGQAQAHISGPVGTDFKPLNNIPATTAEHPKPTFPAYTQSTMSTTSTTNSTASKPSTSITSKPATLTTTSATSKLVHPDEDISLEEKRAQLPKYQRNLPRPGQAPISNMGSTAVGPLGAMMAPRPGLPPQQHGMRHPLPPHGQYGAPLQGMAGYHPGTMPPFGQGPPMVPPFQGGPPRPLMGIRPPVMSQGGRY,1) microtubules (via N-terminal MT-binding domain),93-452,452,['RRRILEQKTQVDGQKKKTNQDDSDYDDDDDTAPSTSFQQMQTQQAFMPTMGQPGIPGLPGAPGMPPGITSLMPAVPPLISGIPHVMAGMHPHGMMSMGGMMHPHRPGIPPMMAGLPPGVPPPGLRPGIPPVTQAQPALSQAVVSRLPVPSTSAPALQSVPKPLFPSAGQAQAHISGPVGTDFKPLNNIPATTAEHPKPTFPAYTQSTMSTTSTTNSTASKPSTSITSKPATLTTTSATSKLVHPDEDISLEEKRAQLPKYQRNLPRPGQAPISNMGSTAVGPLGAMMAPRPGLPPQQHGMRHPLPPHGQYGAPLQGMAGYHPGTMPPFGQGPPMVPPFQGGPPRPLMGIRPPVMSQGGRY']
P26368,MSDFDEFERQLNENKQERDKENRHRKRSHSRSRSRDRKRRSRSRDRRNRDQRSASRDRRRRSKPLTRGAKEEHGGLIRSPRHEKKKKVRKYWDVPPPGFEHITPMQYKAMQAAGQIPATALLPTMTPDGLAVTPTPVPVVGSQMTRQARRLYVGNIPFGITEEAMMDFFNAQMRLGGLTQAPGNPVLAVQINQDKNFAFLEFRSVDETTQAMAFDGIIFQGQSLKIRRPHDYQPLPGMSENPSVYVPGVVSTVVPDSAHKLFIGGLPNYLNDDQVKELLTSFGPLKAFNLVKDSATGLSKGYAFCEYVDINVTDQAIAGLNGMQLGDKKLLVQRASVGAKNATLVSPPSTINQTPVTLQVPGLMSSQVQMGGHPTEVLCLMNMVLPEELLDDEEYEEIVEDVRDECSKYGLVKSIEIPRPVDGVEVPGCGKIFVEFTSVFDCQKAMQGLTGRKFANRVVVTKYCDPDSYHRRDFW,"1) SF3b155c (promotes LLPS through its ULM motifs binding to the UHM domain of U2AF65)
2) SPY-rich RNAs (promote LLPS through binding to the RRMs of U2AF65)",27-62; 149-337; 385-466,475,"['RSHSRSRSRDRKRRSRSRDRRNRDQRSASRDRRRRS', 'RRLYVGNIPFGITEEAMMDFFNAQMRLGGLTQAPGNPVLAVQINQDKNFAFLEFRSVDETTQAMAFDGIIFQGQSLKIRRPHDYQPLPGMSENPSVYVPGVVSTVVPDSAHKLFIGGLPNYLNDDQVKELLTSFGPLKAFNLVKDSATGLSKGYAFCEYVDINVTDQAIAGLNGMQLGDKKLLVQRASV', 'LPEELLDDEEYEEIVEDVRDECSKYGLVKSIEIPRPVDGVEVPGCGKIFVEFTSVFDCQKAMQGLTGRKFANRVVVTKYCDP']"
A0QSY1,MSRPSPPALTVRYEGSTRTFAPGSDVVIGRDLRADVRIAHPLISRAHLVLRFDQGRWVAIDNGSLNGMYVNGRRVSSVDLQDGQVLNIGNPDGPQLSFEVGRHQGSAGRTPTAAVPVAGHTGTSWPTQAPTGGGWQQPYTQPPRTQYPQTTGTQQRYPSAPQHGYPNGPQTGYPSGPQRGYPSGPQTGYPTNGPAGAPQSYQSQPVRTPPPAPANSSQAPTTMGPAAAPRGGAEPASNLATSMLKILRPGRSAPAPAGAVKIGRATDNDIVIPDVLASRHHATLIPLPGGTEIRDERSINGTFVNGTRVDSAVLHDGDVVTIGNVDLVFSGGTLARRSETEADTRTGGLEVRGLTWTIEGNKTLLDNISIDARPGTLTAVIGPSGAGKSTFARQVAGYTHPTSGTIKFEGHDVHAEYASLRSRIGMVPQDDVVHGQLTVRQALMYAAELRLPPDTTKEDREQVVMQVLEELEMTKHLDTRVDKLSGGQRKRASVALELLTGPSLLILDEPTSGLDPALDRQVMTMLRQLADAGRVVLVVTHSLTYLDVCDQVLLLAPGGKTAFFGPPSQIGPELGTTNWADIFSTVADDPAEANRRYLARTPEAPPASASSEAPADLGAPAKTSLRRQFSTIGRRQLRLIISDRGYFIFLALLPFIMGTLSLSVPGTVGFGVPNPMGDAPNEPGQILVLLNVGAIFMGTALTIRDLIGERAIFRREQAVGLSTTAYLLAKVCVYSVFAVVQSAIVTVITISGKGWGEGAVERGVVIPNRSLELFLSMAATTVTAAMVGLALSALAKTSEQIMPLLVVAIMSQLVFSGGMIPVTGRIGLDQLSWITPARWGFAASASTVDLIRLVPGPLTPKDSHWEHTSGTWLFDMAMLGVLSVFYVTFVRWKIRLKAG,N/A,1-340,899,['MSRPSPPALTVRYEGSTRTFAPGSDVVIGRDLRADVRIAHPLISRAHLVLRFDQGRWVAIDNGSLNGMYVNGRRVSSVDLQDGQVLNIGNPDGPQLSFEVGRHQGSAGRTPTAAVPVAGHTGTSWPTQAPTGGGWQQPYTQPPRTQYPQTTGTQQRYPSAPQHGYPNGPQTGYPSGPQRGYPSGPQTGYPTNGPAGAPQSYQSQPVRTPPPAPANSSQAPTTMGPAAAPRGGAEPASNLATSMLKILRPGRSAPAPAGAVKIGRATDNDIVIPDVLASRHHATLIPLPGGTEIRDERSINGTFVNGTRVDSAVLHDGDVVTIGNVDLVFSGGTLARRSET']
P15502,MAGLTAAAPRPGVLLLLLSILHPSRPGGVPGAIPGGVPGGVFYPGAGLGALGGGALGPGGKPLKPVPGGLAGAGLGAGLGAFPAVTFPGALVPGGVADAAAAYKAAKAGAGLGGVPGVGGLGVSAGAVVPQPGAGVKPGKVPGVGLPGVYPGGVLPGARFPGVGVLPGVPTGAGVKPKAPGVGGAFAGIPGVGPFGGPQPGVPLGYPIKAPKLPGGYGLPYTTGKLPYGYGPGGVAGAAGKAGYPTGTGVGPQAAAAAAAKAAAKFGAGAAGVLPGVGGAGVPGVPGAIPGIGGIAGVGTPAAAAAAAAAAKAAKYGAAAGLVPGGPGFGPGVVGVPGAGVPGVGVPGAGIPVVPGAGIPGAAVPGVVSPEAAAKAAAKAAKYGARPGVGVGGIPTYGVGAGGFPGFGVGVGGIPGVAGVPGVGGVPGVGGVPGVGISPEAQAAAAAKAAKYGAAGAGVLGGLVPGPQAAVPGVPGTGGVPGVGTPAAAAAKAAAKAAQFGLVPGVGVAPGVGVAPGVGVAPGVGLAPGVGVAPGVGVAPGVGVAPGIGPGGVAAAAKSAAKVAAKAQLRAAAGLGAGIPGLGVGVGVPGLGVGAGVPGLGVGAGVPGFGAGADEGVRRSLSPELREGDPSSSQHLPSTPSSPRVPGALAAAKAAKYGAAVPGVLGGLGALGGVGIPGGVVGAGPAAAAAAAKAAAKAAQFGLVGAAGLGGLGVGGLGVPGVGGLGGIPPAAAAKAAKYGAAGLGGVLGGAGQFPLGGVAARPGFGLSPIFPGGACLGKACGRKRK,N/A,27-786,786,['GGVPGAIPGGVPGGVFYPGAGLGALGGGALGPGGKPLKPVPGGLAGAGLGAGLGAFPAVTFPGALVPGGVADAAAAYKAAKAGAGLGGVPGVGGLGVSAGAVVPQPGAGVKPGKVPGVGLPGVYPGGVLPGARFPGVGVLPGVPTGAGVKPKAPGVGGAFAGIPGVGPFGGPQPGVPLGYPIKAPKLPGGYGLPYTTGKLPYGYGPGGVAGAAGKAGYPTGTGVGPQAAAAAAAKAAAKFGAGAAGVLPGVGGAGVPGVPGAIPGIGGIAGVGTPAAAAAAAAAAKAAKYGAAAGLVPGGPGFGPGVVGVPGAGVPGVGVPGAGIPVVPGAGIPGAAVPGVVSPEAAAKAAAKAAKYGARPGVGVGGIPTYGVGAGGFPGFGVGVGGIPGVAGVPGVGGVPGVGGVPGVGISPEAQAAAAAKAAKYGAAGAGVLGGLVPGPQAAVPGVPGTGGVPGVGTPAAAAAKAAAKAAQFGLVPGVGVAPGVGVAPGVGVAPGVGLAPGVGVAPGVGVAPGVGVAPGIGPGGVAAAAKSAAKVAAKAQLRAAAGLGAGIPGLGVGVGVPGLGVGAGVPGLGVGAGVPGFGAGADEGVRRSLSPELREGDPSSSQHLPSTPSSPRVPGALAAAKAAKYGAAVPGVLGGLGALGGVGIPGGVVGAGPAAAAAAAKAAAKAAQFGLVGAAGLGGLGVGGLGVPGVGGLGGIPPAAAAKAAKYGAAGLGGVLGGAGQFPLGGVAARPGFGLSPIFPGGACLGKACGRKRK']
P00873,MAAVIAKSSVSAAVARPARSSVRPMAALKPAVKAAPVAAPAQANQMMVWTPVNNKMFETFSYLPPLTDEQIAAQVDYIVANGWIPCLEFAEADKAYVSNESAIRFGSVSCLYYDNRYWTMWKLPMFGCRDPMQVLREIVACTKAFPDAYVRLVAFDNQKQVQIMGFLVQRPKTARDFQPANKRSV,1) EPYC1 ,68-80; 131-144,185,"['DEQIAAQVDYIVA', 'PMQVLREIVACTKA']"
Q15648,MKAQGETEESEKLSKMSSLLERLHAKFNQNRPWSETIKLVRQVMEKRVVMSSGGHQHLVSCLETLQKALKVTSLPAMTDRLESIARQNGLGSHLSASGTECYITSDMFYVEVQLDPAGQLCDVKVAHHGENPVSCPELVQQLREKNFDEFSKHLKGLVNLYNLPGDNKLKTKMYLALQSLEQDLSKMAIMYWKATNAGPLDKILHGSVGYLTPRSGGHLMNLKYYVSPSDLLDDKTASPIILHENNVSRSLGMNASVTIEGTSAVYKLPIAPLIMGSHPVDNKWTPSFSSITSANSVDLPACFFLKFPQPIPVSRAFVQKLQNCTGIPLFETQPTYAPLYELITQFELSKDPDPIPLNHNMRFYAALPGQQHCYFLNKDAPLPDGRSLQGTLVSKITFQHPGRVPLILNLIRHQVAYNTLIGSCVKRTILKEDSPGLLQFEVCPLSESRFSVSFQHPVNDSLVCVVMDVQDSTHVSCKLYKGLSDALICTDDFIAKVVQRCMSIPVTMRAIRRKAETIQADTPALSLIAETVEDMVKKNLPPASSPGYGMTTGNNPMSGTTTPTNTFPGGPITTLFNMSMSIKDRHESVGHGEDFSKVSQNPILTSLLQITGNGGSTIGSSPTPPHHTPPPVSSMAGNTKNHPMLMNLLKDNPAQDFSTLYGSSPLERQNSSSGSPRMEICSGSNKTKKKKSSRLPPEKPKHQTEDDFQRELFSMDVDSQNPIFDVNMTADTLDTPHITPAPSQCSTPPTTYPQPVPHPQPSIQRMVRLSSSDSIGPDVTDILSDIAEEASKLPSTSDDCPAIGTPLRDSSSSGHSQSTLFDSDVFQTNNNENPYTDPADLIADAAGSPSSDSPTNHFFHDGVDFNPDLLNSQSQSGFGEEYFDESSQSGDNDDFKGFASQALNTLGVPMLGGDNGETKFKGNNQADTVDFSIISVAGKALAPADLMEHHSGSQGPLLTTGDLGKEKTQKRVKEGNGTSNSTLSGPGLDSKPGKRSRTPSNDGKSKDKPPKRKKADTEGKSPSHSSSNRPFTPPTSTGGSKSPGSAGRSQTPPGVATPPIPKITIQIPKGTVMVGKPSSHSQYTSSGSVSSSGSKSHHSHSSSSSSSASTSGKMKSSKSEGSSSSKLSSSMYSSQGSSGSSQSKNSSQSGGKPGSSPITKHGLSSGSSSTKMKPQGKPSSLMNPSLSKPNISPSHSRPPGGSDKLASPMKPVPGTPPSSKAKSPISSGSGGSHMSGTSSSSGMKSSSGLGSSGSLSQKTPPSSNSCTASSSSFSSSGSSMSSSQNQHGSSKGKSPSRNKKPSLTAVIDKLKHGVVTSGPGGEDPLDGQMGVSTNSSSHPMSSKHNMSGGEFQGKREKSDKDKSKVSTSGSSVDSSKKTSESKNVGSTGVAKIIISKHDGGSPSIKAKVTLQKPGESSGEGLRPQMASSKNYGSPLISGSTPKHERGSPSHSKSPAYTPQNLDSESESGSSIAEKSYQNSPSSDDGIRPLPEYSTEKHKKHKKEKKKVKDKDRDRDRDKDRDKKKSHSIKPESWSKSPISSDQSLSMTSNTILSADRPSRLSPDFMIGEEDDDLMDVALIGN,N/A,948-1574,1581,['EHHSGSQGPLLTTGDLGKEKTQKRVKEGNGTSNSTLSGPGLDSKPGKRSRTPSNDGKSKDKPPKRKKADTEGKSPSHSSSNRPFTPPTSTGGSKSPGSAGRSQTPPGVATPPIPKITIQIPKGTVMVGKPSSHSQYTSSGSVSSSGSKSHHSHSSSSSSSASTSGKMKSSKSEGSSSSKLSSSMYSSQGSSGSSQSKNSSQSGGKPGSSPITKHGLSSGSSSTKMKPQGKPSSLMNPSLSKPNISPSHSRPPGGSDKLASPMKPVPGTPPSSKAKSPISSGSGGSHMSGTSSSSGMKSSSGLGSSGSLSQKTPPSSNSCTASSSSFSSSGSSMSSSQNQHGSSKGKSPSRNKKPSLTAVIDKLKHGVVTSGPGGEDPLDGQMGVSTNSSSHPMSSKHNMSGGEFQGKREKSDKDKSKVSTSGSSVDSSKKTSESKNVGSTGVAKIIISKHDGGSPSIKAKVTLQKPGESSGEGLRPQMASSKNYGSPLISGSTPKHERGSPSHSKSPAYTPQNLDSESESGSSIAEKSYQNSPSSDDGIRPLPEYSTEKHKKHKKEKKKVKDKDRDRDRDKDRDKKKSHSIKPESWSKSPISSDQSLSMTSNTILSADRPSRLSPDFMIGEEDDDLM']
P04050,MVGQQYSSAPLRTVKEVQFGLFSPEEVRAISVAKIRFPETMDETQTRAKIGGLNDPRLGSIDRNLKCQTCQEGMNECPGHFGHIDLAKPVFHVGFIAKIKKVCECVCMHCGKLLLDEHNELMRQALAIKDSKKRFAAIWTLCKTKMVCETDVPSEDDPTQLVSRGGCGNTQPTIRKDGLKLVGSWKKDRATGDADEPELRVLSTEEILNIFKHISVKDFTSLGFNEVFSRPEWMILTCLPVPPPPVRPSISFNESQRGEDDLTFKLADILKANISLETLEHNGAPHHAIEEAESLLQFHVATYMDNDIAGQPQALQKSGRPVKSIRARLKGKEGRIRGNLMGKRVDFSARTVISGDPNLELDQVGVPKSIAKTLTYPEVVTPYNIDRLTQLVRNGPNEHPGAKYVIRDSGDRIDLRYSKRAGDIQLQYGWKVERHIMDNDPVLFNRQPSLHKMSMMAHRVKVIPYSTFRLNLSVTSPYNADFDGDEMNLHVPQSEETRAELSQLCAVPLQIVSPQSNKPCMGIVQDTLCGIRKLTLRDTFIELDQVLNMLYWVPDWDGVIPTPAIIKPKPLWSGKQILSVAIPNGIHLQRFDEGTTLLSPKDNGMLIIDGQIIFGVVEKKTVGSSNGGLIHVVTREKGPQVCAKLFGNIQKVVNFWLLHNGFSTGIGDTIADGPTMREITETIAEAKKKVLDVTKEAQANLLTAKHGMTLRESFEDNVVRFLNEARDKAGRLAEVNLKDLNNVKQMVMAGSKGSFINIAQMSACVGQQSVEGKRIAFGFVDRTLPHFSKDDYSPESKGFVENSYLRGLTPQEFFFHAMGGREGLIDTAVKTAETGYIQRRLVKALEDIMVHYDNTTRNSLGNVIQFIYGEDGMDAAHIEKQSLDTIGGSDAAFEKRYRVDLLNTDHTLDPSLLESGSEILGDLKLQVLLDEEYKQLVKDRKFLREVFVDGEANWPLPVNIRRIIQNAQQTFHIDHTKPSDLTIKDIVLGVKDLQENLLVLRGKNEIIQNAQRDAVTLFCCLLRSRLATRRVLQEYRLTKQAFDWVLSNIEAQFLRSVVHPGEMVGVLAAQSIGEPATQMTLNTFHFAGVASKKVTSGVPRLKEILNVAKNMKTPSLTVYLEPGHAADQEQAKLIRSAIEHTTLKSVTIASEIYYDPDPRSTVIPEDEEIIQLHFSLLDEEAEQSFDQQSPWLLRLELDRAAMNDKDLTMGQVGERIKQTFKNDLFVIWSEDNDEKLIIRCRVVRPKSLDAETEAEEDHMLKKIENTMLENITLRGVENIERVVMMKYDRKVPSPTGEYVKEPEWVLETDGVNLSEVMTVPGIDPTRIYTNSFIDIMEVLGIEAGRAALYKEVYNVIASDGSYVNYRHMALLVDVMTTQGGLTSVTRHGFNRSNTGALMRCSFEETVEILFEAGASAELDDCRGVSENVILGQMAPIGTGAFDVMIDEESLVKYMPEQKITEIEDGQDGGVTPYSNESGLVNADLDVKDELMFSPLVDSGSNDAMAGGFTAYGGADYGEATSPFGAYGEAPTSPGFGVSSPGFSPTSPTYSPTSPAYSPTSPSYSPTSPSYSPTSPSYSPTSPSYSPTSPSYSPTSPSYSPTSPSYSPTSPSYSPTSPSYSPTSPSYSPTSPSYSPTSPSYSPTSPSYSPTSPSYSPTSPAYSPTSPSYSPTSPSYSPTSPSYSPTSPSYSPTSPNYSPTSPSYSPTSPGYSPGSPAYSPKQDEQKHNENENSR,N/A,1542-1733 ,1733,['FSPTSPTYSPTSPAYSPTSPSYSPTSPSYSPTSPSYSPTSPSYSPTSPSYSPTSPSYSPTSPSYSPTSPSYSPTSPSYSPTSPSYSPTSPSYSPTSPSYSPTSPSYSPTSPSYSPTSPAYSPTSPSYSPTSPSYSPTSPSYSPTSPSYSPTSPNYSPTSPSYSPTSPGYSPGSPAYSPKQDEQKHNENENSR']
Q9Y5A9,MSASSLLEQRPKGQGNKVQNGSVHQKDGLNDDDFEPYLSPQARPNNAYTAMSDSYLPSYYSPSIGFSYSLGEAAWSTGGDTAMPYLTSYGQLSNGEPHFLPDAMFGQPGALGSTPFLGQHGFNFFPSGIDFSAWGNNSSQGQSTQSSGYSSNYAYAPSSLGGAMIDGQSAFANETLNKAPGMNTIDQGMAALKLGSTEVASNVPKVVGSAVGSGSITSNIVASNSLPPATIAPPKPASWADIASKPAKQQPKLKTKNGIAGSSLPPPPIKHNMDIGTWDNKGPVAKAPSQALVQNIGQPTQGSPQPVGQQANNSPPVAQASVGQQTQPLPPPPPQPAQLSVQQQAAQPTRWVAPRNRGSGFGHNGVDGNGVGQSQAGSGSTPSEPHPVLEKLRSINNYNPKDFDWNLKHGRVFIIKSYSEDDIHRSIKYNIWCSTEHGNKRLDAAYRSMNGKGPVYLLFSVNGSGHFCGVAEMKSAVDYNTCAGVWSQDKWKGRFDVRWIFVKDVPNSQLRHIRLENNENKPVTNSRDTQEVPLEKAKQVLKIIASYKHTTSIFDDFSHYEKRQEEEESVKKERQGRGK,1) polymethylated (m6A) mRNAs (promote LLPS),1-409; 410-544,579,"['MSASSLLEQRPKGQGNKVQNGSVHQKDGLNDDDFEPYLSPQARPNNAYTAMSDSYLPSYYSPSIGFSYSLGEAAWSTGGDTAMPYLTSYGQLSNGEPHFLPDAMFGQPGALGSTPFLGQHGFNFFPSGIDFSAWGNNSSQGQSTQSSGYSSNYAYAPSSLGGAMIDGQSAFANETLNKAPGMNTIDQGMAALKLGSTEVASNVPKVVGSAVGSGSITSNIVASNSLPPATIAPPKPASWADIASKPAKQQPKLKTKNGIAGSSLPPPPIKHNMDIGTWDNKGPVAKAPSQALVQNIGQPTQGSPQPVGQQANNSPPVAQASVGQQTQPLPPPPPQPAQLSVQQQAAQPTRWVAPRNRGSGFGHNGVDGNGVGQSQAGSGSTPSEPHPVLEKLRSINNYNPKDFDWNLKH', 'GRVFIIKSYSEDDIHRSIKYNIWCSTEHGNKRLDAAYRSMNGKGPVYLLFSVNGSGHFCGVAEMKSAVDYNTCAGVWSQDKWKGRFDVRWIFVKDVPNSQLRHIRLENNENKPVTNSRDTQEVPLEKAKQVLKII']"
O74718,MASNQPNNGEQDEQLAKQTSKLSMSAKAPTFTPKAAPFIPSFQRPGFVPVNNIAGGYPYAQYTGQGQNSNSPHPTKSYQQYYQKPTGNTVDEDKSRVPDFSKKKSFVPPKPAIPKGKVLSLGGNTSAPKSTKPISISLGGTKAPTTTKPAAPAAQSKTETPAPKVTSESTKKETAAPPPQETPTKSADAELAKTPSAPAAALKKAAEAAEPATVTEDATDLQNEVDQELLKDMYGKEHVNIVFIGHVDAGKSTLGGNILFLTGMVDKRTMEKIEREAKEAGKESWYLSWALDSTSEEREKGKTVEVGRAYFETEHRRFSLLDAPGHKGYVTNMINGASQADIGVLVISARRGEFEAGFERGGQTREHAVLARTQGINHLVVVINKMDEPSVQWSEERYKECVDKLSMFLRRVAGYNSKTDVKYMPVSAYTGQNVKDRVDSSVCPWYQGPSLLEYLDSMTHLERKVNAPFIMPIASKYKDLGTILEGKIEAGSIKKNSNVLVMPINQTLEVTAIYDEADEEISSSICGDQVRLRVRGDDSDVQTGYVLTSTKNPVHATTRFIAQIAILELPSILTTGYSCVMHIHTAVEEVSFAKLLHKLDKTNRKSKKPPMFATKGMKIIAELETQTPVCMERFEDYQYMGRFTLRDQGTTVAVGKVVKILD,N/A,1-235,662,['MASNQPNNGEQDEQLAKQTSKLSMSAKAPTFTPKAAPFIPSFQRPGFVPVNNIAGGYPYAQYTGQGQNSNSPHPTKSYQQYYQKPTGNTVDEDKSRVPDFSKKKSFVPPKPAIPKGKVLSLGGNTSAPKSTKPISISLGGTKAPTTTKPAAPAAQSKTETPAPKVTSESTKKETAAPPPQETPTKSADAELAKTPSAPAAALKKAAEAAEPATVTEDATDLQNEVDQELLKDMYG']
Q94ET8,MATISSMRVGAASRVVVSGRVKTVKVAARGSWRESSTATVQASRASSATNRVSPTRSVLPANWRQELESLRNGNGSSSAASSAPAPARSSSASWRDAAPASSAPARSSSASKKAVTPSRSALPSNWKQELESLRSSSPAPASSAPAPARSSSASWRDAAPASSAPARSSSSKKAVTPSRSALPSNWKQELESLRSSSPAPASSAPAPARSSSASWRDAAPASSAPARSSSASKKAVTPSRSALPSNWKQELESLRSNSPAPARRPLPRPAPRRPAGVTPPPRAPARAPTRPAPTPGLASPSPRSSAPPCPLTGARACKQLA,1) Rubisco (promotes LLPS),52-291,321,['VSPTRSVLPANWRQELESLRNGNGSSSAASSAPAPARSSSASWRDAAPASSAPARSSSASKKAVTPSRSALPSNWKQELESLRSSSPAPASSAPAPARSSSASWRDAAPASSAPARSSSSKKAVTPSRSALPSNWKQELESLRSSSPAPASSAPAPARSSSASWRDAAPASSAPARSSSASKKAVTPSRSALPSNWKQELESLRSNSPAPARRPLPRPAPRRPAGVTPPPRAPARAPTRP']
P78953,MKEQEFSYREAKDVSLDSKGLENSFLSSPNREKTPLFFEGNSNETSGYDQTKNFTHGDGDMSLGNLSELNVATDLLESLDLRSMYMHGYGHLDSSFSSQHSPDNRKRMSSTSVFKRINSEEEGRIPSLTYSAGTMNSTSSSTASLKGADIVADYETFNPDQNLAELSFDRSKSSRKRAVEVAEFSRAKTMSPLEYTVQHPYQSHNELSTNPARARAGSVPNLARIPSDVKPVPPAHLSASSTVGPRILPSLPKDTTEDNPALERVETTASLDMDYKPLEPLAPIQEAPVEDTSEPFSSVPEATLDDSDISTESLRKKVLAKMEAKRISSGSSYASTLRKVYDFSELSLPTNGKDYDELYLQSSRNSEPEISTIINDSLQQENMDEDISATSIPKSQAAYGHGSVTYHEVPRYNLTSASVGYSISSQRGRIKSSSTIDNLSAILSSEDLRHPSMQPVPGTKRTYSNYCENEPNKSSQSLVSSESHNVEGWNYSETGTVGFYDPSAEISASIDELRQSTPVARDSELLSRAHSFDLNRLDLPSQDKSTSYEVPNGTENQSPRPVTSLGFVNETFFEEKPKAPLPLGRFYIHLNSILNISISEVHSPIKIIVNTPTQNMQLPWQAVNGNNRLDHDFAFHVDDNFKVSFMFLDIPIEDKSNGSKGVSATKDVSNGKPAETKSKARKFFDKLFNRRKKRKLNKAAAVENSKAKKSVVIKKVSGTATLNLGNVKDSCFGKAFNVEIPIISRGFLEAIPVKINSIGKRTLGNLTLTCLYIPELSVPEQELPFTLEQATMDLRHVRSNYLYNEGYLYRLEDSSIRRRFVVLRSKQLNFYAEKGGQYLDTFQLSKTVVSIPMVNFSEAVSNLGLVAGILATSVDRRHVQLFADSKKVCQKWLQVMNSRSFALDRGTEKLWLQEYVNFMA,N/A,1-452,920,['MKEQEFSYREAKDVSLDSKGLENSFLSSPNREKTPLFFEGNSNETSGYDQTKNFTHGDGDMSLGNLSELNVATDLLESLDLRSMYMHGYGHLDSSFSSQHSPDNRKRMSSTSVFKRINSEEEGRIPSLTYSAGTMNSTSSSTASLKGADIVADYETFNPDQNLAELSFDRSKSSRKRAVEVAEFSRAKTMSPLEYTVQHPYQSHNELSTNPARARAGSVPNLARIPSDVKPVPPAHLSASSTVGPRILPSLPKDTTEDNPALERVETTASLDMDYKPLEPLAPIQEAPVEDTSEPFSSVPEATLDDSDISTESLRKKVLAKMEAKRISSGSSYASTLRKVYDFSELSLPTNGKDYDELYLQSSRNSEPEISTIINDSLQQENMDEDISATSIPKSQAAYGHGSVTYHEVPRYNLTSASVGYSISSQRGRIKSSSTIDNLSAILSSEDLRHPS']
P22626-2,MEREKEQFRKLFIGGLSFETTEESLRNYYEQWGKLTDCVVMRDPASKRSRGFGFVTFSSMAEVDAAMAARPHSIDGRVVEPKRAVAREESGKPGAHVTVKKLFVGGIKEDTEEHHLRDYFEEYGKIDTIEIITDRQSGKKRGFGFVTFDDHDPVDKIVLQKYHTINGHNAEVRKALSRQEMQEVQSSRSGRGGNFGFGDSRGGGGNFGPGPGSNFRGGSDGYGSGRGFGDGYNGYGGGPGGGNFGGSPGYGGGRGGYGGGGPGYGNQGGGYGGGYDNYGGGNYGSGNYNDFGNYNQQPSNYGPMKSGNFGGSRNMGGPYGGGNYGPGGSGGSGGYGGRSRY,"1) mRNA
2) TDP-43
3) tyrosine protein kinase Fyn (not strictly requiered, but induces LLPS)",1-341,341,['MEREKEQFRKLFIGGLSFETTEESLRNYYEQWGKLTDCVVMRDPASKRSRGFGFVTFSSMAEVDAAMAARPHSIDGRVVEPKRAVAREESGKPGAHVTVKKLFVGGIKEDTEEHHLRDYFEEYGKIDTIEIITDRQSGKKRGFGFVTFDDHDPVDKIVLQKYHTINGHNAEVRKALSRQEMQEVQSSRSGRGGNFGFGDSRGGGGNFGPGPGSNFRGGSDGYGSGRGFGDGYNGYGGGPGGGNFGGSPGYGGGRGGYGGGGPGYGNQGGGYGGGYDNYGGGNYGSGNYNDFGNYNQQPSNYGPMKSGNFGGSRNMGGPYGGGNYGPGGSGGSGGYGGRSRY']
O62011,MSESDDDYPELDISDQYIDPLGIVVGPPPASYTETDREETPMQNRTEDDTNSYGNSSGEHDYDSYLDSGDDDFDVDAYYANDNMDEPPPETIPDNLIQNVIGRNDNADYDFSDASNPEIMKRDLQLFLSSSLLSNPLKFRSGYSSDELDDCLKSCMGYSLQVTAVLLLPPEIISQLPNDSKTEHAHALVRGGWLQSKEGAFFPVISDSERETVVSLMNGSEEQHKRQERKKKEADTFESEEKEIRTLLTFNMIAELLMAVRNEYSIRSVKYQILSTAYTNMVTGAAHANIFRKYKDILQLDPEKLWNNDWFKEYTNRGTLKKFLTTARFSEIVVSQANGKTVELYFRADDEGNRPVVLFTDEHIADVRNKWKTGNQRNQNYGSQGNYRAGGQRSDDRRGPQQRRNVIVPDPNYQPSTFAGGISNNADDDGSLQPTTSSHFNRNTDRSTSRPPRAPTSPVNRVMETDPLMGQGTSSGAPQRSAIPNPFGGAPALSRSTITNGNRGPSYGDRGERVQDVGDTTSDSEITSEGSYSDEDPEQKEIKRQRRKDKLKKKQERELRSREKHTKSKQQPPSKIETRFNTYKKKSESSATDTSNTPPVDTVNVALPTPVVESSSTTAAPSIPVSTRPEVVVPPENPAPLREVGNFYSKSNHDEDRRNVQLPFTPADTHKPIKVAPKEPVRNPLLKERPSANGFINRRLPSHPAPPPVNQSQPANQPMQTAVYQNSHPGAPYIPQQPTYQPQLPVQQPQPHQYAPQPIHHQQPIHQPMHGQQYPPVNQQQPIYQQPAPQYPPYNSIQNNPQHGPSPFNYSQVPQPAYNHVGQQPSHMSNQPHINQNGYQNSYNPNQGPTSSDPNYGCNPQFNHYGSRSVYHEDHSSQRRRSPDQFPPNPPEYDPHGNFKLADYERDRMTVGYSQNPHQFDHHGSHMPHQSQPQGYDNFNGNSAPYFNKNGGQSNHQPEAQRSFSVLSSNRQPSNRELIFQDGIEKELRDIILRYRSMNLTVLTVQELRTEVSRRPAIPRYIDIVQYIRDSSSVAIVERGDIEPYVVLKDDIRN,N/A,773-1033,1054,['QYPPVNQQQPIYQQPAPQYPPYNSIQNNPQHGPSPFNYSQVPQPAYNHVGQQPSHMSNQPHINQNGYQNSYNPNQGPTSSDPNYGCNPQFNHYGSRSVYHEDHSSQRRRSPDQFPPNPPEYDPHGNFKLADYERDRMTVGYSQNPHQFDHHGSHMPHQSQPQGYDNFNGNSAPYFNKNGGQSNHQPEAQRSFSVLSSNRQPSNRELIFQDGIEKELRDIILRYRSMNLTVLTVQELRTEVSRRPAIPRYIDIVQYIRDSSS']
Q7Z739,MSATSVDQRPKGQGNKVSVQNGSIHQKDAVNDDDFEPYLSSQTNQSNSYPPMSDPYMPSYYAPSIGFPYSLGEAAWSTAGDQPMPYLTTYGQMSNGEHHYIPDGVFSQPGALGNTPPFLGQHGFNFFPGNADFSTWGTSGSQGQSTQSSAYSSSYGYPPSSLGRAITDGQAGFGNDTLSKVPGISSIEQGMTGLKIGGDLTAAVTKTVGTALSSSGMTSIATNSVPPVSSAAPKPTSWAAIARKPAKPQPKLKPKGNVGIGGSAVPPPPIKHNMNIGTWDEKGSVVKAPPTQPVLPPQTIIQQPQPLIQPPPLVQSQLPQQQPQPPQPQQQQGPQPQAQPHQVQPQQQQLQNRWVAPRNRGAGFNQNNGAGSENFGLGVVPVSASPSSVEVHPVLEKLKAINNYNPKDFDWNLKNGRVFIIKSYSEDDIHRSIKYSIWCSTEHGNKRLDAAYRSLNGKGPLYLLFSVNGSGHFCGVAEMKSVVDYNAYAGVWSQDKWKGKFEVKWIFVKDVPNNQLRHIRLENNDNKPVTNSRDTQEVPLEKAKQVLKIIATFKHTTSIFDDFAHYEKRQEEEEAMRRERNRNKQ,1) polymethylated (m6A) mRNAs (promote LLPS),1-415; 416-550,585,"['MSATSVDQRPKGQGNKVSVQNGSIHQKDAVNDDDFEPYLSSQTNQSNSYPPMSDPYMPSYYAPSIGFPYSLGEAAWSTAGDQPMPYLTTYGQMSNGEHHYIPDGVFSQPGALGNTPPFLGQHGFNFFPGNADFSTWGTSGSQGQSTQSSAYSSSYGYPPSSLGRAITDGQAGFGNDTLSKVPGISSIEQGMTGLKIGGDLTAAVTKTVGTALSSSGMTSIATNSVPPVSSAAPKPTSWAAIARKPAKPQPKLKPKGNVGIGGSAVPPPPIKHNMNIGTWDEKGSVVKAPPTQPVLPPQTIIQQPQPLIQPPPLVQSQLPQQQPQPPQPQQQQGPQPQAQPHQVQPQQQQLQNRWVAPRNRGAGFNQNNGAGSENFGLGVVPVSASPSSVEVHPVLEKLKAINNYNPKDFDWNLKN', 'GRVFIIKSYSEDDIHRSIKYSIWCSTEHGNKRLDAAYRSLNGKGPLYLLFSVNGSGHFCGVAEMKSVVDYNAYAGVWSQDKWKGKFEVKWIFVKDVPNNQLRHIRLENNDNKPVTNSRDTQEVPLEKAKQVLKII']"
O65934,MPMSQPAAPPVLTVRYEGSERTFAAGHDVVVGRDLRADVRVAHPLISRAHLLLRFDQGRWVAIDNGSLNGLYLNNRRVPVVDIYDAQRVHIGNPDGPALDFEVGRHRGSAGRPPQTTSIRLPNLSAGAWPTDGPPQTGTLGSGQLQQLPPATTRIPAAPPSGPQPRYPTGGQQLWPPSGPQRAPQIYRPPTAAPPPAGARGGTEAGNLATSMMKILRPGRLTGELPPGAVRIGRANDNDIVIPEVLASRHHATLVPTPGGTEIRDNRSINGTFVNGARVDAALLHDGDVVTIGNIDLVFADGTLARREENLLETRVGGLDVRGVTWTIDGDKTLLDGISLTARPGMLTAVIGPSGAGKSTLARLVAGYTHPTDGTVTFEGHNVHAEYASLRSRIGMVPQDDVVHGQLTVKHALMYAAELRLPPDTTKDDRTQVVARVLEELEMSKHIDTRVDKLSGGQRKRASVALELLTGPSLLILDEPTSGLDPALDRQVMTMLRQLADAGRVVLVVTHSLTYLDVCDQVLLLAPGGKTAFCGPPTQIGPVMGTTNWADIFSTVADDPDAAKARYLARTGPTPPPPPVEQPAELGDPAHTSLFRQFSTIARRQLRLIVSDRGYFVFLALLPFIMGALSMSVPGDVGFGFPNPMGDAPNEPGQILVLLNVGAVFMGTALTIRDLIGERAIFRREQAVGLSTTAYLIAKVCVYTVLAVVQSAIVTVIVLVGKGGPTQGAVALSKPDLELFVDVAVTCVASAMLGLALSAIAKSNEQIMPLLVVAVMSQLVFSGGMIPVTGRVPLDQMSWVTPARWGFAASAATVDLIKLVPGPLTPKDSHWHHTASAWWFDMAMLVALSVIYVGFVRWKIRLKAC,N/A,1-310,865,['MPMSQPAAPPVLTVRYEGSERTFAAGHDVVVGRDLRADVRVAHPLISRAHLLLRFDQGRWVAIDNGSLNGLYLNNRRVPVVDIYDAQRVHIGNPDGPALDFEVGRHRGSAGRPPQTTSIRLPNLSAGAWPTDGPPQTGTLGSGQLQQLPPATTRIPAAPPSGPQPRYPTGGQQLWPPSGPQRAPQIYRPPTAAPPPAGARGGTEAGNLATSMMKILRPGRLTGELPPGAVRIGRANDNDIVIPEVLASRHHATLVPTPGGTEIRDNRSINGTFVNGARVDAALLHDGDVVTIGNIDLVFADGTLARREEN']
Q96PK6,MKIFVGNVDGADTTPEELAALFAPYGTVMSCAVMKQFAFVHMRENAGALRAIEALHGHELRPGRALVVEMSRPRPLNTWKIFVGNVSAACTSQELRSLFERRGRVIECDVVKDYAFVHMEKEADAKAAIAQLNGKEVKGKRINVELSTKGQKKGPGLAVQSGDKTKKPGAGDTAFPGTGGFSATFDYQQAFGNSTGGFDGQARQPTPPFFGRDRSPLRRSPPRASYVAPLTAQPATYRAQPSVSLGAAYRAQPSASLGVGYRTQPMTAQAASYRAQPSVSLGAPYRGQLASPSSQSAAASSLGPYGGAQPSASALSSYGGQAAAASSLNSYGAQGSSLASYGNQPSSYGAQAASSYGVRAAASSYNTQGAASSLGSYGAQAASYGAQSAASSLAYGAQAASYNAQPSASYNAQSAPYAAQQAASYSSQPAAYVAQPATAAAYASQPAAYAAQATTPMAGSYGAQPVVQTQLNSYGAQASMGLSGSYGAQSAAAATGSYGAAAAYGAQPSATLAAPYRTQSSASLAASYAAQQHPQAAASYRGQPGNAYDGAGQPSAAYLSMSQGAVANANSTPPPYERTRLSPPRASYDDPYKKAVAMSKRYGSDRRLAELSDYRRLSESQLSFRRSPTKSSLDYRRLPDAHSDYARYSGSYNDYLRAAQMHSGYQRRM,"1) Long noncoding RNA NEAT1 (not required for LLPS but for paraspeckles)
2) NONO",350-669,669,['AQAASSYGVRAAASSYNTQGAASSLGSYGAQAASYGAQSAASSLAYGAQAASYNAQPSASYNAQSAPYAAQQAASYSSQPAAYVAQPATAAAYASQPAAYAAQATTPMAGSYGAQPVVQTQLNSYGAQASMGLSGSYGAQSAAAATGSYGAAAAYGAQPSATLAAPYRTQSSASLAASYAAQQHPQAAASYRGQPGNAYDGAGQPSAAYLSMSQGAVANANSTPPPYERTRLSPPRASYDDPYKKAVAMSKRYGSDRRLAELSDYRRLSESQLSFRRSPTKSSLDYRRLPDAHSDYARYSGSYNDYLRAAQMHSGYQRRM']
Q13148,MSEYIRVTEDENDEPIEIPSEDDGTVLLSTVTAQFPGACGLRYRNPVSQCMRGVRLVEGILHAPDAGWGNLVYVVNYPKDNKRKMDETDASSAVKVKRAVQKTSDLIVLGLPWKTTEQDLKEYFSTFGEVLMVQVKKDLKTGHSKGFGFVRFTEYETQVKVMSQRHMIDGRWCDCKLPNSKQSQDEPLRSRKVFVGRCTEDMTEDELREFFSQYGDVMDVFIPKPFRAFAFVTFADDQIAQSLCGEDLIIKGISVHISNAEPKHNSNRQLERSGRFGGNPGGFGNQGGFGNSRGGGAGLGNNQGSNMGGGMNFGAFSINPAMMAAAQAALQSSWGMMGMLASQQNQSGPSGNNQNQGNMQREPNQAFGSGNNSYSGSNSGAAIGWGSASNAGSGSGFNGGFGSSMDSKSSGWGM,N/A,"1-102; 263-414
",414,"['MSEYIRVTEDENDEPIEIPSEDDGTVLLSTVTAQFPGACGLRYRNPVSQCMRGVRLVEGILHAPDAGWGNLVYVVNYPKDNKRKMDETDASSAVKVKRAVQK', 'KHNSNRQLERSGRFGGNPGGFGNQGGFGNSRGGGAGLGNNQGSNMGGGMNFGAFSINPAMMAAAQAALQSSWGMMGMLASQQNQSGPSGNNQNQGNMQREPNQAFGSGNNSYSGSNSGAAIGWGSASNAGSGSGFNGGFGSSMDSKSSGWGM']"
Q12888,MDPTGSQLDSDFSQQDTPCLIIEDSQPESQVLEDDSGSHFSMLSRHLPNLQTHKENPVLDVVSNPEQTAGEERGDGNSGFNEHLKENKVADPVDSSNLDTCGSISQVIEQLPQPNRTSSVLGMSVESAPAVEEEKGEELEQKEKEKEEDTSGNTTHSLGAEDTASSQLGFGVLELSQSQDVEENTVPYEVDKEQLQSVTTNSGYTRLSDVDANTAIKHEEQSNEDIPIAEQSSKDIPVTAQPSKDVHVVKEQNPPPARSEDMPFSPKASVAAMEAKEQLSAQELMESGLQIQKSPEPEVLSTQEDLFDQSNKTVSSDGCSTPSREEGGCSLASTPATTLHLLQLSGQRSLVQDSLSTNSSDLVAPSPDAFRSTPFIVPSSPTEQEGRQDKPMDTSVLSEEGGEPFQKKLQSGEPVELENPPLLPESTVSPQASTPISQSTPVFPPGSLPIPSQPQFSHDIFIPSPSLEEQSNDGKKDGDMHSSSLTVECSKTSEIEPKNSPEDLGLSLTGDSCKLMLSTSEYSQSPKMESLSSHRIDEDGENTQIEDTEPMSPVLNSKFVPAENDSILMNPAQDGEVQLSQNDDKTKGDDTDTRDDISILATGCKGREETVAEDVCIDLTCDSGSQAVPSPATRSEALSSVLDQEEAMEIKEHHPEEGSSGSEVEEIPETPCESQGEELKEENMESVPLHLSLTETQSQGLCLQKEMPKKECSEAMEVETSVISIDSPQKLAILDQELEHKEQEAWEEATSEDSSVVIVDVKEPSPRVDVSCEPLEGVEKCSDSQSWEDIAPEIEPCAENRLDTKEEKSVEYEGDLKSGTAETEPVEQDSSQPSLPLVRADDPLRLDQELQQPQTQEKTSNSLTEDSKMANAKQLSSDAEAQKLGKPSAHASQSFCESSSETPFHFTLPKEGDIIPPLTGATPPLIGHLKLEPKRHSTPIGISNYPESTIATSDVMSESMVETHDPILGSGKGDSGAAPDVDDKLCLRMKLVSPETEASEESLQFNLEKPATGERKNGSTAVAESVASPQKTMSVLSCICEARQENEARSEDPPTTPIRGNLLHFPSSQGEEEKEKLEGDHTIRQSQQPMKPISPVKDPVSPASQKMVIQGPSSPQGEAMVTDVLEDQKEGRSTNKENPSKALIERPSQNNIGIQTMECSLRVPETVSAATQTIKNVCEQGTSTVDQNFGKQDATVQTERGSGEKPVSAPGDDTESLHSQGEEEFDMPQPPHGHVLHRHMRTIREVRTLVTRVITDVYYVDGTEVERKVTEETEEPIVECQECETEVSPSQTGGSSGDLGDISSFSSKASSLHRTSSGTSLSAMHSSGSSGKGAGPLRGKTSGTEPADFALPSSRGGPGKLSPRKGVSQTGTPVCEEDGDAGLGIRQGGKAPVTPRGRGRRGRPPSRTTGTRETAVPGPLGIEDISPNLSPDDKSFSRVVPRVPDSTRRTDVGAGALRRSDSPEIPFQAAAGPSDGLDASSPGNSFVGLRVVAKWSSNGYFYSGKITRDVGAGKYKLLFDDGYECDVLGKDILLCDPIPLDTEVTALSEDEYFSAGVVKGHRKESGELYYSIEKEGQRKWYKRMAVILSLEQGNRLREQYGLGPYEAVTPLTKAADISLDNLVEGKRKRRSNVSSPATPTASSSSSTTPTRKITESPRASMGVLSGKRKLITSEEERSPAKRGRKSATVKPGAVGAGEFVSPCESGDNTGEPSALEEQRGPLPLNKTLFLGYAFLLTMATTSDKLASRSKLPDGPTGSSEEEEEFLEIPPFNKQYTESQLRAGAGYILEDFNEAQCNTAYQCLLIADQHCRTRKYFLCLASGIPCVSHVWVHDSCHANQLQNYRNYLLPAGYSLEEQRILDWQPRENPFQNLKVLLVSDQQQNFLELWSEILMTGGAASVKQHHSSAHNKDIALGVFDVVVTDPSCPASVLKCAEALQLPVVSQEWVIQCLIVGERIGFKQHPKYKHDYVSH,"1) DNA with double strand breaks (not strictly required)
2) p53 (not strictly required)",1203-1972,1972,['GEKPVSAPGDDTESLHSQGEEEFDMPQPPHGHVLHRHMRTIREVRTLVTRVITDVYYVDGTEVERKVTEETEEPIVECQECETEVSPSQTGGSSGDLGDISSFSSKASSLHRTSSGTSLSAMHSSGSSGKGAGPLRGKTSGTEPADFALPSSRGGPGKLSPRKGVSQTGTPVCEEDGDAGLGIRQGGKAPVTPRGRGRRGRPPSRTTGTRETAVPGPLGIEDISPNLSPDDKSFSRVVPRVPDSTRRTDVGAGALRRSDSPEIPFQAAAGPSDGLDASSPGNSFVGLRVVAKWSSNGYFYSGKITRDVGAGKYKLLFDDGYECDVLGKDILLCDPIPLDTEVTALSEDEYFSAGVVKGHRKESGELYYSIEKEGQRKWYKRMAVILSLEQGNRLREQYGLGPYEAVTPLTKAADISLDNLVEGKRKRRSNVSSPATPTASSSSSTTPTRKITESPRASMGVLSGKRKLITSEEERSPAKRGRKSATVKPGAVGAGEFVSPCESGDNTGEPSALEEQRGPLPLNKTLFLGYAFLLTMATTSDKLASRSKLPDGPTGSSEEEEEFLEIPPFNKQYTESQLRAGAGYILEDFNEAQCNTAYQCLLIADQHCRTRKYFLCLASGIPCVSHVWVHDSCHANQLQNYRNYLLPAGYSLEEQRILDWQPRENPFQNLKVLLVSDQQQNFLELWSEILMTGGAASVKQHHSSAHNKDIALGVFDVVVTDPSCPASVLKCAEALQLPVVSQEWVIQCLIVGERIGFKQHPKYKHDYVSH']
Q9TXM1,MSSSKPYPSGLPNSRRKRGGRRSSSRSNQESASNNMEHQITLDELFNPIAKQDSAQSTSREYGAKSGISHHGSVSFNGNTFMNGQQLNHSMTRHGRVFNQSMHAAQGNGSNAFNSIPPTAPVFSADFRRNLQTRNSSSWYERRFPVSTDQDDVQQSNTRRSRSRQNGQHGLSFSDGSNNYGHAGNKSFSVSSVPVGFQKQENNSKKLRQTNVHQQCLGNKSFNAQAGVHGHAFKKGHKDNKNASGKEVINSSLVQKHDAIKSRNLNQSFSGFPTHETSSMKNQQQKSRNDRKKSRGSSNFQDRTYFNTNDDELTDDVFIDDSMDAARGRRSRSVTKKLQQSTYSKQNAGSKQLTEKCKSSEEAAKRNLVSNVFSKDGTELSIEQLLEIVSMKIGQQIHLPSSSHGECSNLNRTLPASDLNCSIGEDFDSSFVDANNQTLPVSLPKKTSLSIKRRGSSRSASRLASLDVTLETVEEDEEPTPSPQPSSPPKISRRKWTGTFDANVEEMRRLLHGDPEMPKSANRASSSKDQINRNNVDVKRTPSSSIIPTPKALIGERCLTSSSKSSKLNKSLGVVDSKATKSPMYSVTVSGKETASGKRIAQKLTPKVVALESSYITGIPVSTDCNGCPTPKRSGINCEIRAAEVYNQAGKWPFEITSDPAPLPCESADRIEYPSQDCTQDPASTSPPPRISESLTAFLEAQQDFNDYIDTNYKEKTQLLKVNLNIHGMSPERWLYLNYFCTETIPRLDGPYADDPRVPPVRNMFRKWFLRFAEACLGNPHQLAVMQEIAATFVQARLDDTSSSTDSTNMLYMLWKECIGQKNIIAIADACLLAHLRKSDPIKYLNVKRDWLESIFDPPRDQ,"1) mRNA (stimulates LLPS but not required)
2) MEX-5 (negative regulator, probably competes for mRNA)",1-544,862,['MSSSKPYPSGLPNSRRKRGGRRSSSRSNQESASNNMEHQITLDELFNPIAKQDSAQSTSREYGAKSGISHHGSVSFNGNTFMNGQQLNHSMTRHGRVFNQSMHAAQGNGSNAFNSIPPTAPVFSADFRRNLQTRNSSSWYERRFPVSTDQDDVQQSNTRRSRSRQNGQHGLSFSDGSNNYGHAGNKSFSVSSVPVGFQKQENNSKKLRQTNVHQQCLGNKSFNAQAGVHGHAFKKGHKDNKNASGKEVINSSLVQKHDAIKSRNLNQSFSGFPTHETSSMKNQQQKSRNDRKKSRGSSNFQDRTYFNTNDDELTDDVFIDDSMDAARGRRSRSVTKKLQQSTYSKQNAGSKQLTEKCKSSEEAAKRNLVSNVFSKDGTELSIEQLLEIVSMKIGQQIHLPSSSHGECSNLNRTLPASDLNCSIGEDFDSSFVDANNQTLPVSLPKKTSLSIKRRGSSRSASRLASLDVTLETVEEDEEPTPSPQPSSPPKISRRKWTGTFDANVEEMRRLLHGDPEMPKSANRASSSKDQINRNNVDVKRTPSS']
P45973,MGKKTKRTADSSSSEDEEEYVVEKVLDRRVVKGQVEYLLKWKGFSEEHNTWEPEKNLDCPELISEFMKKYKKMKEGENNKPREKSESNKRKSNFSNSADDIKSKKKREQSNDIARGFERGLEPEKIIGATDSCGDLMFLMKWKDTDEADLVLAKEANVKCPQIVIAFYEERLTWHAYPEDAENKEKETAKS,1) DNA (promotes LLPS),1-177,191,['MGKKTKRTADSSSSEDEEEYVVEKVLDRRVVKGQVEYLLKWKGFSEEHNTWEPEKNLDCPELISEFMKKYKKMKEGENNKPREKSESNKRKSNFSNSADDIKSKKKREQSNDIARGFERGLEPEKIIGATDSCGDLMFLMKWKDTDEADLVLAKEANVKCPQIVIAFYEERLTWHAY']
Q13501,MASLTVKAYLLGKEDAAREIRRFSFCCSPEPEAEAEAAAGPGPCERLLSRVAALFPALRPGGFQAHYRDEDGDLVAFSSDEELTMAMSYVKDDIFRIYIKEKKECRRDHRPPCAQEAPRNMVHPNVICDGCNGPVVGTRYKCSVCPDYDLCSVCEGKGLHRGHTKLAFPSPFGHLSEGFSHSRWLRKVKHGHFGWPGWEMGPPGNWSPRPPRAGEARPGPTAESASGPSEDPSVNFLKNVGESVAAALSPLGIEVDIDVEHGGKRSRLTPVSPESSSTEEKSSSQPSSCCSDPSKPGGNVEGATQSLAEQMRKIALESEGRPEEQMESDNCSGGDDDWTHLSSKEVDPSTGELQSLQMPESEGPSSLDPSQEGPTGLKEAALYPHLPPEADPRLIESLSQMLSMGFSDEGGWLTRLLQTKNYDIGAALDTIQYSKHPPPL,1) K63 polyubiquitin chains (strictly required for LLPS),3-102; 389-440,440,"['SLTVKAYLLGKEDAAREIRRFSFCCSPEPEAEAEAAAGPGPCERLLSRVAALFPALRPGGFQAHYRDEDGDLVAFSSDEELTMAMSYVKDDIFRIYIKEK', 'EADPRLIESLSQMLSMGFSDEGGWLTRLLQTKNYDIGAALDTIQYSKHPPPL']"
Q9BYJ9,MSATSVDTQRTKGQDNKVQNGSLHQKDTVHDNDFEPYLTGQSNQSNSYPSMSDPYLSSYYPPSIGFPYSLNEAPWSTAGDPPIPYLTTYGQLSNGDHHFMHDAVFGQPGGLGNNIYQHRFNFFPENPAFSAWGTSGSQGQQTQSSAYGSSYTYPPSSLGGTVVDGQPGFHSDTLSKAPGMNSLEQGMVGLKIGDVSSSAVKTVGSVVSSVALTGVLSGNGGTNVNMPVSKPTSWAAIASKPAKPQPKMKTKSGPVMGGGLPPPPIKHNMDIGTWDNKGPVPKAPVPQQAPSPQAAPQPQQVAQPLPAQPPALAQPQYQSPQQPPQTRWVAPRNRNAAFGQSGGAGSDSNSPGNVQPNSAPSVESHPVLEKLKAAHSYNPKEFEWNLKSGRVFIIKSYSEDDIHRSIKYSIWCSTEHGNKRLDSAFRCMSSKGPVYLLFSVNGSGHFCGVAEMKSPVDYGTSAGVWSQDKWKGKFDVQWIFVKDVPNNQLRHIRLENNDNKPVTNSRDTQEVPLEKAKQVLKIISSYKHTTSIFDDFAHYEKRQEEEEVVRKERQSRNKQ,1) polymethylated (m6A) mRNAs (promote LLPS),1-388; 389-523,559,"['MSATSVDTQRTKGQDNKVQNGSLHQKDTVHDNDFEPYLTGQSNQSNSYPSMSDPYLSSYYPPSIGFPYSLNEAPWSTAGDPPIPYLTTYGQLSNGDHHFMHDAVFGQPGGLGNNIYQHRFNFFPENPAFSAWGTSGSQGQQTQSSAYGSSYTYPPSSLGGTVVDGQPGFHSDTLSKAPGMNSLEQGMVGLKIGDVSSSAVKTVGSVVSSVALTGVLSGNGGTNVNMPVSKPTSWAAIASKPAKPQPKMKTKSGPVMGGGLPPPPIKHNMDIGTWDNKGPVPKAPVPQQAPSPQAAPQPQQVAQPLPAQPPALAQPQYQSPQQPPQTRWVAPRNRNAAFGQSGGAGSDSNSPGNVQPNSAPSVESHPVLEKLKAAHSYNPKEFEWNLKS', 'GRVFIIKSYSEDDIHRSIKYSIWCSTEHGNKRLDSAFRCMSSKGPVYLLFSVNGSGHFCGVAEMKSPVDYGTSAGVWSQDKWKGKFDVQWIFVKDVPNNQLRHIRLENNDNKPVTNSRDTQEVPLEKAKQVLKII']"
Q14781,MEELSSVGEQVFAAECILSKRLRKGKLEYLVKWRGWSSKHNSWEPEENILDPRLLLAFQKKEHEKEVQNRKRGKRPRGRPRKLTAMSSCSRRSKLKEPDAPSKSKSSSSSSSSTSSSSSSDEEDDSDLDAKRGPRGRETHPVPQKKAQILVAKPELKDPIRKKRGRKPLPPEQKATRRPVSLAKVLKTARKDLGAPASKLPPPLSAPVAGLAALKAHAKEACGGPSAMATPENLASLMKGMASSPGRGGISWQSSIVHYMNRMTQSQAQAASRLALKAQATNKCGLGLDLKVRTQKGELGMSPPGSKIPKAPSGGAVEQKVGNTGGPPHTHGASRVPAGCPGPQPAPTQELSLQVLDLQSVKNGMPGVGLLARHATATKGVPATNPAPGKGTGSGLIGASGATMPTDTSKSEKLASRAVAPPTPASKRDCVKGSATPSGQESRTAPGEARKAATLPEMSAGEESSSSDSDPDSASPPSTGQNPSVSVQTSQDWKPTRSLIEHVFVTDVTANLITVTVKESPTSVGFFNLRHY,1) DNA with H3K27me3 (not required),1-532,532,['MEELSSVGEQVFAAECILSKRLRKGKLEYLVKWRGWSSKHNSWEPEENILDPRLLLAFQKKEHEKEVQNRKRGKRPRGRPRKLTAMSSCSRRSKLKEPDAPSKSKSSSSSSSSTSSSSSSDEEDDSDLDAKRGPRGRETHPVPQKKAQILVAKPELKDPIRKKRGRKPLPPEQKATRRPVSLAKVLKTARKDLGAPASKLPPPLSAPVAGLAALKAHAKEACGGPSAMATPENLASLMKGMASSPGRGGISWQSSIVHYMNRMTQSQAQAASRLALKAQATNKCGLGLDLKVRTQKGELGMSPPGSKIPKAPSGGAVEQKVGNTGGPPHTHGASRVPAGCPGPQPAPTQELSLQVLDLQSVKNGMPGVGLLARHATATKGVPATNPAPGKGTGSGLIGASGATMPTDTSKSEKLASRAVAPPTPASKRDCVKGSATPSGQESRTAPGEARKAATLPEMSAGEESSSSDSDPDSASPPSTGQNPSVSVQTSQDWKPTRSLIEHVFVTDVTANLITVTVKESPTSVGFFNLRHY']
P09651,MSKSESPKEPEQLRKLFIGGLSFETTDESLRSHFEQWGTLTDCVVMRDPNTKRSRGFGFVTYATVEEVDAAMNARPHKVDGRVVEPKRAVSREDSQRPGAHLTVKKIFVGGIKEDTEEHHLRDYFEQYGKIEVIEIMTDRGSGKKRGFAFVTFDDHDSVDKIVIQKYHTVNGHNCEVRKALSKQEMASASSSQRGRSGSGNFGGGRGGGFGGNDNFGRGGNFSGRGGFGGSRGGGGYGGSGDGYNGFGNDGGYGGGGPGYSGGSRGYGSGGQGYGNQGSGYGGSGSYDSYNNGGGGGFGGGSGSNFGGGGSYNDFGNYNNQSSNFGPMKGGNFGGRSSGPYGGGGQYFAKPRNQGGYGGSSSSSSYGSGRRF,"1) RNA (not strictly required, but reduces critical hnRNPA1 concentration)",186-372,372,['MASASSSQRGRSGSGNFGGGRGGGFGGNDNFGRGGNFSGRGGFGGSRGGGGYGGSGDGYNGFGNDGGYGGGGPGYSGGSRGYGSGGQGYGNQGSGYGGSGSYDSYNNGGGGGFGGGSGSNFGGGGSYNDFGNYNNQSSNFGPMKGGNFGGRSSGPYGGGGQYFAKPRNQGGYGGSSSSSSYGSGRRF']
Q02629,MFGNNRPMFGGSNLSFGSNTSSFGGQQSQQPNSLFGNSNNNNNSTSNNAQSGFGGFTSAAGSNSNSLFGNNNTQNNGAFGQSMGATQNSPFGSLNSSNASNGNTFGGSSSMGSFGGNTNNAFNNNSNSTNSPFGFNKPNTGGTLFGSQNNNSAGTSSLFGGQSTSTTGTFGNTGSSFGTGLNGNGSNIFGAGNNSQSNTTGSLFGNQQSSAFGTNNQQGSLFGQQSQNTNNAFGNQNQLGGSSFGSKPVGSGSLFGQSNNTLGNTTNNRNGLFGQMNSSNQGSSNSGLFGQNSMNSSTQGVFGQNNNQMQINGNNNNSLFGKANTFSNSASGGLFGQNNQQQGSGLFGQNSQTSGSSGLFGQNNQKQPNTFTQSNTGIGLFGQNNNQQQQSTGLFGAKPAGTTGSLFGGNSSTQPNSLFGTTNVPTSNTQSQQGNSLFGATKLTNMPFGGNPTANQSGSGNSLFGTKPASTTGSLFGNNTASTTVPSTNGLFGNNANNSTSTTNTGLFGAKPDSQSKPALGGGLFGNSNSNSSTIGQNKPVFGGTTQNTGLFGATGTNSSAVGSTGKLFGQNNNTLNVGTQNVPPVNNTTQNALLGTTAVPSLQQAPVTNEQLFSKISIPNSITNPVKATTSKVNADMKRNSSLTSAYRLAPKPLFAPSSNGDAKFQKWGKTLERSDRGSSTSNSITDPESSYLNSNDLLFDPDRRYLKHLVIKNNKNLNVINHNDDEASKVKLVTFTTESASKDDQASSSIAASKLTEKAHSPQTDLKDDHDESTPDPQSKSPNGSTSIPMIENEKISSKVPGLLSNDVTFFKNNYYISPSIETLGNKSLIELRKINNLVIGHRNYGKVEFLEPVDLLNTPLDTLCGDLVTFGPKSCSIYENCSIKPEKGEGINVRCRVTLYSCFPIDKETRKPIKNITHPLLKRSIAKLKENPVYKFESYDPVTGTYSYTIDHPVLT,N/A,1-959,959,['MFGNNRPMFGGSNLSFGSNTSSFGGQQSQQPNSLFGNSNNNNNSTSNNAQSGFGGFTSAAGSNSNSLFGNNNTQNNGAFGQSMGATQNSPFGSLNSSNASNGNTFGGSSSMGSFGGNTNNAFNNNSNSTNSPFGFNKPNTGGTLFGSQNNNSAGTSSLFGGQSTSTTGTFGNTGSSFGTGLNGNGSNIFGAGNNSQSNTTGSLFGNQQSSAFGTNNQQGSLFGQQSQNTNNAFGNQNQLGGSSFGSKPVGSGSLFGQSNNTLGNTTNNRNGLFGQMNSSNQGSSNSGLFGQNSMNSSTQGVFGQNNNQMQINGNNNNSLFGKANTFSNSASGGLFGQNNQQQGSGLFGQNSQTSGSSGLFGQNNQKQPNTFTQSNTGIGLFGQNNNQQQQSTGLFGAKPAGTTGSLFGGNSSTQPNSLFGTTNVPTSNTQSQQGNSLFGATKLTNMPFGGNPTANQSGSGNSLFGTKPASTTGSLFGNNTASTTVPSTNGLFGNNANNSTSTTNTGLFGAKPDSQSKPALGGGLFGNSNSNSSTIGQNKPVFGGTTQNTGLFGATGTNSSAVGSTGKLFGQNNNTLNVGTQNVPPVNNTTQNALLGTTAVPSLQQAPVTNEQLFSKISIPNSITNPVKATTSKVNADMKRNSSLTSAYRLAPKPLFAPSSNGDAKFQKWGKTLERSDRGSSTSNSITDPESSYLNSNDLLFDPDRRYLKHLVIKNNKNLNVINHNDDEASKVKLVTFTTESASKDDQASSSIAASKLTEKAHSPQTDLKDDHDESTPDPQSKSPNGSTSIPMIENEKISSKVPGLLSNDVTFFKNNYYISPSIETLGNKSLIELRKINNLVIGHRNYGKVEFLEPVDLLNTPLDTLCGDLVTFGPKSCSIYENCSIKPEKGEGINVRCRVTLYSCFPIDKETRKPIKNITHPLLKRSIAKLKENPVYKFESYDPVTGTYSYTIDHPVLT']
O60885,MSAESGPGTRLRNLPVMGDGLETSQMSTTQAQAQPQPANAASTNPPPPETSNPNKPKRQTNQLQYLLRVVLKTLWKHQFAWPFQQPVDAVKLNLPDYYKIIKTPMDMGTIKKRLENNYYWNAQECIQDFNTMFTNCYIYNKPGDDIVLMAEALEKLFLQKINELPTEETEIMIVQAKGRGRGRKETGTAKPGVSTVPNTTQASTPPQTQTPQPNPPPVQATPHPFPAVTPDLIVQTPVMTVVPPQPLQTPPPVPPQPQPPPAPAPQPVQSHPPIIAATPQPVKTKKGVKRKADTTTPTTIDPIHEPPSLPPEPKTTKLGQRRESSRPVKPPKKDVPDSQQHPAPEKSSKVSEQLKCCSGILKEMFAKKHAAYAWPFYKPVDVEALGLHDYCDIIKHPMDMSTIKSKLEAREYRDAQEFGADVRLMFSNCYKYNPPDHEVVAMARKLQDVFEMRFAKMPDEPEEPVVAVSSPAVPPPTKVVAPPSSSDSSSDSSSDSDSSTDDSEEERAQRLAELQEQLKAVHEQLAALSQPQQNKPKKKEKDKKEKKKEKHKRKEEVEENKKSKAKEPPPKKTKKNNSSNSNVSKKEPAPMKSKPPPTYESEEEDKCKPMSYEEKRQLSLDINKLPGEKLGRVVHIIQSREPSLKNSNPDEIEIDFETLKPSTLRELERYVTSCLRKKRKPQAEKVDVIAGSSKMKGFSSSESESSSESSSSDSEDSETEMAPKSKKKGHPGREQKKHHHHHHQQMQQAPAPVPQQPPPPPQQPPPPPPPQQQQQPPPPPPPPSMPQQAAPAMKSSPPPFIATQVPVLEPQLPGSVFDPIGHFTQPILHLPQPELPPHLPQPPEHSTPPHLNQHAVVSPPALHNALPQQPSRPSNRAAALPPKPARPPAVSPALTQTPLLPQPPMAQPPQVLLEDEEPPAPPLTSMQMQLYLQQLQKVQPPTPLLPSVKVQSQPPPPLPPPPHPSVQQQLQQQPPPPPPPQPQPPPQQQHQPPPRPVHLQPMQFSTHIQQPPPPQGQQPPHPPPGQQPPPPQPAKPQQVIQHHHSPRHHKSDPYSTGHLREAPSPLMIHSPQMSQFQSLTHQSPPQQNVQPKKQELRAASVVQPQPLVVVKEEKIHSPIIRSEPFSPSLRPEPPKHPESIKAPVHLPQRPEMKPVDVGRPVIRPPEQNAPPPGAPDKDKQKQEPKTPVAPKKDLKIKNMGSWASLVQKHPTTPSSTAKSSSDSFEQFRRAAREKEEREKALKAQAEHAEKEKERLRQERMRSREDEDALEQARRAHEEARRRQEQQQQQRQEQQQQQQQQAAAVAAAATPQAQSSQPQSMLDQQRELARKREQERRRREAMAATIDMNFQSDLLSIFEENLF,N/A,674-1351,1362,['CLRKKRKPQAEKVDVIAGSSKMKGFSSSESESSSESSSSDSEDSETEMAPKSKKKGHPGREQKKHHHHHHQQMQQAPAPVPQQPPPPPQQPPPPPPPQQQQQPPPPPPPPSMPQQAAPAMKSSPPPFIATQVPVLEPQLPGSVFDPIGHFTQPILHLPQPELPPHLPQPPEHSTPPHLNQHAVVSPPALHNALPQQPSRPSNRAAALPPKPARPPAVSPALTQTPLLPQPPMAQPPQVLLEDEEPPAPPLTSMQMQLYLQQLQKVQPPTPLLPSVKVQSQPPPPLPPPPHPSVQQQLQQQPPPPPPPQPQPPPQQQHQPPPRPVHLQPMQFSTHIQQPPPPQGQQPPHPPPGQQPPPPQPAKPQQVIQHHHSPRHHKSDPYSTGHLREAPSPLMIHSPQMSQFQSLTHQSPPQQNVQPKKQELRAASVVQPQPLVVVKEEKIHSPIIRSEPFSPSLRPEPPKHPESIKAPVHLPQRPEMKPVDVGRPVIRPPEQNAPPPGAPDKDKQKQEPKTPVAPKKDLKIKNMGSWASLVQKHPTTPSSTAKSSSDSFEQFRRAAREKEEREKALKAQAEHAEKEKERLRQERMRSREDEDALEQARRAHEEARRRQEQQQQQRQEQQQQQQQQAAAVAAAATPQAQSSQPQSMLDQQRELARKREQERRRREAMAATIDMNFQS']
P43243,MSKSFQQSSLSRDSQGHGRDLSAAGIGLLAAATQSLSMPASLGRMNQGTARLASLMNLGMSSSLNQQGAHSALSSASTSSHNLQSIFNIGSRGPLPLSSQHRGDADQASNILASFGLSARDLDELSRYPEDKITPENLPQILLQLKRRRTEEGPTLSYGRDGRSATREPPYRVPRDDWEEKRHFRRDSFDDRGPSLNPVLDYDHGSRSQESGYYDRMDYEDDRLRDGERCRDDSFFGETSHNYHKFDSEYERMGRGPGPLQERSLFEKKRGAPPSSNIEDFHGLLPKGYPHLCSICDLPVHSNKEWSQHINGASHSRRCQLLLEIYPEWNPDNDTGHTMGDPFMLQQSTNPAPGILGPPPPSFHLGGPAVGPRGNLGAGNGNLQGPRHMQKGRVETSRVVHIMDFQRGKNLRYQLLQLVEPFGVISNHLILNKINEAFIEMATTEDAQAAVDYYTTTPALVFGKPVRVHLSQKYKRIKKPEGKPDQKFDQKQELGRVIHLSNLPHSGYSDSAVLKLAEPYGKIKNYILMRMKSQAFIEMETREDAMAMVDHCLKKALWFQGRCVKVDLSEKYKKLVLRIPNRGIDLLKKDKSRKRSYSPDGKESPSDKKSKTDGSQKTESSTEGKEQEEKSGEDGEKDTKDDQTEQEPNMLLESEDELLVDEEEAAALLESGSSVGDETDLANLGDVASDGKKEPSDKAVKKDGSASAAAKKKLKKVDKIEELDQENEAALENGIKNEENTEPGAESSENADDPNKDTSENADGQSDENKDDYTIPDEYRIGPYQPNVPVGIDYVIPKTGFYCKLCSLFYTNEEVAKNTHCSSLPHYQKLKKFLNKLAEERRQKKET,N/A,1-397,847,['MSKSFQQSSLSRDSQGHGRDLSAAGIGLLAAATQSLSMPASLGRMNQGTARLASLMNLGMSSSLNQQGAHSALSSASTSSHNLQSIFNIGSRGPLPLSSQHRGDADQASNILASFGLSARDLDELSRYPEDKITPENLPQILLQLKRRRTEEGPTLSYGRDGRSATREPPYRVPRDDWEEKRHFRRDSFDDRGPSLNPVLDYDHGSRSQESGYYDRMDYEDDRLRDGERCRDDSFFGETSHNYHKFDSEYERMGRGPGPLQERSLFEKKRGAPPSSNIEDFHGLLPKGYPHLCSICDLPVHSNKEWSQHINGASHSRRCQLLLEIYPEWNPDNDTGHTMGDPFMLQQSTNPAPGILGPPPPSFHLGGPAVGPRGNLGAGNGNLQGPRHMQKGRVETS']
P17600,MNYLRRRLSDSNFMANLPNGYMTDLQRPQPPPPPPGAHSPGATPGPGTATAERSSGVAPAASPAAPSPGSSGGGGFFSSLSNAVKQTTAAAAATFSEQVGGGSGGAGRGGAASRVLLVIDEPHTDWAKYFKGKKIHGEIDIKVEQAEFSDLNLVAHANGGFSVDMEVLRNGVKVVRSLKPDFVLIRQHAFSMARNGDYRSLVIGLQYAGIPSVNSLHSVYNFCDKPWVFAQMVRLHKKLGTEEFPLIDQTFYPNHKEMLSSTTYPVVVKMGHAHSGMGKVKVDNQHDFQDIASVVALTKTYATAEPFIDAKYDVRVQKIGQNYKAYMRTSVSGNWKTNTGSAMLEQIAMSDRYKLWVDTCSEIFGGLDICAVEALHGKDGRDHIIEVVGSSMPLIGDHQDEDKQLIVELVVNKMAQALPRQRQRDASPGRGSHGQTPSPGALPLGRQTSQQPAGPPAQQRPPPQGGPPQPGPGPQRQGPPLQQRPPPQGQQHLSGLGPPAGSPLPQRLPSPTSAPQQPASQAAPPTQGQGRQSRPVAGGPGAPPAARPPASPSPQRQAGPPQATRQTSVSGPAPPKASGAPPGGQQRQGPPQKPPGPAGPTRQASQAGPVPRTGPPTTQQPRPSGPGPAGRPKPQLAQKPSQDVPPPATAAAGGPPHPQLNKSQSLTNAFNLPEPAPPRPSLSQDEVKAETIRSLRKSFASLFSD,"1) intersectin (not required, but promotes LLPS)
2) GRB2 (not required, but promotes LLPS)",421-705,705,['QRQRDASPGRGSHGQTPSPGALPLGRQTSQQPAGPPAQQRPPPQGGPPQPGPGPQRQGPPLQQRPPPQGQQHLSGLGPPAGSPLPQRLPSPTSAPQQPASQAAPPTQGQGRQSRPVAGGPGAPPAARPPASPSPQRQAGPPQATRQTSVSGPAPPKASGAPPGGQQRQGPPQKPPGPAGPTRQASQAGPVPRTGPPTTQQPRPSGPGPAGRPKPQLAQKPSQDVPPPATAAAGGPPHPQLNKSQSLTNAFNLPEPAPPRPSLSQDEVKAETIRSLRKSFASLFSD']
Q7KTV5,MTDLLKIADAIVLEYLQSKDKNLAKVFQQKTKAASVAKSSPKLSEILQFYQTKSPKKIPAIKATAGDSSEDSDSDSESDAAPKKPATAPALTNGKAVKKAASSTSEDSDSEEEKKPAAKATPAKAVGKKAKSSSEDSSSEEEAPKKAAPVKAPPAKAAPAKKVESSSEDSSSEEEPAKPAVKATTTKVAPAKKADSSSEESSSDEETKPAAKPVAKAAPAKKAASSSEESDSDDEPAAKKPAVQPAAKPAPKAAASSSEDSSSEEEVKPAAKSAAKLAPAKKGASSSDDSSSEDEAPKKAATLAKPISKAAPTKKADSSTEDSSSEDDAPKKVAPAKATPAKAIPAKKAASSDDSSSEEEAPKKAAPANATPARAPPAKKAASSDDSSSEEEAPKKAAPAKATPAKATPAKKAASSDDSSSEEEAPKKAAAPAKATPAKKAKSSSEDSDSDEEEAPKKPAAKAVAKAASSEDSDSSEDEKPAKAAPKALAKSAKAASSDSDDSSDEETPAVKPAVKKTAAPAKKADSSSDESDSGEESGEVKPNSATNGNEKTAQKRKFSGGDQDEATPNKKYNNFVKSGEQQKNDFTSTPNNTFSRNHNMNNSGGGSGRRSPFRRVRTEDVVVDSRVQDMSFEAKKNAAGSWGERANKDLKHTRGKSFKHEKTKKKRGSYRGGQIDVGVNSIKFD,"1) rDNA (modulates the kinetics, variability of the process but not required)",1-686,686,['MTDLLKIADAIVLEYLQSKDKNLAKVFQQKTKAASVAKSSPKLSEILQFYQTKSPKKIPAIKATAGDSSEDSDSDSESDAAPKKPATAPALTNGKAVKKAASSTSEDSDSEEEKKPAAKATPAKAVGKKAKSSSEDSSSEEEAPKKAAPVKAPPAKAAPAKKVESSSEDSSSEEEPAKPAVKATTTKVAPAKKADSSSEESSSDEETKPAAKPVAKAAPAKKAASSSEESDSDDEPAAKKPAVQPAAKPAPKAAASSSEDSSSEEEVKPAAKSAAKLAPAKKGASSSDDSSSEDEAPKKAATLAKPISKAAPTKKADSSTEDSSSEDDAPKKVAPAKATPAKAIPAKKAASSDDSSSEEEAPKKAAPANATPARAPPAKKAASSDDSSSEEEAPKKAAPAKATPAKATPAKKAASSDDSSSEEEAPKKAAAPAKATPAKKAKSSSEDSDSDEEEAPKKPAAKAVAKAASSEDSDSSEDEKPAKAAPKALAKSAKAASSDSDDSSDEETPAVKPAVKKTAAPAKKADSSSDESDSGEESGEVKPNSATNGNEKTAQKRKFSGGDQDEATPNKKYNNFVKSGEQQKNDFTSTPNNTFSRNHNMNNSGGGSGRRSPFRRVRTEDVVVDSRVQDMSFEAKKNAAGSWGERANKDLKHTRGKSFKHEKTKKKRGSYRGGQIDVGVNSIKFD']
O00571,MSHVAVENALGLDQQFAGLDLNSSDNQSGGSTASKGRYIPPHLRNREATKGFYDKDSSGWSSSKDKDAYSSFGSRSDSRGKSSFFSDRGSGSRGRFDDRGRSDYDGIGSRGDRSGFGKFERGGNSRWCDKSDEDDWSKPLPPSERLEQELFSGGNTGINFEKYDDIPVEATGNNCPPHIESFSDVEMGEIIMGNIELTRYTRPTPVQKHAIPIIKEKRDLMACAQTGSGKTAAFLLPILSQIYSDGPGEALRAMKENGRYGRRKQYPISLVLAPTRELAVQIYEEARKFSYRSRVRPCVVYGGADIGQQIRDLERGCHLLVATPGRLVDMMERGKIGLDFCKYLVLDEADRMLDMGFEPQIRRIVEQDTMPPKGVRHTMMFSATFPKEIQMLARDFLDEYIFLAVGRVGSTSENITQKVVWVEESDKRSFLLDLLNATGKDSLTLVFVETKKGADSLEDFLYHEGYACTSIHGDRSQRDREEALHQFRSGKSPILVATAVAARGLDISNVKHVINFDLPSDIEEYVHRIGRTGRVGNLGLATSFFNERNINITKDLLDLLVEAKQEVPSWLENMAYEHHYKGSSRGRSKSSRFSGGFGARDYRQSSGASSSSFSSSRASSSRSGGGGHGSSRGFGGGGYGGFYNSDGYGGNYNSQGVDWWGN,1) eIF4E (required for in vivo SG formation but not for LLPS),1-168,662,['MSHVAVENALGLDQQFAGLDLNSSDNQSGGSTASKGRYIPPHLRNREATKGFYDKDSSGWSSSKDKDAYSSFGSRSDSRGKSSFFSDRGSGSRGRFDDRGRSDYDGIGSRGDRSGFGKFERGGNSRWCDKSDEDDWSKPLPPSERLEQELFSGGNTGINFEKYDDIPV']
P10636-8,MAEPRQEFEVMEDHAGTYGLGDRKDQGGYTMHQDQEGDTDAGLKESPLQTPTEDGSEEPGSETSDAKSTPTAEDVTAPLVDEGAPGKQAAAQPHTEIPEGTTAEEAGIGDTPSLEDEAAGHVTQARMVSKSKDGTGSDDKKAKGADGKTKIATPRGAAPPGQKGQANATRIPAKTPPAPKTPPSSGEPPKSGDRSGYSSPGSPGTPGSRSRTPSLPTPPTREPKKVAVVRTPPKSPSSAKSRLQTAPVPMPDLKNVKSKIGSTENLKHQPGGGKVQIINKKLDLSNVQSKCGSKDNIKHVPGGGSVQIVYKPVDLSKVTSKCGSLGNIHHKPGGGQVEVKSEKLDFKDRVQSKIGSLDNITHVPGGGNKKIETHKLTFRENAKAKTDHGAEIVYKSPVVSGDTSPRHLSNVSSTGSIDMVDSPQLATLADEVSASLAKQGL,"1) tRNA
2) heparin
3) tubulin",244-368,441,['QTAPVPMPDLKNVKSKIGSTENLKHQPGGGKVQIINKKLDLSNVQSKCGSKDNIKHVPGGGSVQIVYKPVDLSKVTSKCGSLGNIHHKPGGGQVEVKSEKLDFKDRVQSKIGSLDNITHVPGGGN']
P91349,MEDNSVLNEDSNLEHVEGQPRRSMSQPVLNVEGDKRTSSTSATQQQVLSGAFSSADVRSIPIIQTWEENKALKTKITILRGELQMYQRRYSEAKEASQKRVKEVMDDYVDLKLGQENVQEKMEQYKLMEEDLLAMQSRIETSEDNFARQMKEFEAQKHAMEERIKELELSATDANNTTVGSFRGTLDDILKKNDPDFTLTSGYEERKINDLEAKLLSEIDKVAELEDHIQQLRQELDDQSARLADSENVRAQLEAATGQGILGAAGNAMVPNSTFMIGNGRESQTRDQLNYIDDLETKLADAKKENDKARQALVEYMNKCSKLEHEIRTMVKNSTFDSSSMLLGGQTSDELKIQIGKVNGELNVLRAENRELRIRCDQLTGGDGNLSISLGQSRLMAGIATNDVDSIGQGNETGGTSMRILPRESQLDDLEESKLPLMDTSSAVRNQQQFASMWEDFESVKDSLQNNHNDTLEGSFNSSMPPPGRDATQSFLSQKSFKNSPIVMQKPKSLHLHLKSHQSEGAGEQIQNNSFSTKTASPHVSQSHIPILHDMQQILDSSAMFLEGQHDVAVNVEQMQEKMSQIREALARLFERLKSSAALFEEILERMGSSDPNADKIKKMKLAFETSINDKLNVSAILEAAEKDLHNMSLNFSILEKSIVSQAAEASRRFTIAPDAEDVASSSLLNASYSPLFKFTSNSDIVEKLQNEVSELKNELEMARTRDMRSPLNGSSGRLSDVQINTNRMFEDLEVSEATLQKAKEENSTLKSQFAELEANLHQVNSKLGEVRCELNEALARVDGEQETRVKAENALEEARQLISSLKHEENELKKTITDMGMRLNEAKKSDEFLKSELSTALEEEKKSQNLADELSEELNGWRMRTKEAENKVEHASSEKSEMLERIVHLETEMEKLSTSEIAADYCSTKMTERKKEIELAKYREDFENAAIVGLERISKEISELTKKTLKAKIIPSNISSIQLVCDELCRRLSREREQQHEYAKVMRDVNEKIEKLQLEKDALEHELKMMSSNNENVPPVGTSVSGMPTKTSNQKCAQPHYTSPTRQLLHESTMAVDAIVQKLKKTHNMSGMGPELKETIGNVINESRVLRDFLHQKLILFKGIDMSNWKNETVDQLITDLGQLHQDNLMLEEQIKKYKKELKLTKSAIPTLGVEFQDRIKTEIGKIATDMGGAVKEIRKK,"1) SPD-2 (enhances SPD-5 polymerization, but not required)",1-1198,1198,['MEDNSVLNEDSNLEHVEGQPRRSMSQPVLNVEGDKRTSSTSATQQQVLSGAFSSADVRSIPIIQTWEENKALKTKITILRGELQMYQRRYSEAKEASQKRVKEVMDDYVDLKLGQENVQEKMEQYKLMEEDLLAMQSRIETSEDNFARQMKEFEAQKHAMEERIKELELSATDANNTTVGSFRGTLDDILKKNDPDFTLTSGYEERKINDLEAKLLSEIDKVAELEDHIQQLRQELDDQSARLADSENVRAQLEAATGQGILGAAGNAMVPNSTFMIGNGRESQTRDQLNYIDDLETKLADAKKENDKARQALVEYMNKCSKLEHEIRTMVKNSTFDSSSMLLGGQTSDELKIQIGKVNGELNVLRAENRELRIRCDQLTGGDGNLSISLGQSRLMAGIATNDVDSIGQGNETGGTSMRILPRESQLDDLEESKLPLMDTSSAVRNQQQFASMWEDFESVKDSLQNNHNDTLEGSFNSSMPPPGRDATQSFLSQKSFKNSPIVMQKPKSLHLHLKSHQSEGAGEQIQNNSFSTKTASPHVSQSHIPILHDMQQILDSSAMFLEGQHDVAVNVEQMQEKMSQIREALARLFERLKSSAALFEEILERMGSSDPNADKIKKMKLAFETSINDKLNVSAILEAAEKDLHNMSLNFSILEKSIVSQAAEASRRFTIAPDAEDVASSSLLNASYSPLFKFTSNSDIVEKLQNEVSELKNELEMARTRDMRSPLNGSSGRLSDVQINTNRMFEDLEVSEATLQKAKEENSTLKSQFAELEANLHQVNSKLGEVRCELNEALARVDGEQETRVKAENALEEARQLISSLKHEENELKKTITDMGMRLNEAKKSDEFLKSELSTALEEEKKSQNLADELSEELNGWRMRTKEAENKVEHASSEKSEMLERIVHLETEMEKLSTSEIAADYCSTKMTERKKEIELAKYREDFENAAIVGLERISKEISELTKKTLKAKIIPSNISSIQLVCDELCRRLSREREQQHEYAKVMRDVNEKIEKLQLEKDALEHELKMMSSNNENVPPVGTSVSGMPTKTSNQKCAQPHYTSPTRQLLHESTMAVDAIVQKLKKTHNMSGMGPELKETIGNVINESRVLRDFLHQKLILFKGIDMSNWKNETVDQLITDLGQLHQDNLMLEEQIKKYKKELKLTKSAIPTLGVEFQDRIKTEIGKIATDMGGAVKEIRKK']
P05205,MGKKIDNPESSAKVSDAEEEEEEYAVEKIIDRRVRKGKVEYYLKWKGYPETENTWEPENNLDCQDLIQQYEASRKDEEKSAASKKDRPSSSAKAKETQGRASSSTSTASKRKSEEPTAPSGNKSKRTTDAEQDTIPVSGSTGFDRGLEAEKILGASDNNGRLTFLIQFKGVDQAEMVPSSVANEKIPRMVIHFYEERLSWYSDNED,N/A,1-206,206,['MGKKIDNPESSAKVSDAEEEEEEYAVEKIIDRRVRKGKVEYYLKWKGYPETENTWEPENNLDCQDLIQQYEASRKDEEKSAASKKDRPSSSAKAKETQGRASSSTSTASKRKSEEPTAPSGNKSKRTTDAEQDTIPVSGSTGFDRGLEAEKILGASDNNGRLTFLIQFKGVDQAEMVPSSVANEKIPRMVIHFYEERLSWYSDNED']
D0PV95,MESNQSNNGGSGNAALNRGGRYVPPHLRGGDGGAAAAASAGGDDRRGGAGGGGYRRGGGNSGGGGGGGYDRGYNDNRDDRDNRGGSGGYGRDRNYEDRGYNGGGGGGGNRGYNNNRGGGGGGYNRQDRGDGGSSNFSRGGYNNRDEGSDNRGSGRSYNNDRRDNGGDGQNTRWNNLDAPPSRGTSKWENRGARDERIEQELFSGQLSGINFDKYEEIPVEATGDDVPQPISLFSDLSLHEWIEENIKTAGYDRPTPVQKYSIPALQGGRDLMSCAQTGSGKTAAFLVPLVNAILQDGPDAVHRSVTSSGGRKKQYPSALVLSPTRELSLQIFNESRKFAYRTPITSALLYGGRENYKDQIHKLRLGCHILIATPGRLIDVMDQGLIGMEGCRYLVLDEADRMLDMGFEPQIRQIVECNRMPSKEERITAMFSATFPKEIQLLAQDFLKENYVFLAVGRVGSTSENIMQKIVWVEEDEKRSYLMDLLDATGDSSLTLVFVETKRGASDLAYYLNRQNYEVVTIHGDLKQFEREKHLDLFRTGTAPILVATAVAARGLDIPNVKHVINYDLPSDVDEYVHRIGRTGRVGNVGLATSFFNDKNRNIARELMDLIVEANQELPDWLEGMSGDMRSGGGYRGRGGRGNGQRFGGRDHRYQGGSGNGGGGNGGGGGFGGGGQRSGGGGGFQSGGGGGRQQQQQQRAQPQQDWWS,"1) RNA (via N-terminal RGG region, not strictly required)",1-168,708,['MESNQSNNGGSGNAALNRGGRYVPPHLRGGDGGAAAAASAGGDDRRGGAGGGGYRRGGGNSGGGGGGGYDRGYNDNRDDRDNRGGSGGYGRDRNYEDRGYNGGGGGGGNRGYNNNRGGGGGGYNRQDRGDGGSSNFSRGGYNNRDEGSDNRGSGRSYNNDRRDNGGDG']
P24928,MHGGGPPSGDSACPLRTIKRVQFGVLSPDELKRMSVTEGGIKYPETTEGGRPKLGGLMDPRQGVIERTGRCQTCAGNMTECPGHFGHIELAKPVFHVGFLVKTMKVLRCVCFFCSKLLVDSNNPKIKDILAKSKGQPKKRLTHVYDLCKGKNICEGGEEMDNKFGVEQPEGDEDLTKEKGHGGCGRYQPRIRRSGLELYAEWKHVNEDSQEKKILLSPERVHEIFKRISDEECFVLGMEPRYARPEWMIVTVLPVPPLSVRPAVVMQGSARNQDDLTHKLADIVKINNQLRRNEQNGAAAHVIAEDVKLLQFHVATMVDNELPGLPRAMQKSGRPLKSLKQRLKGKEGRVRGNLMGKRVDFSARTVITPDPNLSIDQVGVPRSIAANMTFAEIVTPFNIDRLQELVRRGNSQYPGAKYIIRDNGDRIDLRFHPKPSDLHLQTGYKVERHMCDGDIVIFNRQPTLHKMSMMGHRVRILPWSTFRLNLSVTTPYNADFDGDEMNLHLPQSLETRAEIQELAMVPRMIVTPQSNRPVMGIVQDTLTAVRKFTKRDVFLERGEVMNLLMFLSTWDGKVPQPAILKPRPLWTGKQIFSLIIPGHINCIRTHSTHPDDEDSGPYKHISPGDTKVVVENGELIMGILCKKSLGTSAGSLVHISYLEMGHDITRLFYSNIQTVINNWLLIEGHTIGIGDSIADSKTYQDIQNTIKKAKQDVIEVIEKAHNNELEPTPGNTLRQTFENQVNRILNDARDKTGSSAQKSLSEYNNFKSMVVSGAKGSKINISQVIAVVGQQNVEGKRIPFGFKHRTLPHFIKDDYGPESRGFVENSYLAGLTPTEFFFHAMGGREGLIDTAVKTAETGYIQRRLIKSMESVMVKYDATVRNSINQVVQLRYGEDGLAGESVEFQNLATLKPSNKAFEKKFRFDYTNERALRRTLQEDLVKDVLSNAHIQNELEREFERMREDREVLRVIFPTGDSKVVLPCNLLRMIWNAQKIFHINPRLPSDLHPIKVVEGVKELSKKLVIVNGDDPLSRQAQENATLLFNIHLRSTLCSRRMAEEFRLSGEAFDWLLGEIESKFNQAIAHPGEMVGALAAQSLGEPATQMTLNTFHYAGVSAKNVTLGVPRLKELINISKKPKTPSLTVFLLGQSARDAERAKDILCRLEHTTLRKVTANTAIYYDPNPQSTVVAEDQEWVNVYYEMPDFDVARISPWLLRVELDRKHMTDRKLTMEQIAEKINAGFGDDLNCIFNDDNAEKLVLRIRIMNSDENKMQEEEEVVDKMDDDVFLRCIESNMLTDMTLQGIEQISKVYMHLPQTDNKKKIIITEDGEFKALQEWILETDGVSLMRVLSEKDVDPVRTTSNDIVEIFTVLGIEAVRKALERELYHVISFDGSYVNYRHLALLCDTMTCRGHLMAITRHGVNRQDTGPLMKCSFEETVDVLMEAAAHGESDPMKGVSENIMLGQLAPAGTGCFDLLLDAEKCKYGMEIPTNIPGLGAAGPTGMFFGSAPSPMGGISPAMTPWNQGATPAYGAWSPSVGSGMTPGAAGFSPSAASDASGFSPGYSPAWSPTPGSPGSPGPSSPYIPSPGGAMSPSYSPTSPAYEPRSPGGYTPQSPSYSPTSPSYSPTSPSYSPTSPNYSPTSPSYSPTSPSYSPTSPSYSPTSPSYSPTSPSYSPTSPSYSPTSPSYSPTSPSYSPTSPSYSPTSPSYSPTSPSYSPTSPSYSPTSPSYSPTSPSYSPTSPSYSPTSPNYSPTSPNYTPTSPSYSPTSPSYSPTSPNYTPTSPNYSPTSPSYSPTSPSYSPTSPSYSPSSPRYTPQSPTYTPSSPSYSPSSPSYSPASPKYTPTSPSYSPSSPEYTPTSPKYSPTSPKYSPTSPKYSPTSPTYSPTTPKYSPTSPTYSPTSPVYTPTSPKYSPTSPTYSPTSPKYSPTSPTYSPTSPKGSTYSPTSPGYSPTSPTYSLTSPAISPDDSDEEN,N/A,1593-1960,1970,['YSPTSPAYEPRSPGGYTPQSPSYSPTSPSYSPTSPSYSPTSPNYSPTSPSYSPTSPSYSPTSPSYSPTSPSYSPTSPSYSPTSPSYSPTSPSYSPTSPSYSPTSPSYSPTSPSYSPTSPSYSPTSPSYSPTSPSYSPTSPSYSPTSPSYSPTSPNYSPTSPNYTPTSPSYSPTSPSYSPTSPNYTPTSPNYSPTSPSYSPTSPSYSPTSPSYSPSSPRYTPQSPTYTPSSPSYSPSSPSYSPASPKYTPTSPSYSPSSPEYTPTSPKYSPTSPKYSPTSPKYSPTSPTYSPTTPKYSPTSPTYSPTSPVYTPTSPKYSPTSPTYSPTSPKYSPTSPTYSPTSPKGSTYSPTSPGYSPTSPTYSLTSPA']
Q92777,MMNFLRRRLSDSSFIANLPNGYMTDLQRPEPQQPPPPPPPGPGAASASAAPPTASPGPERRPPPASAPAPQPAPTPSVGSSFFSSLSQAVKQTAASAGLVDAPAPAPAAARKAKVLLVVDEPHADWAKCFRGKKVLGDYDIKVEQAEFSELNLVAHADGTYAVDMQVLRNGTKVVRSFRPDFVLIRQHAFGMAENEDFRHLIIGMQYAGLPSINSLESIYNFCDKPWVFAQLVAIYKTLGGEKFPLIEQTYYPNHKEMLTLPTFPVVVKIGHAHSGMGKVKVENHYDFQDIASVVALTQTYATAEPFIDSKYDIRVQKIGNNYKAYMRTSISGNWKTNTGSAMLEQIAMSDRYKLWVDTCSEMFGGLDICAVKAVHGKDGKDYIFEVMDCSMPLIGEHQVEDRQLITELVISKMNQLLSRTPALSPQRPLTTQQPQSGTLKDPDSSKTPPQRPPPQGGPGQPQGMQPPGKVLPPRRLPPGPSLPPSSSSSSSSSSSAPQRPGGPTTHGDAPSSSSSLAEAQPPLAAPPQKPQPHPQLNKSQSLTNAFSFSESSFFRSSANEDEAKAETIRSLRKSFASLFSD,N/A,421-582,582,['TPALSPQRPLTTQQPQSGTLKDPDSSKTPPQRPPPQGGPGQPQGMQPPGKVLPPRRLPPGPSLPPSSSSSSSSSSSAPQRPGGPTTHGDAPSSSSSLAEAQPPLAAPPQKPQPHPQLNKSQSLTNAFSFSESSFFRSSANEDEAKAETIRSLRKSFASLFSD']
P23771,MEVTADQPRWVSHHHPAVLNGQHPDTHHPGLSHSYMDAAQYPLPEEVDVLFNIDGQGNHVPPYYGNSVRATVQRYPPTHHGSQVCRPPLLHGSLPWLDGGKALGSHHTASPWNLSPFSKTSIHHGSPGPLSVYPPASSSSLSGGHASPHLFTFPPTPPKDVSPDPSLSTPGSAGSARQDEKECLKYQVPLPDSMKLESSHSRGSMTALGGASSSTHHPITTYPPYVPEYSSGLFPPSSLLGGSPTGFGCKSRPKARSSTGRECVNCGATSTPLWRRDGTGHYLCNACGLYHKMNGQNRPLIKPKRRLSAARRAGTSCANCQTTTTTLWRRNANGDPVCNACGLYYKLHNINRPLTMKKEGIQTRNRKMSSKSKKCKKVHDSLEDFPKNSSFNPAALSRHMSSLSHISPFSHSSHMLTTPTPMHPPSSLSFGPHHPSSMVTAMG,1) TFF1e eRNA (not required but promotes LLPS),105-260,443,['SHHTASPWNLSPFSKTSIHHGSPGPLSVYPPASSSSLSGGHASPHLFTFPPTPPKDVSPDPSLSTPGSAGSARQDEKECLKYQVPLPDSMKLESSHSRGSMTALGGASSSTHHPITTYPPYVPEYSSGLFPPSSLLGGSPTGFGCKSRPKARSSTG']
Q92804,MSDSGSYGQSGGEQQSYSTYGNPGSQGYGQASQSYSGYGQTTDSSYGQNYSGYSSYGQSQSGYSQSYGGYENQKQSSYSQQPYNNQGQQQNMESSGSQGGRAPSYDQPDYGQQDSYDQQSGYDQHQGSYDEQSNYDQQHDSYSQNQQSYHSQRENYSHHTQDDRRDVSRYGEDNRGYGGSQGGGRGRGGYDKDGRGPMTGSSGGDRGGFKNFGGHRDYGPRTDADSESDNSDNNTIFVQGLGEGVSTDQVGEFFKQIGIIKTNKKTGKPMINLYTDKDTGKPKGEATVSFDDPPSAKAAIDWFDGKEFHGNIIKVSFATRRPEFMRGGGSGGGRRGRGGYRGRGGFQGRGGDPKSGDWVCPNPSCGNMNFARRNSCNQCNEPRPEDSRPSGGDFRGRGYGGERGYRGRGGRGGDRGGYGGDRSGGGYGGDRSSGGGYSGDRSGGGYGGDRSGGGYGGDRGGGYGGDRGGGYGGDRGGGYGGDRGGYGGDRGGGYGGDRGGYGGDRGGYGGDRGGYGGDRGGYGGDRSRGGYGGDRGGGSGYGGDRSGGYGGDRSGGGYGGDRGGGYGGDRGGYGGKMGGRNDYRNDQRNRPY,"1) poly(ADP-ribose) (drives LLPS nucleation in cells)
2) RNA (induces/inhibits droplet formation in low/high concentrations)",1-180; 181-216; 234-320,592,"['MSDSGSYGQSGGEQQSYSTYGNPGSQGYGQASQSYSGYGQTTDSSYGQNYSGYSSYGQSQSGYSQSYGGYENQKQSSYSQQPYNNQGQQQNMESSGSQGGRAPSYDQPDYGQQDSYDQQSGYDQHQGSYDEQSNYDQQHDSYSQNQQSYHSQRENYSHHTQDDRRDVSRYGEDNRGYGGS', 'QGGGRGRGGYDKDGRGPMTGSSGGDRGGFKNFGGHR', 'NTIFVQGLGEGVSTDQVGEFFKQIGIIKTNKKTGKPMINLYTDKDTGKPKGEATVSFDDPPSAKAAIDWFDGKEFHGNIIKVSFATR']"
Q75E28,MSLVNSHSSASVENAAYNLHRAFSSSTENVGHMTPSNSSPLHHSTVVAMGAESQGGGASNNNNNPANPGSTANNNSNNVNMNSIGGGASLGAGSGATGSISGTKGMNNSHSPLHIATMLNTLSMNSNPPSQQQSNVQGPYLVRLQNVPKDTTLRECHALFALAHGVLSIELSSFQQYAERSQTSGQESTNYIVAKFDSLHLACQYATILDEKAQIFGPSFPFKTYVEVVDELTQQQIPFQTQMQMHQGSPPAPTHVTAYQQPLLSASGVVSPPQSASSVKRPSLLVQRSRFSFTDPFSSEQTNMGSQQPDLITTPLKGHQDTGKSFLLMESDEINDSIWGNGTGIPSSISGLTTSQPPTPHLEWGTTGRRQSSTFYPSQSNTEIPPMHLTGQVQSSQLATGLQQPLPQPQRQSLSYNLVTPLSSDMNLPPQSSQGGILPHQAPAQTQPQSQALQHHQHLHHQQQQLQQQQHHLQQQQHQQQQQSLSQQPQQQQSQQSQAHSQQHQQQHQQQQQQQQPQQQQPQQHPPQQPQQQNSQQAIVGQSQQQVTSGQQKGSSRNSISKTLQVNGPKNAAAALQNTNGISQVDLSLLAKVPPPANPADQNPPCNTLYVGNLPPDATEQELRQLFSSQKGFRRLSFRNKNNNGNGHGPMCFVEFEDVAHATRALAELYGSQLARTSGTHNNKGGIRLSFSKNPLGVRGPNSRRGGATNNTSNAGTTNYSYAAAFGKS,"1) specific RNAs (via RRM, not strictly required)",461-553; 606-694,729,"['HQQQQLQQQQHHLQQQQHQQQQQSLSQQPQQQQSQQSQAHSQQHQQQHQQQQQQQQPQQQQPQQHPPQQPQQQNSQQAIVGQSQQQVTSGQQK', 'CNTLYVGNLPPDATEQELRQLFSSQKGFRRLSFRNKNNNGNGHGPMCFVEFEDVAHATRALAELYGSQLARTSGTHNNKGGIRLSFSKN']"
O43781,MGGTARGPGRKDAGPPGAGLPPQQRRLGDGVYDTFMMIDETKCPPCSNVLCNPSEPPPPRRLNMTTEQFTGDHTQHFLDGGEMKVEQLFQEFGNRKSNTIQSDGISDSEKCSPTVSQGKSSDCLNTVKSNSSSKAPKVVPLTPEQALKQYKHHLTAYEKLEIINYPEIYFVGPNAKKRHGVIGGPNNGGYDDADGAYIHVPRDHLAYRYEVLKIIGKGSFGQVARVYDHKLRQYVALKMVRNEKRFHRQAAEEIRILEHLKKQDKTGSMNVIHMLESFTFRNHVCMAFELLSIDLYELIKKNKFQGFSVQLVRKFAQSILQSLDALHKNKIIHCDLKPENILLKHHGRSSTKVIDFGSSCFEYQKLYTYIQSRFYRAPEIILGSRYSTPIDIWSFGCILAELLTGQPLFPGEDEGDQLACMMELLGMPPPKLLEQSKRAKYFINSKGIPRYCSVTTQADGRVVLVGGRSRRGKKRGPPGSKDWGTALKGCDDYLFIEFLKRCLHWDPSARLTPAQALRHPWISKSVPRPLTTIDKVSGKRVVNPASAFQGLGSKLPPVVGIANKLKANLMSETNGSIPLCSVLPKLIS,N/A,1-188,588,['MGGTARGPGRKDAGPPGAGLPPQQRRLGDGVYDTFMMIDETKCPPCSNVLCNPSEPPPPRRLNMTTEQFTGDHTQHFLDGGEMKVEQLFQEFGNRKSNTIQSDGISDSEKCSPTVSQGKSSDCLNTVKSNSSSKAPKVVPLTPEQALKQYKHHLTAYEKLEIINYPEIYFVGPNAKKRHGVIGGPNNG']
Q9W1V3,MGKPGFSPRGGGGGGGGGGGGFRGRGGGGGGGGGGFGGGRGRGGGGDRGGRGGFGGGRGGGGRGGGGGGGRGAFGGRGGGGGRGGGGRGGGGRGGGGRGGGAGGFKGGKTVTIEPHRHEGVFIARGKEDALVTRNFVPGSEVYGEKRISVETNGEKIEYRVWNPFRSKLAAAVLGGVEQIHMPPGSKVLYLGAASGTTVSHVSDVVGPEGLVYAVEFSHRSGRDLINVAKKRTNIIPIIEDARHPHKYRMLVGMVDTIFADVAQPDQGRIVALNAQHFLKNGGHFVISIKASCIDSTAQPEAVFAAEVKKMQADKLKPQEQLTLEPYERDHAVVVGVYRPPPKQ,"1) rDNA (modulates the kinetics, variability of the process but not required)",1-344,344,['MGKPGFSPRGGGGGGGGGGGGFRGRGGGGGGGGGGFGGGRGRGGGGDRGGRGGFGGGRGGGGRGGGGGGGRGAFGGRGGGGGRGGGGRGGGGRGGGGRGGGAGGFKGGKTVTIEPHRHEGVFIARGKEDALVTRNFVPGSEVYGEKRISVETNGEKIEYRVWNPFRSKLAAAVLGGVEQIHMPPGSKVLYLGAASGTTVSHVSDVVGPEGLVYAVEFSHRSGRDLINVAKKRTNIIPIIEDARHPHKYRMLVGMVDTIFADVAQPDQGRIVALNAQHFLKNGGHFVISIKASCIDSTAQPEAVFAAEVKKMQADKLKPQEQLTLEPYERDHAVVVGVYRPPPKQ']
Q07352,MTTTLVSATIFDLSEVLCKGNKMLNYSAPSAGGCLLDRKAVGTPAGGGFPRRHSVTLPSSKFHQNQLLSSLKGEPAPALSSRDSRFRDRSFSEGGERLLPTQKQPGGGQVNSSRYKTELCRPFEENGACKYGDKCQFAHGIHELRSLTRHPKYKTELCRTFHTIGFCPYGPRCHFIHNAEERRALAGARDLSADRPRLQHSFSFAGFPSAAATAAATGLLDSPTSITPPPILSADDLLGSPTLPDGTNNPFAFSSQELASLFAPSMGLPGGGSPTTFLFRPMSESPHMFDSPPSPQDSLSDQEGYLSSSSSSHSGSDSPTLDNSRRLPIFSRLSISDD,"1) ER membrane (TIS granules intertwined with it)
2) mRNA
3) membrane proteins",1-338,338,['MTTTLVSATIFDLSEVLCKGNKMLNYSAPSAGGCLLDRKAVGTPAGGGFPRRHSVTLPSSKFHQNQLLSSLKGEPAPALSSRDSRFRDRSFSEGGERLLPTQKQPGGGQVNSSRYKTELCRPFEENGACKYGDKCQFAHGIHELRSLTRHPKYKTELCRTFHTIGFCPYGPRCHFIHNAEERRALAGARDLSADRPRLQHSFSFAGFPSAAATAAATGLLDSPTSITPPPILSADDLLGSPTLPDGTNNPFAFSSQELASLFAPSMGLPGGGSPTTFLFRPMSESPHMFDSPPSPQDSLSDQEGYLSSSSSSHSGSDSPTLDNSRRLPIFSRLSISDD']
P32588,MSENNEEQHQQQQQQQPVAVETPSAVEAPASADPSSEQSVAVEGNSEQAEDNQGENDPSVVPANAITGGRETSDRVLYVGNLDKAITEDILKQYFQVGGPIANIKIMIDKNNKNVNYAFVEYHQSHDANIALQTLNGKQIENNIVKINWAFQSQQSSSDDTFNLFVGDLNVNVDDETLRNAFKDFPSYLSGHVMWDMQTGSSRGYGFVSFTSQDDAQNAMDSMQGQDLNGRPLRINWAAKRDNNNNNNYQQRRNYGNNNRGGFRQYNSNNNNNMNMGMNMNMNMNMNNSRGMPPSSMGMPIGAMPLPSQGQPQQSQTIGLPPQVNPQAVDHIIRSAPPRVTTAYIGNIPHFATEADLIPLFQNFGFILDFKHYPEKGCCFIKYDTHEQAAVCIVALANFPFQGRNLRTGWGKERSNFMPQQQQQGGQPLIMNDQQQPVMSEQQQQQQQQQQQQ,1) RNA (inhibits phase separation),1-453,453,['MSENNEEQHQQQQQQQPVAVETPSAVEAPASADPSSEQSVAVEGNSEQAEDNQGENDPSVVPANAITGGRETSDRVLYVGNLDKAITEDILKQYFQVGGPIANIKIMIDKNNKNVNYAFVEYHQSHDANIALQTLNGKQIENNIVKINWAFQSQQSSSDDTFNLFVGDLNVNVDDETLRNAFKDFPSYLSGHVMWDMQTGSSRGYGFVSFTSQDDAQNAMDSMQGQDLNGRPLRINWAAKRDNNNNNNYQQRRNYGNNNRGGFRQYNSNNNNNMNMGMNMNMNMNMNNSRGMPPSSMGMPIGAMPLPSQGQPQQSQTIGLPPQVNPQAVDHIIRSAPPRVTTAYIGNIPHFATEADLIPLFQNFGFILDFKHYPEKGCCFIKYDTHEQAAVCIVALANFPFQGRNLRTGWGKERSNFMPQQQQQGGQPLIMNDQQQPVMSEQQQQQQQQQQQQ']
O60563,MEGERKNNNKRWYFTREQLENSPSRRFGVDPDKELSYRQQAANLLQDMGQRLNVSQLTINTAIVYMHRFYMIQSFTQFPGNSVAPAALFLAAKVEEQPKKLEHVIKVAHTCLHPQESLPDTRSEAYLQQVQDLVILESIILQTLGFELTIDHPHTHVVKCTQLVRASKDLAQTSYFMATNSLHLTTFSLQYTPPVVACVCIHLACKWSNWEIPVSTDGKHWWEYVDATVTLELLDELTHEFLQILEKTPNRLKRIWNWRACEAAKKTKADDRGTDEKTSEQTILNMISQSSSDTTIAGLMSMSTSTTSAVPSLPVSEESSSNLTSVEMLPGKRWLSSQPSFKLEPTQGHRTSENLALTGVDHSLPQDGSNAFISQKQNSKSVPSAKVSLKEYRAKHAEELAAQKRQLENMEANVKSQYAYAAQNLLSHHDSHSSVILKMPIEGSENPERPFLEKADKTALKMRIPVAGGDKAASSKPEEIKMRIKVHAAADKHNSVEDSVTKSREHKEKHKTHPSNHHHHHNHHSHKHSHSQLPVGTGNKRPGDPKHSSQTSNLAHKTYSLSSSFSSSSSTRKRGPSEETGGAVFDHPAKIAKSTKSSSLNFSFPSLPTMGQMPGHSSDTSGLSFSQPSCKTRVPHSKLDKGPTGANGHNTTQTIDYQDTVNMLHSLLSAQGVQPTQPTAFEFVRPYSDYLNPRSGGISSRSGNTDKPRPPPLPSEPPPPLPPLPK,N/A,462-654,726,['MRIPVAGGDKAASSKPEEIKMRIKVHAAADKHNSVEDSVTKSREHKEKHKTHPSNHHHHHNHHSHKHSHSQLPVGTGNKRPGDPKHSSQTSNLAHKTYSLSSSFSSSSSTRKRGPSEETGGAVFDHPAKIAKSTKSSSLNFSFPSLPTMGQMPGHSSDTSGLSFSQPSCKTRVPHSKLDKGPTGANGHNTTQT']
Q60598,MWKASAGHAVSITQDDGGADDWETDPDFVNDVSEKEQRWGAKTVQGSGHQEHINIHKLRENVFQEHQTLKEKELETGPKASHGYGGKFGVEQDRMDRSAVGHEYQSKLSKHCSQVDSVRGFGGKFGVQMDRVDQSAVGFEYQGKTEKHASQKDYSSGFGGKYGVQADRVDKSAVGFDYQGKTEKHESQKDYSKGFGGKYGIDKDKVDKSAVGFEYQGKTEKHESQKDYVKGFGGKFGVQTDRQDKCALGWDHQEKLQLHESQKDYKTGFGGKFGVQSERQDSSAVGFDYKERLAKHESQQDYAKGFGGKYGVQKDRMDKNASTFEEVVQVPSAYQKTVPIEAVTSKTSNIRANFENLAKEREQEDRRKAEAERAQRMAKERQEQEEARRKLEEQARAKKQTPPASPSPQPIEDRPPSSPIYEDAAPFKAEPSYRGSEPEPEYSIEAAGIPEAGSQQGLTYTSEPVYETTEAPGHYQAEDDTYDGYESDLGITAIALYDYQAAGDDEISFDPDDIITNIEMIDDGWWRGVCKGRYGLFPANYVELRQ,N/A,84-330,546,['YGGKFGVEQDRMDRSAVGHEYQSKLSKHCSQVDSVRGFGGKFGVQMDRVDQSAVGFEYQGKTEKHASQKDYSSGFGGKYGVQADRVDKSAVGFDYQGKTEKHESQKDYSKGFGGKYGIDKDKVDKSAVGFEYQGKTEKHESQKDYVKGFGGKFGVQTDRQDKCALGWDHQEKLQLHESQKDYKTGFGGKFGVQSERQDSSAVGFDYKERLAKHESQQDYAKGFGGKYGVQKDRMDKNASTFEEVVQV']
